representation,classifier,balanced_accuracy_R_R,balanced_accuracy_S_S,balanced_accuracy_R_S,balanced_accuracy_S_R,balanced_accuracy_mean_cross_device,balanced_accuracy_mean_device_gap
classical,svm_rbf,0.5445205602722573,0.5609554068770584,0.5010601527694499,0.4900845758916293,0.4955723643305396,0.0571656192441181
data2vec_audio,svm_rbf,0.5570175664386273,0.5827052011516136,0.5285979261366857,0.524438556202348,0.5265182411695168,0.0433431426256036
data2vec_fusion,svm_rbf,0.5847320231551707,0.6069170939870042,0.5437035116180879,0.5312166060208726,0.5374600588194802,0.0583644997516072
data2vec_spectrogram,svm_rbf,0.5777444300165392,0.5874051420788193,0.5084766026647628,0.5310121849740057,0.5197443938193842,0.0628303922282951
full_fusion,svm_rbf,0.5822842339084535,0.5986718300528613,0.5256142142711364,0.5459697115958617,0.5357919629334991,0.0546860690471583
full_fusion_v2,svm_rbf,0.5734834240184552,0.5978329372298714,0.5254436763265622,0.5502355474404574,0.5378396118835098,0.0478185687406534
hubert,svm_rbf,0.5838606294429733,0.6060859121488635,0.535929046297993,0.5652976667176312,0.5506133565078121,0.0443599142881063
wav2vec2,svm_rbf,0.5455748512652955,0.5707319785886519,0.516349598636045,0.522789017392691,0.519569308014368,0.0385841069126057
wavlm,svm_rbf,0.5649893590292968,0.5778905758569707,0.5352713720773258,0.5387202749322956,0.5369958235048107,0.034444143938323
