representation,classifier,feature_dimension,f1_R_R,f1_S_S,f1_R_S,f1_S_R,f1_gap_R_to_S,f1_gap_S_to_R,f1_mean_matched,f1_mean_cross_device,f1_mean_device_gap,balanced_accuracy_R_R,balanced_accuracy_S_S,balanced_accuracy_R_S,balanced_accuracy_S_R,balanced_accuracy_gap_R_to_S,balanced_accuracy_gap_S_to_R,balanced_accuracy_mean_matched,balanced_accuracy_mean_cross_device,balanced_accuracy_mean_device_gap,roc_auc_R_R,roc_auc_S_S,roc_auc_R_S,roc_auc_S_R,roc_auc_gap_R_to_S,roc_auc_gap_S_to_R,roc_auc_mean_matched,roc_auc_mean_cross_device,roc_auc_mean_device_gap,mcc_R_R,mcc_S_S,mcc_R_S,mcc_S_R,mcc_gap_R_to_S,mcc_gap_S_to_R,mcc_mean_matched,mcc_mean_cross_device,mcc_mean_device_gap,sensitivity_R_R,sensitivity_S_S,sensitivity_R_S,sensitivity_S_R,sensitivity_gap_R_to_S,sensitivity_gap_S_to_R,sensitivity_mean_matched,sensitivity_mean_cross_device,sensitivity_mean_device_gap,specificity_R_R,specificity_S_S,specificity_R_S,specificity_S_R,specificity_gap_R_to_S,specificity_gap_S_to_R,specificity_mean_matched,specificity_mean_cross_device,specificity_mean_device_gap
classical,mlp,52,0.44280255157893045,0.4538258863153829,0.04731807492978749,0.05256449040187562,0.39548447664914294,0.4012613959135073,0.4483142189471567,0.04994128266583156,0.3983729362813251,0.5283454358494114,0.5429262130120123,0.49194446641404505,0.49311608603691737,0.03640096943536636,0.049810126975094904,0.5356358244307118,0.4925302762254812,0.043105548205230604,0.5649684445116787,0.5743541924679295,0.5252754640165522,0.4843539608298932,0.039692980495126484,0.09000023163803633,0.5696613184898041,0.5048147124232227,0.06484660606658132,0.060629532361048843,0.09030156015291364,-0.04213973483834256,-0.03434263458701716,0.1027692671993914,0.1246441947399308,0.07546554625698124,-0.03824118471267986,0.1137067309696611,0.37441556179945956,0.3896109472742211,0.02617428550640479,0.028758012300505648,0.3482412762930548,0.3608529349737154,0.3820132545368403,0.02746614890345522,0.3545471056333851,0.6822753098993631,0.6962414787498036,0.9577146473216855,0.957474159773329,-0.2754393374223224,-0.26123268102352537,0.6892583943245834,0.9575944035475072,-0.2683360092229239
classical,random_forest,52,0.49846437526832554,0.4832482719286255,0.11152003913831039,0.030348998839229608,0.38694433613001517,0.4528992730893959,0.49085632359847553,0.07093451898877,0.4199218046097055,0.5561903649783992,0.5685445419868869,0.5106571395926093,0.500344378862364,0.045533225385789966,0.06820016312452282,0.562367453482643,0.5055007592274867,0.056866694255156336,0.594486242125676,0.6018072533737181,0.5862633323046114,0.5698367525032358,0.008222909821064661,0.031970500870482255,0.5981467477496971,0.5780500424039237,0.020096705345773458,0.11710007452028492,0.1465947255375573,0.04439365383990286,0.0006343348143903929,0.07270642068038206,0.1459603907231669,0.13184740002892112,0.022513994327146628,0.1093334057017745,0.4461382352626727,0.40786073384047483,0.0654561998190518,0.015848166342550162,0.3806820354436209,0.3920125674979247,0.42699948455157377,0.040652183080800985,0.3863473014707728,0.6662424946941256,0.7292283501332989,0.9558580793661667,0.9848405913821783,-0.2896155846720412,-0.2556122412488794,0.6977354224137122,0.9703493353741726,-0.27261391296046034
classical,svm_rbf,52,0.48698838893295626,0.4968920187528044,0.007512529546190136,0.06633552284741531,0.4794758593867661,0.43055649590538914,0.49194020384288034,0.036924026196802726,0.4550161776460776,0.5445205602722573,0.5609554068770584,0.5010601527694499,0.49008457589162935,0.04346040750280733,0.07087083098542901,0.5527379835746578,0.49557236433053964,0.057165619244118115,0.5803348527634118,0.5797292828259971,0.49841363705783676,0.47757158190665533,0.08192121570557503,0.10215770091934179,0.5800320677947044,0.48799260948224604,0.09203945831245836,0.09289697547581564,0.12596355364674405,0.006085086545583949,-0.046835905767001355,0.0868118889302317,0.17279945941374542,0.10943026456127986,-0.020375409610708703,0.12980567417198857,0.4324972435204043,0.43806301020247285,0.003839374307774851,0.04218754575037655,0.42865786921262944,0.3958754644520963,0.4352801268614386,0.023013460029075703,0.41226666683236285,0.6565438770241101,0.6838478035516441,0.9982809312311248,0.937981606032882,-0.3417370542070147,-0.25413380248123796,0.6701958402878772,0.9681312686320034,-0.29793542834412623
classical,xgboost,52,0.5030781775594303,0.46108712455191353,0.043049393001305725,0.05237326890792886,0.46002878455812457,0.40871385564398466,0.48208265105567194,0.04771133095461729,0.43437132010105467,0.555481071351112,0.5503223961813035,0.5032862907071689,0.5001231647430728,0.05219478064394312,0.050199231438230685,0.5529017337662078,0.5017047277251209,0.0511970060410869,0.5893085675001449,0.5851368551089157,0.5742048206752062,0.5537039105618133,0.015103746824938757,0.031432944547102326,0.5872227113045303,0.5639543656185098,0.023268345686020542,0.11510585464890473,0.10672830520078436,0.018263813160907316,0.0031240005531701113,0.09684204148799741,0.10360430464761425,0.11091707992484454,0.010693906857038714,0.10022317306780582,0.4536303274600043,0.3842251148096609,0.023119070705449822,0.028449127165557652,0.4305112567545545,0.35577598764410323,0.41892772113483256,0.025784098935503735,0.39314362219932886,0.6573318152422197,0.716419677552946,0.9834535107088879,0.9717972023205881,-0.32612169546666814,-0.2553775247676421,0.6868757463975829,0.9776253565147379,-0.29074961011715506
data2vec_audio,mlp,768,0.5354040666990969,0.580512174036661,0.4454743656348071,0.4109447549851425,0.08992970106428982,0.1695674190515185,0.557958120367879,0.4282095603099748,0.12974856005790414,0.5445726138585258,0.5788668809937568,0.5356367242070302,0.5231702494929895,0.00893588965149561,0.05569663150076731,0.5617197474261413,0.5294034868500099,0.03231626057613135,0.5737055685877271,0.6220430447591104,0.5622578280105497,0.5396135841224937,0.011447740577177457,0.08242946063661671,0.5978743066734188,0.5509357060665216,0.04693860060689714,0.09082152972458798,0.15868082738692452,0.07546093222678465,0.05065523431596628,0.01536059749780333,0.10802559307095824,0.12475117855575625,0.06305808327137546,0.061693095284380786,0.5327693918483365,0.5856711887985944,0.41333953405093,0.36564203306115617,0.1194298577974065,0.2200291557374382,0.5592202903234654,0.38949078355604305,0.16972950676742238,0.5563758358687154,0.5720625731889191,0.6579339143631303,0.6806984659248229,-0.1015580784944149,-0.1086358927359038,0.5642192045288172,0.6693161901439766,-0.10509698561515934
data2vec_audio,random_forest,768,0.5307145753823679,0.572435186654987,0.45794161101091635,0.3076385870264328,0.07277296437145153,0.26479659962855423,0.5515748810186775,0.38279009901867456,0.1687847820000029,0.554657455127854,0.5759947663539476,0.5281310627495592,0.5208665195080185,0.026526392378294794,0.055128246845929096,0.5653261107409009,0.5244987911287888,0.040827319612112056,0.585951511878269,0.6150658668645985,0.5594829325403102,0.5570197095834019,0.026468579337958764,0.058046157281196664,0.6005086893714338,0.558251321061856,0.042257368309577714,0.11138271101848518,0.15309406874117695,0.057764112888628025,0.051485579322820586,0.053618598129857156,0.10160848941835637,0.13223838987983105,0.05462484610572431,0.07761354377410674,0.510890128709341,0.567840396037077,0.407056480023272,0.21986885394632294,0.10383364868606904,0.3479715420907541,0.539365262373209,0.31346266698479747,0.22590259538841156,0.5984247815463667,0.584149136670818,0.6492056454758466,0.8218641850697141,-0.05078086392947989,-0.23771504839889612,0.5912869591085923,0.7355349152727804,-0.14424795616418806
data2vec_audio,svm_rbf,768,0.528697351780832,0.5641338592785792,0.38050021848449245,0.31814991004151505,0.14819713329633954,0.24598394923706413,0.5464156055297056,0.34932506426300375,0.19709054126670184,0.5570175664386273,0.5827052011516136,0.5285979261366857,0.524438556202348,0.028419640301941662,0.05826664494926559,0.5698613837951205,0.5265182411695168,0.04334314262560368,0.5885712584338524,0.621756472771551,0.560847166839118,0.5455849645003152,0.027724091594734435,0.07617150827123575,0.6051638656027016,0.5532160656697166,0.05194779993298504,0.1165626615306546,0.16653438167710427,0.06385682323720854,0.06038064704928083,0.052705838293446064,0.10615373462782343,0.14154852160387943,0.06211873514324469,0.07942978646063474,0.5020382526309227,0.5395418647695622,0.29621339022750115,0.24168204348196393,0.20582486240342157,0.2978598212875983,0.5207900587002425,0.2689477168547325,0.25184234184551,0.611996880246332,0.6258685375336648,0.7609824620458701,0.807195068922732,-0.14898558179953802,-0.18132653138906718,0.6189327088899984,0.784088765484301,-0.16515605659430255
data2vec_audio,xgboost,768,0.5361350935955953,0.5716398640239341,0.459783600879196,0.29141695842838133,0.0763514927163993,0.28022290559555274,0.5538874788097647,0.37560027965378867,0.17828719915597607,0.5549169429916028,0.581533661222228,0.5313235825527518,0.5107707199491891,0.023593360438850963,0.07076294127303895,0.5682253021069155,0.5210471512509705,0.04717815085594501,0.585177759514153,0.6215973324576162,0.5687519576936225,0.5331194360354967,0.01642580182053044,0.08847789642211945,0.6033875459858846,0.5509356968645596,0.052451849121325056,0.11160971329856213,0.16389911539951982,0.06527671776715463,0.03020964094737653,0.0463329955314075,0.1336894744521433,0.13775441434904098,0.04774317935726558,0.09001123499177541,0.5192879604911518,0.5579290093581653,0.40334779811044763,0.2063359527964149,0.11594016238070415,0.35159305656175033,0.5386084849246585,0.3048418754534313,0.23376660947122724,0.5905459254920535,0.6051383130862911,0.6592993669950559,0.8152054871019633,-0.06875344150300233,-0.2100671740156722,0.5978421192891723,0.7372524270485096,-0.13941030775933727
data2vec_fusion,mlp,1536,0.5303441599339218,0.5724458586073166,0.4022582052751855,0.40616830806921234,0.1280859546587363,0.16627755053810422,0.5513950092706192,0.40421325667219893,0.1471817525984203,0.5667250133711004,0.5932884289322844,0.54610881532876,0.5338986234727616,0.020616198042340383,0.05938980545952277,0.5800067211516924,0.5400037194007608,0.04000300175093163,0.6071975364375818,0.6361262214079659,0.5829911973195041,0.5683668012928533,0.02420633911807768,0.0677594201151126,0.6216618789227739,0.5756789993061787,0.045982879616595196,0.13598129456322075,0.1893660608548345,0.10986807946423391,0.08176157528888152,0.02611321509898684,0.10760448556595299,0.16267367770902763,0.09581482737655772,0.06685885033246991,0.49100183782673745,0.5479131986381561,0.34465988449073676,0.36988436637987,0.1463419533360007,0.17802883225828614,0.5194575182324468,0.3572721254353034,0.1621853927971434,0.6424481889154634,0.638663659226413,0.7475577461667833,0.6979128805656531,-0.10510955725131987,-0.059249221339240155,0.6405559240709382,0.7227353133662182,-0.08217938929528001
data2vec_fusion,random_forest,1536,0.5397199964777515,0.5686150977764111,0.35571572019886066,0.3084444483420702,0.18400427627889082,0.2601706494343409,0.5541675471270813,0.3320800842704654,0.22208746285661585,0.5624644347527947,0.5868403605838726,0.535957633591748,0.5212351207416986,0.026506801161046756,0.06560523984217392,0.5746523976683336,0.5285963771667233,0.046056020501610395,0.6030942354805363,0.6298519667116068,0.5978519142969915,0.5725115556426217,0.00524232118354484,0.05734041106898513,0.6164731010960716,0.5851817349698065,0.03129136612626504,0.12602107754351785,0.17526641778886817,0.08604265790389376,0.051067739418940127,0.03997841963962409,0.12419867836992804,0.150643747666193,0.06855519866141695,0.08208854900477607,0.5122588815997179,0.5464906142190546,0.26054561856530417,0.23832301582808052,0.2517132630344137,0.30816759839097413,0.5293747479093862,0.24943431719669235,0.27994043071269387,0.6126699879058717,0.6271901069486903,0.8113696486181917,0.8041472256553168,-0.19869966071232004,-0.17695711870662656,0.619930047427281,0.8077584371367543,-0.18782838970947335
data2vec_fusion,svm_rbf,1536,0.5824555674192857,0.591092682018249,0.3553205853938586,0.36857592997827715,0.22713498202542715,0.2225167520399719,0.5867741247187674,0.36194825768606786,0.22482586703269958,0.5847320231551707,0.6069170939870042,0.5437035116180879,0.5312166060208726,0.04102851153708276,0.0757004879661316,0.5958245585710875,0.5374600588194802,0.05836449975160729,0.6176959034792888,0.6439182602236285,0.5885869967803646,0.5749954034765498,0.029108906698924186,0.06892285674707876,0.6308070818514586,0.5817912001284572,0.04901588172300142,0.1697607926020718,0.21511242687856957,0.10321578432229953,0.07153142155529785,0.06654500827977228,0.14358100532327173,0.19243660974032067,0.08737360293879869,0.10506300680152199,0.5777815184763785,0.5682667710513851,0.2716053693295124,0.314095107162514,0.3061761491468661,0.25417166388887114,0.5730241447638817,0.2928502382460132,0.28017390651786855,0.5916825278339627,0.6455674169226232,0.8158016539066633,0.7483381048792314,-0.22411912607270057,-0.10277068795660815,0.618624972378293,0.7820698793929473,-0.1634449070146543
data2vec_fusion,xgboost,1536,0.5575283248222231,0.5536915599620846,0.3529650106341255,0.2661456526385847,0.20456331418809764,0.28754590732349994,0.5556099423921539,0.30955533163635507,0.24605461075579882,0.5741366932587926,0.5862812509436484,0.5492187492095008,0.5161093367494789,0.024917944049291818,0.07017191419416946,0.5802089721012205,0.5326640429794898,0.047544929121730695,0.6172199260438855,0.6292112035995112,0.617073757416353,0.5662526571049655,0.00014616862753258353,0.06295854649454569,0.6232155648216984,0.5916632072606592,0.031552357561039135,0.14920262312155386,0.17468811589375363,0.12659008955881812,0.04127135989604695,0.022612533562735737,0.1334167559977067,0.16194536950765376,0.08393072472743254,0.07801464478022122,0.5358486146100027,0.5148030996598816,0.24755638403523555,0.19099940924025055,0.2882922305747671,0.32380369041963103,0.5253258571349422,0.21927789663774305,0.3060479604971991,0.6124247719075828,0.6577594022274148,0.850881114383766,0.8412192642587074,-0.2384563424761832,-0.1834598620312926,0.6350920870674988,0.8460501893212367,-0.2109581022537379
data2vec_spectrogram,mlp,768,0.544875316458365,0.5397397322932191,0.32174597237431596,0.49938138757422185,0.223129344084049,0.0403583447189973,0.542307524375792,0.4105636799742689,0.1317438444015231,0.5752302650455234,0.5792854778822405,0.5366997058563813,0.5385183511801324,0.038530559189142166,0.040767126702108136,0.577257871463882,0.5376090285182569,0.039648842945625096,0.6142000947554604,0.618012336225475,0.5869316375265798,0.5563718235658617,0.027268457228880605,0.061640512659613345,0.6161062154904677,0.5716517305462208,0.044454484944246975,0.15263531936044789,0.1632549590489795,0.08653613274180376,0.08660528800726966,0.06609918661864413,0.07664967104170983,0.1579451392047137,0.0865707103745367,0.071374428830177,0.5102457728840571,0.5037955758013845,0.24226531892403255,0.5023689330377301,0.26798045396002457,0.00142664276365434,0.5070206743427208,0.37231712598088135,0.13470354836183945,0.6402147572069901,0.6547753799630966,0.8311340927887299,0.5746677693225346,-0.1909193355817398,0.08010761064056204,0.6474950685850434,0.7029009310556322,-0.055405862470588874
data2vec_spectrogram,random_forest,768,0.5369784968013838,0.5455495585809785,0.22658861564663116,0.316377693488607,0.31038988115475263,0.22917186509237153,0.5412640276911811,0.27148315456761907,0.269780873123562,0.5597329327966463,0.5752955585455811,0.5261232370206858,0.5134550774828918,0.03360969577596051,0.061840481062689356,0.5675142456711137,0.5197891572517888,0.04772508841932499,0.5979202925244076,0.6186532409222238,0.5975085505492881,0.540117693757681,0.00041174197511950617,0.07853554716454281,0.6082867667233157,0.5688131221534846,0.03947364456983116,0.12064424947375083,0.1528948298649252,0.082846686747361,0.02971394211609596,0.03779756272638983,0.12318088774882924,0.13676953966933802,0.05628031443172848,0.08048922523760954,0.5106310129524395,0.5140140247654336,0.13996601283783508,0.24069255616005653,0.37066500011460446,0.27332146860537704,0.5123225188589365,0.19032928449894582,0.3219932343599907,0.6088348526408529,0.6365770923257283,0.9122804612035365,0.7862175988057271,-0.30344560856268354,-0.14964050647999871,0.6227059724832906,0.8492490300046318,-0.22654305752134118
data2vec_spectrogram,svm_rbf,768,0.5474890138192522,0.5390767490053712,0.10181753536245627,0.4308899141641079,0.4456714784567959,0.10818683484126329,0.5432828814123116,0.26635372476328206,0.27692915664902956,0.5777444300165392,0.5874051420788193,0.5084766026647628,0.5310121849740057,0.06926782735177639,0.056392957104813624,0.5825747860476793,0.5197443938193842,0.06283039222829512,0.6263954389444983,0.6281842625752133,0.5606770954507727,0.5611955773622477,0.06571834349372563,0.06698868521296564,0.6272898507598559,0.5609363364065102,0.06635351435334569,0.15759599496034088,0.1798143546605399,0.04094002096663938,0.06568801685546385,0.1166559739937015,0.11412633780507606,0.1687051748104404,0.053314018911051614,0.11539115589938878,0.5103635093973619,0.48816687909100087,0.057609535060601604,0.37037080060786226,0.45275397433676023,0.11779607848313861,0.49926519424418137,0.21399016783423194,0.2852750264099494,0.6451253506357167,0.6866434050666376,0.9593436702689241,0.6916535693401494,-0.31421831963320734,-0.0050101642735118634,0.6658843778511772,0.8254986198045368,-0.1596142419533596
data2vec_spectrogram,xgboost,768,0.570111167873897,0.545300605213189,0.18343139404735123,0.3813838055698573,0.38667977382654584,0.16391679964333172,0.557705886543543,0.28240759980860425,0.2752982867349388,0.5800852232950899,0.5829121590556927,0.5228895891213647,0.5315634490340886,0.057195634173725196,0.05134871002160413,0.5814986911753913,0.5272265190777267,0.05427217209766466,0.6174915749729537,0.6263850235900124,0.6146708960932709,0.569375066677009,0.0028206788796828475,0.05700995691300337,0.621938299281483,0.5920229813851399,0.029915317896343163,0.16060773879519702,0.16898089707367103,0.07965337426182283,0.07130553180616836,0.08095436453337419,0.09767536526750267,0.16479431793443403,0.07547945303399559,0.08931486490043844,0.5554169512060554,0.5033793756409609,0.10870145788268464,0.32525990136226357,0.44671549332337074,0.17811947427869734,0.5293981634235081,0.2169806796224741,0.31241748380103396,0.6047534953841244,0.6624449424704247,0.9370777203600447,0.7378669967059136,-0.3323242249759203,-0.07542205423548887,0.6335992189272746,0.8374723585329791,-0.20387313960570452
full_fusion,mlp,3840,0.5659998604462553,0.5161183781062424,0.4112050442506427,0.32693146238919074,0.15479481619561258,0.18918691571705165,0.5410591192762488,0.3690682533199167,0.17199086595633212,0.5717016104797559,0.5774915654081841,0.5365317639604278,0.5284171626199741,0.035169846519328085,0.04907440278821007,0.5745965879439701,0.532474463290201,0.04212212465376908,0.6116648154160413,0.627379158370994,0.5858636189729591,0.5607464276982249,0.02580119644308221,0.06663273067276909,0.6195219868935177,0.5733050233355921,0.046216963557925594,0.14435644745158252,0.1603015401866083,0.08009082473632799,0.06590529289102287,0.06426562271525453,0.09439624729558543,0.15232899381909543,0.07299805881367544,0.07933093500541999,0.5616963775301518,0.45751936797203774,0.34385632802023364,0.24098357405852094,0.21784004950991814,0.2165357939135168,0.5096078727510948,0.2924199510393773,0.21718792171171747,0.5817068434293601,0.6974637628443308,0.7292071999006218,0.8158507511814271,-0.1475003564712617,-0.11838698833709638,0.6395853031368455,0.7725289755410245,-0.13294367240417904
full_fusion,random_forest,3840,0.5411021478408313,0.5741272557524908,0.2556386443307013,0.31918722748808526,0.28546350351013,0.25494002826440554,0.5576147017966611,0.2874129359093933,0.27020176588726774,0.5707327741797852,0.5977066752600779,0.5255879266907624,0.5299748353747977,0.04514484748902281,0.0677318398852802,0.5842197247199316,0.52778138103278,0.056438343687151504,0.6166311997486685,0.6437854346876837,0.6022636836697204,0.5820851158998013,0.01436751607894815,0.0617003187878824,0.630208317218176,0.5921743997847608,0.03803391743341522,0.14372042900812615,0.19683458383981897,0.07399861368864094,0.0747634996381053,0.06972181531948521,0.12207108420171367,0.17027750642397255,0.07438105666337312,0.09589644976059943,0.5065371434966437,0.5414713002306647,0.16521565592915,0.22780195059793237,0.3413214875674937,0.3136693496327323,0.5240042218636543,0.1965088032635412,0.32749541860011305,0.6349284048629267,0.6539420502894913,0.8859601974523746,0.8321477201516629,-0.25103179258944797,-0.17820566986217168,0.644435227576209,0.8590539588020187,-0.21461873122580977
full_fusion,svm_rbf,3840,0.5647057206573403,0.569840408401572,0.26423646028271736,0.37115625528921264,0.3004692603746229,0.19868415311235937,0.5672730645294561,0.317696357785965,0.24957670674349114,0.5822842339084535,0.5986718300528613,0.5256142142711364,0.5459697115958617,0.056670019637317104,0.05270211845699957,0.5904780319806574,0.5357919629334991,0.05468606904715834,0.627220558742515,0.6528662036445454,0.579206229057975,0.6019284748962287,0.04801432968454,0.0509377287483167,0.6400433811935302,0.5905673519771019,0.04947602921642835,0.16578234845267495,0.19975398040419418,0.06153050016662992,0.11183963914329438,0.10425184828604503,0.0879143412608998,0.18276816442843458,0.08668506965496214,0.09608309477347243,0.5427045430348179,0.5344989941707434,0.18053506631222804,0.2737502305892182,0.3621694767225898,0.2607487635815252,0.5386017686027806,0.22714264845072313,0.3114591201520575,0.6218639247820894,0.6628446659349793,0.8706933622300447,0.8181891926025052,-0.24882943744795527,-0.15534452666752596,0.6423542953585344,0.844441277416275,-0.20208698205774056
full_fusion,xgboost,3840,0.5455741208388394,0.5758922751633475,0.2519250001059365,0.30009100864596394,0.2936491207329029,0.27580126651738357,0.5607331980010934,0.2760080043759502,0.28472519362514326,0.5751204362281306,0.6010158098691201,0.5277212743948075,0.5291181399811471,0.047399161833323045,0.07189766988797297,0.5880681230486253,0.5284197071879773,0.05964841586064806,0.6221947290222174,0.6530367298585669,0.6111464030563354,0.577966710263549,0.011048325965882011,0.07507001959501791,0.6376157294403921,0.5945565566599422,0.043059172780449906,0.15267523574718395,0.20370599812509854,0.07765773462619557,0.07680683443305886,0.07501750112098837,0.12689916369203968,0.17819061693614124,0.07723228452962722,0.10095833240651403,0.5113191287466768,0.5410136411650882,0.16621401081136444,0.2189327716133674,0.3451051179353124,0.32208086955172077,0.5261663849558825,0.19257339121236594,0.3335929937435166,0.6389217437095843,0.661017978573152,0.8892285379782507,0.8393035083489266,-0.2503067942686664,-0.1782855297757746,0.6499698611413682,0.8642660231635887,-0.21429616202222046
full_fusion_v2,mlp,3072,0.5436921876590964,0.5362811349218608,0.41420091084513794,0.3153924463602028,0.1294912768139585,0.220888688561658,0.5399866612904787,0.3647966786026704,0.17518998268780828,0.5634134635339518,0.5705342788655039,0.546891414769122,0.5267281756437678,0.016522048764829877,0.04380610322173606,0.5669738711997279,0.5368097952064449,0.03016407599328297,0.602407649651002,0.622871538517476,0.5958010495097973,0.5867609697662817,0.006606600141204733,0.03611056875119434,0.6126395940842391,0.5912810096380394,0.021358584446199647,0.12845699085527865,0.14326282577195334,0.109355316155018,0.06761070317299336,0.01910167470026064,0.07565212259895998,0.135859908313616,0.08848300966400569,0.04737689864961031,0.5236501328636747,0.4962967212027006,0.36259939284153264,0.2344397560013653,0.16105074002214204,0.2618569652013353,0.5099734270331876,0.29851957442144894,0.21145385261173866,0.603176794204229,0.6447718365283073,0.731183436696711,0.8190165952861704,-0.12800664249248206,-0.17424475875786316,0.6239743153662681,0.7751000159914407,-0.1511257006251726
full_fusion_v2,random_forest,3072,0.5330016195236353,0.5647407996566423,0.33469254039640167,0.32319313331406974,0.19830907912723367,0.24154766634257252,0.5488712095901388,0.32894283685523573,0.21992837273490307,0.5707602745408387,0.5920523766541432,0.5399475616545638,0.5278046310660973,0.03081271288627485,0.06424774558804591,0.581406325597491,0.5338760963603306,0.047530229237160326,0.6088965812534534,0.6421819252855478,0.6087634014157268,0.5847089910452983,0.00013317983772653808,0.057472934240249574,0.6255392532695006,0.5967361962305126,0.028803057038988,0.14511476951170424,0.18604662088150753,0.10114226601412671,0.06998354159804117,0.04397250349757753,0.11606307928346636,0.1655806951966059,0.08556290380608395,0.08001779139052195,0.4930615185631648,0.5319296160041506,0.235904627083803,0.23104388868496423,0.2571568914793618,0.30088572731918634,0.5124955672836577,0.2334742578843836,0.27902130939927416,0.6484590305185124,0.652175137304136,0.8439904962253246,0.8245653734472306,-0.19553146570681224,-0.17239023614309457,0.6503170839113241,0.8342779348362777,-0.1839608509249535
full_fusion_v2,svm_rbf,3072,0.558771672779906,0.5770610451632627,0.24082048074796095,0.3985325360422565,0.3179511920319451,0.1785285091210062,0.5679163589715843,0.31967650839510875,0.24823985057647557,0.5734834240184552,0.5978329372298714,0.5254436763265622,0.5502355474404574,0.04803974769189301,0.04759738978941397,0.5856581806241633,0.5378396118835098,0.04781856874065349,0.6183640626053732,0.6491333028569057,0.585790915934141,0.6083239724143792,0.032573146671232234,0.04080933044252655,0.6337486827311395,0.5970574441742601,0.03669123855687939,0.14811633229575977,0.1973441999779698,0.06690373933405103,0.11682218527174024,0.08121259296170874,0.08052201470622955,0.17273026613686476,0.09186296230289563,0.08086730383396913,0.5419894859678642,0.5502788043211806,0.15762619201976666,0.30130122524279257,0.38436329394809754,0.24897757907838802,0.5461341451445224,0.22946370863127963,0.3166704365132428,0.6049773620690461,0.6453870701385622,0.8932611606333577,0.7991698696381224,-0.28828379856431163,-0.1537827994995602,0.6251822161038041,0.84621551513574,-0.22103329903193591
full_fusion_v2,xgboost,3072,0.5323435295076624,0.5876994451068982,0.3008739741839023,0.3563813242765673,0.23146955532376007,0.23131812083033088,0.5600214873072803,0.3286276492302348,0.2313938380770455,0.5670214483729995,0.6021381405297033,0.5313795265859764,0.5371222063767067,0.03564192178702308,0.06501593415299656,0.5845797944513513,0.5342508664813416,0.05032892797000976,0.6086476509520935,0.6540946384786506,0.5954827445696246,0.5899201055274805,0.013164906382468922,0.06417453295117004,0.631371144715372,0.5927014250485525,0.038669719666819535,0.1369242622835963,0.20513976046242882,0.08386568054332628,0.09309068940731394,0.05305858174027002,0.11204907105511488,0.17103201137301255,0.08847818497532012,0.08255382639769243,0.4964364971974927,0.5663074018545137,0.2092145610162104,0.2667504384844282,0.28722193618128233,0.29955696337008547,0.5313719495260032,0.2379824997503193,0.29338944977568393,0.6376063995485064,0.637968879204893,0.8535444921557425,0.807493974268985,-0.21593809260723607,-0.16952509506409197,0.6377876393766997,0.8305192332123637,-0.19273159383566396
hubert,mlp,768,0.5353826873512879,0.5525475264231747,0.4182861415864794,0.3945991786714004,0.11709654576480849,0.15794834775177435,0.5439651068872313,0.4064426601289399,0.1375224467582914,0.5668943949624962,0.5798803999429465,0.5436246129051672,0.53437280940727,0.02326978205732899,0.045507590535676434,0.5733873974527213,0.5389987111562187,0.0343886862965026,0.6083693383988417,0.623907948080081,0.5777598064296359,0.5786308246807478,0.030609531969205794,0.04527712339933321,0.6161386432394613,0.5781953155551918,0.03794332768426956,0.1369257750062173,0.16200292662816307,0.09615840210520862,0.0757910623684905,0.04076737290100868,0.08621186425967257,0.14946435081719017,0.08597473223684957,0.0634896185803406,0.5060283384842517,0.5210483947958343,0.3420623339577266,0.31773533796498943,0.16396600452652504,0.20331305683084488,0.513538366640043,0.32989883596135805,0.183639530678685,0.6277604514407407,0.6387124050900588,0.7451868918526076,0.7510102808495505,-0.1174264404118669,-0.11229787575949168,0.6332364282653997,0.748098586351079,-0.11486215808567923
hubert,random_forest,768,0.5432777541159972,0.5585870210238804,0.41455697810282255,0.3667355808573901,0.12872077601317466,0.19185144016649025,0.5509323875699388,0.39064627948010633,0.16028610808983246,0.5650979509386723,0.5964189528941657,0.5473264983925501,0.5344801134659629,0.017771452546122224,0.061938839428202774,0.5807584519164191,0.5409033059292565,0.039855145987162555,0.605618519274689,0.6500155270563291,0.6111134073380262,0.575945229735533,-0.0054948880633372,0.07407029732079617,0.6278170231655091,0.5935293185367796,0.03428770462872954,0.13240462754597065,0.19628965393428038,0.10369278559604873,0.08185585926120453,0.02871184194992192,0.11443379467307585,0.16434714074012552,0.09277432242862663,0.07157281831149889,0.5211349114634676,0.5125504234530801,0.3389308628898344,0.2764122427253467,0.1822040485736332,0.2361381807277334,0.5168426674582738,0.3076715528075905,0.20917111465068328,0.6090609904138771,0.6802874823352514,0.7557221338952658,0.7925479842065793,-0.1466611434813887,-0.11226050187132797,0.6446742363745642,0.7741350590509226,-0.1294608226763584
hubert,svm_rbf,768,0.589341574069289,0.5772025528484926,0.3226177811827674,0.45385606189817984,0.2667237928865216,0.1233464909503128,0.5832720634588908,0.3882369215404736,0.1950351419184172,0.5838606294429733,0.6060859121488635,0.535929046297993,0.5652976667176312,0.04793158314498036,0.040788245431232384,0.5949732707959184,0.5506133565078121,0.04435991428810637,0.6280402817179491,0.6599203420783898,0.5886896788925997,0.6059544514802921,0.03935060282534941,0.05396589059809764,0.6439803118981695,0.5973220651864459,0.04665824671172358,0.16883189915992658,0.21457697205849158,0.08562339247760861,0.14308582082116436,0.08320850668231797,0.07149115123732722,0.19170443560920908,0.11435460664938649,0.07734982895982259,0.5972478934960581,0.5412418481058224,0.24285150897165625,0.36964050500038487,0.35439638452440186,0.17160134310543756,0.5692448708009403,0.30624600698602056,0.26299886381491977,0.5704733653898885,0.6709299761919049,0.8290065836243297,0.7609548284348775,-0.2585332182344412,-0.09002485224297263,0.6207016707908967,0.7949807060296036,-0.17427903523870691
hubert,xgboost,768,0.5558969813482534,0.5760169943587308,0.43773886882045654,0.41893044655544986,0.11815811252779684,0.1570865478032809,0.565956987853492,0.4283346576879532,0.13762233016553882,0.5723141723334332,0.602341471929221,0.5604273339194892,0.5510628376416277,0.011886838413944001,0.05127863428759338,0.5873278221313272,0.5557450857805584,0.0315827363507688,0.6157873038133407,0.6532675809643689,0.6184834801427666,0.5881143354880194,-0.00269617632942587,0.06515324547634949,0.6345274423888547,0.603298907815393,0.031228534573461753,0.1466140719644083,0.20651827898282898,0.1327514972297503,0.11722245862254703,0.01386257473465799,0.08929582036028196,0.17656617547361864,0.12498697792614866,0.05157919754746998,0.5395413478313028,0.540406747381382,0.35065971604519464,0.33490733260476147,0.18888163178610817,0.20549941477662048,0.5399740476063424,0.34278352432497805,0.19719052328136433,0.6050869968355634,0.66427619647706,0.7701949517937837,0.767218342678494,-0.16510795495822028,-0.10294214620143394,0.6346815966563117,0.7687066472361388,-0.13402505057982705
wav2vec2,mlp,768,0.5355288328670909,0.5294022223473519,0.30847984096850034,0.42654025597999234,0.2270489918985905,0.10286196636735956,0.5324655276072214,0.36751004847424634,0.1649554791329751,0.5443336132895052,0.5622521624885848,0.5299207899275531,0.5180510628680628,0.014412823361952154,0.04420109962052199,0.5532928878890451,0.5239859263978079,0.029306961491237127,0.5652066528151144,0.5971562094764882,0.549651145787373,0.5381182158341595,0.015555507027741444,0.059037993642328646,0.5811814311458012,0.5438846808107662,0.03729675033503499,0.09015785939270267,0.1260049909179901,0.07565665657051587,0.03765755658419193,0.014501202822186796,0.08834743433379819,0.10808142515534638,0.0566571065773539,0.051424318577992484,0.529803796559736,0.4912743832389473,0.21514448860509808,0.3632263289742711,0.3146593079546379,0.1280480542646762,0.5105390898993416,0.2891854087896846,0.22135368110965703,0.5588634300192747,0.6332299417382223,0.8446970912500081,0.6728757967618545,-0.2858336612307334,-0.03964585502363216,0.5960466858787485,0.7587864440059313,-0.16273975812718278
wav2vec2,random_forest,768,0.5223577694883647,0.5171673653952453,0.20746166833429788,0.4596578513671018,0.31489610115406674,0.05750951402814353,0.5197625674418049,0.33355975985069986,0.18620280759110508,0.5461883609203031,0.5581824951218284,0.5147612525131681,0.52565310949328,0.03142710840713503,0.032529385628548346,0.5521854280210657,0.520207181003224,0.03197824701784169,0.5695917295581067,0.5883379104647893,0.5710751308943243,0.5404620796647477,-0.0014834013362176046,0.04787583080004165,0.578964820011448,0.555768605279536,0.023196214731912024,0.09331739892088195,0.11821746387976406,0.03934372232560328,0.053404087310964465,0.05397367659527867,0.0648133765687996,0.105767431400323,0.04637390481828387,0.059393526582039134,0.4987448180709217,0.4761468336480782,0.1333929091743053,0.4148468779905369,0.3653519088966164,0.061299955657541316,0.4874458258594999,0.27411989358242106,0.21332593227707886,0.5936319037696844,0.6402181565955785,0.896129595852031,0.6364593409960232,-0.30249769208234656,0.0037588155995552652,0.6169250301826315,0.7662944684240272,-0.1493694382413957
wav2vec2,svm_rbf,768,0.5374930801242386,0.5459960610375444,0.2067509051896835,0.45006518613896623,0.33074217493455504,0.09593087489857816,0.5417445705808914,0.32840804566432485,0.21333652491656657,0.5455748512652955,0.5707319785886519,0.516349598636045,0.522789017392691,0.029225252629250464,0.047942961195960865,0.5581534149269737,0.519569308014368,0.03858410691260572,0.5696773189901532,0.6036741318412308,0.5624129987025285,0.5416792115277739,0.007264320287624693,0.06199492031345688,0.586675725415692,0.5520461051151512,0.03462962030054084,0.09144773542334819,0.1427691635641685,0.04545007067795261,0.047468901482474485,0.04599766474539558,0.09530026208169401,0.11710844949375834,0.04645948608021355,0.07064896341354479,0.5264188149277553,0.5170044508958493,0.1427402619366006,0.39441407209484536,0.3836785529911547,0.12259037880100399,0.5217116329118023,0.268577167015723,0.25313446589607935,0.5647308876028355,0.6244595062814543,0.8899589353354894,0.6511639626905368,-0.3252280477326539,-0.026704456409082478,0.5945951969421449,0.770561449013013,-0.17596625207086813
wav2vec2,xgboost,768,0.5237423494129103,0.5362209786958696,0.19438434060128684,0.47399840521022263,0.32935800881162347,0.06222257348564697,0.52998166405439,0.33419137290575474,0.19579029114863522,0.5438061583748952,0.5647428243826,0.5168018890495747,0.5359578528905058,0.027004269325320518,0.028784971492094247,0.5542744913787476,0.5263798709700402,0.027894620408707382,0.5679472429163646,0.5988318221630691,0.5614067782846275,0.5484755749611661,0.006540464631737075,0.050356247201903015,0.5833895325397168,0.5549411766228968,0.028448355916820045,0.08842581419952611,0.13070022549291327,0.047732433353080715,0.07482996177223158,0.040693380846445394,0.055870263720681684,0.10956301984621969,0.06128119756265615,0.048281822283563536,0.5042599050200784,0.503697874499283,0.12445674477534455,0.4297556437075037,0.37980316024473393,0.07394223079177936,0.5039788897596807,0.27710619424142413,0.22687269551825662,0.5833524117297121,0.6257877742659169,0.9091470333238046,0.6421600620735081,-0.32579462159409256,-0.016372287807591146,0.6045700929978145,0.7756535476986564,-0.17108345470084185
wavlm,mlp,768,0.5338309582117609,0.5259725394888821,0.42303530770680925,0.5167452667876112,0.1107956505049516,0.009227272701270883,0.5299017488503215,0.46989028724721027,0.060011461603111216,0.5497535121710627,0.56684440499075,0.5327171255236853,0.5274650376514787,0.01703638664737739,0.039379367339271276,0.5582989585809064,0.530091081587582,0.028207876993324388,0.5800044494916268,0.6072831251978177,0.5627916334805941,0.5354190076864227,0.01721281601103264,0.07186411751139499,0.5936437873447222,0.5491053205835084,0.04453846676121387,0.10078925231426576,0.13642313527359567,0.0723927487357785,0.05500688641432187,0.02839650357848726,0.0814162488592738,0.11860619379393073,0.0636998175750502,0.05490637621888053,0.5198594129170913,0.4843356768285159,0.3477700180984308,0.5087544484809313,0.17208939481866048,-0.024418771652415405,0.5020975448728036,0.42826223328968105,0.07383531158312251,0.5796476114250341,0.6493531331529842,0.71766423294894,0.546175626822026,-0.13801662152390592,0.10317750633095812,0.6145003722890091,0.631919929885483,-0.017419557596473845
wavlm,random_forest,768,0.5504499242540393,0.5682818493395307,0.3149669246005452,0.5414138964325405,0.23548299965349406,0.02686795290699029,0.559365886796785,0.42819041051654283,0.13117547628024218,0.5549562579560491,0.5802095201308723,0.5321890977206195,0.5346657211283589,0.022767160235429573,0.045543799002513485,0.5675828890434607,0.5334274094244892,0.034155479618971474,0.5833267763951739,0.6229614686989753,0.6011492222353163,0.5554349144427108,-0.017822445840142365,0.06752655425626453,0.6031441225470746,0.5782920683390136,0.024852054208061025,0.11060836574748474,0.1609584311900984,0.07959451861258672,0.06951878281430976,0.03101384713489802,0.09143964837578863,0.13578339846879156,0.07455665071344825,0.061226747755343314,0.5471259940462192,0.5516184258431737,0.22078869079956837,0.5489233591691739,0.32633730324665083,0.0026950666739997686,0.5493722099446965,0.3848560249843711,0.16451618496032538,0.5627865218658792,0.6088006144185711,0.8435895046416704,0.5204080830875438,-0.2808029827757912,0.08839253133102731,0.5857935681422252,0.681998793864607,-0.09620522572238188
wavlm,svm_rbf,768,0.5565946762869903,0.5354721691994013,0.33472086809822016,0.5203291687700649,0.22187380818877017,0.015143000429336473,0.5460334227431958,0.4275250184341425,0.1185084043090533,0.5649893590292968,0.5778905758569707,0.5352713720773258,0.5387202749322956,0.02971798695197103,0.039170300924675105,0.5714399674431337,0.5369958235048107,0.03444414393832307,0.6019016802970334,0.6323992497517151,0.5920864413131108,0.5627502720516511,0.009815238983922558,0.06964897770006406,0.6171504650243742,0.577418356682381,0.039732108341993255,0.13071993667834766,0.15886754401225384,0.08811903567830627,0.0780561297143791,0.042600901000041394,0.08081141429787474,0.14479374034530074,0.08308758269634269,0.06170615764895805,0.546005595249291,0.4858318640956979,0.24823511762740508,0.5059247126956412,0.29777047762188597,-0.020092848599943314,0.5159187296724945,0.37707991516152317,0.13883881451097135,0.5839731228093028,0.6699492876182436,0.8223076265272466,0.5715158371689503,-0.23833450371794385,0.0984334504492933,0.6269612052137732,0.6969117318480984,-0.06995052663432522
wavlm,xgboost,768,0.5519034369212779,0.5775458001496897,0.33511758476466597,0.5312708935230781,0.2167858521566119,0.0462749066266116,0.5647246185354837,0.433194239143872,0.13153037939161172,0.5567187115679928,0.5856077037863668,0.5324016127814026,0.5349310988646101,0.024317098786590163,0.05067660492175674,0.5711632076771798,0.5336663558230064,0.037496851854173396,0.5885300196756327,0.6277122775353254,0.5962824218661801,0.558160968358948,-0.007752402190547403,0.06955130917637742,0.6081211486054791,0.577221695112564,0.030899453492915008,0.11395681957761168,0.17164153028062362,0.07899938855896255,0.06994991525168451,0.034957431018649135,0.10169161502893911,0.14279917492911764,0.07447465190532353,0.06832452302379412,0.5470096391998027,0.5656485735750876,0.24397578601751918,0.5263695273493567,0.30303385318228354,0.03927904622573086,0.5563291063874451,0.3851726566834379,0.17115644970400723,0.5664277839361828,0.6055668339976463,0.8208274395452861,0.5434926703798634,-0.2543996556091034,0.06207416361778295,0.5859973089669146,0.6821600549625748,-0.09616274599566021
