representation,classifier,protocol,folds,feature_dimension,f1_mean,f1_std,balanced_accuracy_mean,balanced_accuracy_std,roc_auc_mean,roc_auc_std,mcc_mean,mcc_std,sensitivity_mean,sensitivity_std,specificity_mean,specificity_std
classical,mlp,R_R,5,52,0.44280255157893045,0.022826990932456458,0.5283454358494114,0.026826652215185282,0.5649684445116787,0.0411299604865222,0.060629532361048843,0.05714362109114046,0.37441556179945956,0.027229208026651346,0.6822753098993631,0.06189638163320071
classical,mlp,R_S,5,52,0.04731807492978749,0.04378953291367726,0.49194446641404505,0.009333173396618153,0.5252754640165522,0.03214323814396777,-0.04213973483834256,0.052897936244284065,0.02617428550640479,0.025624130295839934,0.9577146473216855,0.03227980308488174
classical,mlp,S_R,5,52,0.05256449040187562,0.03172259647394642,0.49311608603691737,0.009220199745033937,0.4843539608298932,0.04874734126200756,-0.03434263458701716,0.03776040233790538,0.028758012300505648,0.01807806875667533,0.957474159773329,0.03378972710590616
classical,mlp,S_S,5,52,0.4538258863153829,0.08224412880919546,0.5429262130120123,0.024760452908477323,0.5743541924679295,0.017128909438399495,0.09030156015291364,0.05205684948655427,0.3896109472742211,0.10599156365946061,0.6962414787498036,0.08843974967086508
classical,random_forest,R_R,5,52,0.49846437526832554,0.04712169667672764,0.5561903649783992,0.02479078388976714,0.594486242125676,0.03926017817683225,0.11710007452028492,0.051752709147964114,0.4461382352626727,0.07871818247618598,0.6662424946941256,0.0973350023440646
classical,random_forest,R_S,5,52,0.11152003913831039,0.09326526057188934,0.5106571395926093,0.011278888292589507,0.5862633323046114,0.036737094923781105,0.04439365383990286,0.037757507554277946,0.0654561998190518,0.05865943320999055,0.9558580793661667,0.03924887294581038
classical,random_forest,S_R,5,52,0.030348998839229608,0.024332119899295505,0.500344378862364,0.004258797377426755,0.5698367525032358,0.038882802999152886,0.0006343348143903929,0.026756394990284402,0.015848166342550162,0.012947125769852092,0.9848405913821783,0.010694295044024365
classical,random_forest,S_S,5,52,0.4832482719286255,0.0457166402936357,0.5685445419868869,0.017007928657182782,0.6018072533737181,0.02443357359016707,0.1465947255375573,0.036378498951604964,0.40786073384047483,0.07055478314737672,0.7292283501332989,0.07260269577645986
classical,svm_rbf,R_R,5,52,0.48698838893295626,0.03538085886447283,0.5445205602722573,0.03576592592346961,0.5803348527634118,0.049201981650154165,0.09289697547581564,0.07494673980726753,0.4324972435204043,0.04854942397459187,0.6565438770241101,0.08712578796417794
classical,svm_rbf,R_S,5,52,0.007512529546190136,0.015188785836893422,0.5010601527694499,0.002682425867490091,0.49841363705783676,0.022831783832581144,0.006085086545583949,0.028612610957342098,0.003839374307774851,0.007777259405015369,0.9982809312311248,0.0024946974709301227
classical,svm_rbf,S_R,5,52,0.06633552284741531,0.0952799700742078,0.49008457589162935,0.012890410004322065,0.47757158190665533,0.023063013307717026,-0.046835905767001355,0.045860946462156195,0.04218754575037655,0.06620013782183545,0.937981606032882,0.08830592353140307
classical,svm_rbf,S_S,5,52,0.4968920187528044,0.05337066941823666,0.5609554068770584,0.022434964280527353,0.5797292828259971,0.030598134938686856,0.12596355364674405,0.04324892282279954,0.43806301020247285,0.08042585549629648,0.6838478035516441,0.04614200068394112
classical,xgboost,R_R,5,52,0.5030781775594303,0.036761433732445004,0.555481071351112,0.021775635523880937,0.5893085675001449,0.036601478226371574,0.11510585464890473,0.04598626994933161,0.4536303274600043,0.07018956080663409,0.6573318152422197,0.09328046144983762
classical,xgboost,R_S,5,52,0.043049393001305725,0.04577375337342635,0.5032862907071689,0.006031682279137393,0.5742048206752062,0.030676879361336284,0.018263813160907316,0.03556031515900219,0.023119070705449822,0.02561920013098745,0.9834535107088879,0.015659383202357754
classical,xgboost,S_R,5,52,0.05237326890792886,0.043152699420599384,0.5001231647430728,0.008784251812380127,0.5537039105618133,0.04027855121137259,0.0031240005531701113,0.04284818769991356,0.028449127165557652,0.024291732256948424,0.9717972023205881,0.028172978398128275
classical,xgboost,S_S,5,52,0.46108712455191353,0.031226979599957922,0.5503223961813035,0.023814123852808157,0.5851368551089157,0.02339418844017852,0.10672830520078436,0.050794378131146276,0.3842251148096609,0.02831243177820391,0.716419677552946,0.02912881909165286
data2vec_audio,mlp,R_R,5,768,0.5354040666990969,0.056654750775688496,0.5445726138585258,0.0173795494067675,0.5737055685877271,0.02255644003511989,0.09082152972458798,0.034848856011948696,0.5327693918483365,0.11197235763349597,0.5563758358687154,0.10901941138919684
data2vec_audio,mlp,R_S,5,768,0.4454743656348071,0.15149702987473795,0.5356367242070302,0.02099122244261742,0.5622578280105497,0.015158955969564696,0.07546093222678465,0.039083544608831185,0.41333953405093,0.21053507419664413,0.6579339143631303,0.17051248342022143
data2vec_audio,mlp,S_R,5,768,0.4109447549851425,0.14176681769084096,0.5231702494929895,0.02132971344591248,0.5396135841224937,0.04218057665725195,0.05065523431596628,0.04336217005932109,0.36564203306115617,0.19284628381198474,0.6806984659248229,0.1714210371480623
data2vec_audio,mlp,S_S,5,768,0.580512174036661,0.04277685759028063,0.5788668809937568,0.020199229566520736,0.6220430447591104,0.025315264202938392,0.15868082738692452,0.0399839089545889,0.5856711887985944,0.07688571808066236,0.5720625731889191,0.05891383038439467
data2vec_audio,random_forest,R_R,5,768,0.5307145753823679,0.05130022085528111,0.554657455127854,0.009582423308401864,0.585951511878269,0.013382070364514602,0.11138271101848518,0.018062501453320366,0.510890128709341,0.10471115726017591,0.5984247815463667,0.09696356171299142
data2vec_audio,random_forest,R_S,5,768,0.45794161101091635,0.08102537631682141,0.5281310627495592,0.03246918125866162,0.5594829325403102,0.03653129149874272,0.057764112888628025,0.06835826051346694,0.407056480023272,0.11407833282719439,0.6492056454758466,0.08084185818048538
data2vec_audio,random_forest,S_R,5,768,0.3076385870264328,0.09146216660437431,0.5208665195080185,0.016941665843519287,0.5570197095834019,0.018428913770325583,0.051485579322820586,0.0421366927592427,0.21986885394632294,0.07969615049903207,0.8218641850697141,0.06811513739409884
data2vec_audio,random_forest,S_S,5,768,0.572435186654987,0.026778291302373296,0.5759947663539476,0.01532007180009309,0.6150658668645985,0.017018669802340142,0.15309406874117695,0.03139384443562334,0.567840396037077,0.05793853440930853,0.584149136670818,0.07107702056697185
data2vec_audio,svm_rbf,R_R,5,768,0.528697351780832,0.0384887709956606,0.5570175664386273,0.010574333153824687,0.5885712584338524,0.019780955365097806,0.1165626615306546,0.021506810741466403,0.5020382526309227,0.09030300589060776,0.611996880246332,0.10710333522247238
data2vec_audio,svm_rbf,R_S,5,768,0.38050021848449245,0.07960698342233177,0.5285979261366857,0.025707442767355787,0.560847166839118,0.03935102008530629,0.06385682323720854,0.05597567094030044,0.29621339022750115,0.09496953540541953,0.7609824620458701,0.06510646219157329
data2vec_audio,svm_rbf,S_R,5,768,0.31814991004151505,0.13981256722102106,0.524438556202348,0.019309605074811026,0.5455849645003152,0.047512533720457446,0.06038064704928083,0.04068725297107665,0.24168204348196393,0.13876766958921546,0.807195068922732,0.11699402136266925
data2vec_audio,svm_rbf,S_S,5,768,0.5641338592785792,0.012415635495245742,0.5827052011516136,0.012651018860888548,0.621756472771551,0.015850467794656587,0.16653438167710427,0.02604106315188074,0.5395418647695622,0.03554242915169982,0.6258685375336648,0.05063114794114629
data2vec_audio,xgboost,R_R,5,768,0.5361350935955953,0.040477804864307965,0.5549169429916028,0.0070654970689071,0.585177759514153,0.011929838301751051,0.11160971329856213,0.01383658524913987,0.5192879604911518,0.09020804270703466,0.5905459254920535,0.09573182360384269
data2vec_audio,xgboost,R_S,5,768,0.459783600879196,0.057245545758967786,0.5313235825527518,0.02239600070264204,0.5687519576936225,0.02986095742040699,0.06527671776715463,0.046700776083764134,0.40334779811044763,0.08705094130557751,0.6592993669950559,0.07235163617669686
data2vec_audio,xgboost,S_R,5,768,0.29141695842838133,0.07148736900998276,0.5107707199491891,0.004518266908652679,0.5331194360354967,0.014724187930698017,0.03020964094737653,0.01852873224583109,0.2063359527964149,0.0642834923225607,0.8152054871019633,0.07207866292699205
data2vec_audio,xgboost,S_S,5,768,0.5716398640239341,0.025343957139310792,0.581533661222228,0.01681515605563031,0.6215973324576162,0.015165985177224395,0.16389911539951982,0.034219066098581934,0.5579290093581653,0.0468540922222033,0.6051383130862911,0.05222698682548151
data2vec_fusion,mlp,R_R,5,1536,0.5303441599339218,0.030982992780642947,0.5667250133711004,0.014888486706595486,0.6071975364375818,0.01729894401564847,0.13598129456322075,0.030500028962760207,0.49100183782673745,0.06053014406690063,0.6424481889154634,0.0684001870385275
data2vec_fusion,mlp,R_S,5,1536,0.4022582052751855,0.16057790877108385,0.54610881532876,0.016459326048526426,0.5829911973195041,0.032256599661130855,0.10986807946423391,0.023494958915814743,0.34465988449073676,0.19906677975856732,0.7475577461667833,0.17129226860533395
data2vec_fusion,mlp,S_R,5,1536,0.40616830806921234,0.19182382850174207,0.5338986234727616,0.027042526456514508,0.5683668012928533,0.049630020143247786,0.08176157528888152,0.058309339368935585,0.36988436637987,0.22826444449274916,0.6979128805656531,0.21313278952395265
data2vec_fusion,mlp,S_S,5,1536,0.5724458586073166,0.04663135152773586,0.5932884289322844,0.024126551514521873,0.6361262214079659,0.032261935026591824,0.1893660608548345,0.050180776093468715,0.5479131986381561,0.08653305965499473,0.638663659226413,0.07298518267671894
data2vec_fusion,random_forest,R_R,5,1536,0.5397199964777515,0.018266431026624622,0.5624644347527947,0.01806582262448874,0.6030942354805363,0.023899738160763528,0.12602107754351785,0.03684089949445974,0.5122588815997179,0.03501400596068796,0.6126699879058717,0.05586320247431889
data2vec_fusion,random_forest,R_S,5,1536,0.35571572019886066,0.07235822943886788,0.535957633591748,0.02588965552968165,0.5978519142969915,0.04979839592652977,0.08604265790389376,0.06160009786772798,0.26054561856530417,0.07238581320378909,0.8113696486181917,0.05642381462630018
data2vec_fusion,random_forest,S_R,5,1536,0.3084444483420702,0.14579285783211146,0.5212351207416986,0.019970426442338225,0.5725115556426217,0.025348184264410965,0.051067739418940127,0.040879898785622794,0.23832301582808052,0.16930143906016942,0.8041472256553168,0.13616252994946126
data2vec_fusion,random_forest,S_S,5,1536,0.5686150977764111,0.03371498639282423,0.5868403605838726,0.014731097750252815,0.6298519667116068,0.01435323611994206,0.17526641778886817,0.029135889467144436,0.5464906142190546,0.0655022500271722,0.6271901069486903,0.061665346671548334
data2vec_fusion,svm_rbf,R_R,5,1536,0.5824555674192857,0.024209265037406807,0.5847320231551707,0.026760164924914967,0.6176959034792888,0.029329829010618688,0.1697607926020718,0.05338034989174456,0.5777815184763785,0.035246961694354,0.5916825278339627,0.053340093324499585
data2vec_fusion,svm_rbf,R_S,5,1536,0.3553205853938586,0.13773855828679982,0.5437035116180879,0.03843577240464626,0.5885869967803646,0.04226659909424134,0.10321578432229953,0.07595790892616734,0.2716053693295124,0.15422155282070024,0.8158016539066633,0.08893266370918214
data2vec_fusion,svm_rbf,S_R,5,1536,0.36857592997827715,0.16417531039156524,0.5312166060208726,0.02780537332062765,0.5749954034765498,0.028833003709951593,0.07153142155529785,0.05391814039175329,0.314095107162514,0.2268156229196182,0.7483381048792314,0.17360491693364846
data2vec_fusion,svm_rbf,S_S,5,1536,0.591092682018249,0.023923183007634057,0.6069170939870042,0.017384089434074903,0.6439182602236285,0.01719622168558166,0.21511242687856957,0.03494108534661314,0.5682667710513851,0.0453530341198799,0.6455674169226232,0.049618222955078596
data2vec_fusion,xgboost,R_R,5,1536,0.5575283248222231,0.014053718349019407,0.5741366932587926,0.013923101026231505,0.6172199260438855,0.015787470132265696,0.14920262312155386,0.02829671667593303,0.5358486146100027,0.036468682002541726,0.6124247719075828,0.05462315612334782
data2vec_fusion,xgboost,R_S,5,1536,0.3529650106341255,0.040525968422162266,0.5492187492095008,0.01437187070226382,0.617073757416353,0.04344824975910272,0.12659008955881812,0.044395960145819036,0.24755638403523555,0.04426290631658383,0.850881114383766,0.05361022621108364
data2vec_fusion,xgboost,S_R,5,1536,0.2661456526385847,0.1342658197360779,0.5161093367494789,0.013170300018962073,0.5662526571049655,0.018432116316695966,0.04127135989604695,0.028251488204799335,0.19099940924025055,0.12074187632281438,0.8412192642587074,0.10058112705835008
data2vec_fusion,xgboost,S_S,5,1536,0.5536915599620846,0.03736684217403352,0.5862812509436484,0.018248483389188608,0.6292112035995112,0.016952272304337292,0.17468811589375363,0.03537419129023474,0.5148030996598816,0.06005577280435085,0.6577594022274148,0.031848025391875597
data2vec_spectrogram,mlp,R_R,5,768,0.544875316458365,0.02700273228770361,0.5752302650455234,0.014734529278534466,0.6142000947554604,0.019463995002176975,0.15263531936044789,0.029955074324408183,0.5102457728840571,0.0581185328271969,0.6402147572069901,0.06429740675077615
data2vec_spectrogram,mlp,R_S,5,768,0.32174597237431596,0.15658428313251468,0.5366997058563813,0.05065320024427921,0.5869316375265798,0.05103464832301517,0.08653613274180376,0.10016226472281244,0.24226531892403255,0.16712193268209308,0.8311340927887299,0.09073446014303065
data2vec_spectrogram,mlp,S_R,5,768,0.49938138757422185,0.13161314285489897,0.5385183511801324,0.02798861641675345,0.5563718235658617,0.0409540637032548,0.08660528800726966,0.06795141781959328,0.5023689330377301,0.24673479668598447,0.5746677693225346,0.19688875138794057
data2vec_spectrogram,mlp,S_S,5,768,0.5397397322932191,0.07195150181222809,0.5792854778822405,0.03394184916836669,0.618012336225475,0.038535718911967755,0.1632549590489795,0.06915189858978114,0.5037955758013845,0.12672013978633662,0.6547753799630966,0.08441679103272087
data2vec_spectrogram,random_forest,R_R,5,768,0.5369784968013838,0.015357311372495814,0.5597329327966463,0.013785766119200536,0.5979202925244076,0.025964529824030885,0.12064424947375083,0.028437422347612963,0.5106310129524395,0.041335501940643636,0.6088348526408529,0.060375408697739136
data2vec_spectrogram,random_forest,R_S,5,768,0.22658861564663116,0.05160185803565035,0.5261232370206858,0.01908111601616742,0.5975085505492881,0.06158718500114571,0.082846686747361,0.0616672746859015,0.13996601283783508,0.03802958633889636,0.9122804612035365,0.032984249960026024
data2vec_spectrogram,random_forest,S_R,5,768,0.316377693488607,0.12101029843261024,0.5134550774828918,0.027141788342861604,0.540117693757681,0.040316001485660904,0.02971394211609596,0.06180658414551088,0.24069255616005653,0.13599445981838182,0.7862175988057271,0.09838985754374217
data2vec_spectrogram,random_forest,S_S,5,768,0.5455495585809785,0.04478655556691167,0.5752955585455811,0.010323268705578429,0.6186532409222238,0.013654014072523158,0.1528948298649252,0.019177208008244795,0.5140140247654336,0.0828611199013129,0.6365770923257283,0.06357672226130628
data2vec_spectrogram,svm_rbf,R_R,5,768,0.5474890138192522,0.013520521578823334,0.5777444300165392,0.01610929379539565,0.6263954389444983,0.030014472316226316,0.15759599496034088,0.03369613696430692,0.5103635093973619,0.03455873667124565,0.6451253506357167,0.057277330526994075
data2vec_spectrogram,svm_rbf,R_S,5,768,0.10181753536245627,0.06307230069462737,0.5084766026647628,0.009074980016959435,0.5606770954507727,0.02921725844601724,0.04094002096663938,0.03472594289229835,0.057609535060601604,0.04026319052521999,0.9593436702689241,0.02993838644834074
data2vec_spectrogram,svm_rbf,S_R,5,768,0.4308899141641079,0.10310364688178592,0.5310121849740057,0.01823718388123289,0.5611955773622477,0.028543564706520603,0.06568801685546385,0.03513578234802977,0.37037080060786226,0.12846655573753316,0.6916535693401494,0.10347034764730083
data2vec_spectrogram,svm_rbf,S_S,5,768,0.5390767490053712,0.059085369455270216,0.5874051420788193,0.02799895968852782,0.6281842625752133,0.028776209739862897,0.1798143546605399,0.05594587068756099,0.48816687909100087,0.09611530647887004,0.6866434050666376,0.06568091610423654
data2vec_spectrogram,xgboost,R_R,5,768,0.570111167873897,0.015584377889123688,0.5800852232950899,0.019007949949870664,0.6174915749729537,0.019788497355920996,0.16060773879519702,0.03821141539250709,0.5554169512060554,0.026222784091642845,0.6047534953841244,0.04386272684539008
data2vec_spectrogram,xgboost,R_S,5,768,0.18343139404735123,0.05987096415356477,0.5228895891213647,0.013385464609442796,0.6146708960932709,0.06247847269238232,0.07965337426182283,0.04687325246658485,0.10870145788268464,0.038706684531469915,0.9370777203600447,0.025696092092708792
data2vec_spectrogram,xgboost,S_R,5,768,0.3813838055698573,0.1570019104933474,0.5315634490340886,0.025467953992913104,0.569375066677009,0.023933559233485287,0.07130553180616836,0.048487701029846564,0.32525990136226357,0.21299550337645598,0.7378669967059136,0.16727895484912145
data2vec_spectrogram,xgboost,S_S,5,768,0.545300605213189,0.04206937644406359,0.5829121590556927,0.013895461797966614,0.6263850235900124,0.01481139902660488,0.16898089707367103,0.026996738877041505,0.5033793756409609,0.07577744737671206,0.6624449424704247,0.05692679255713503
full_fusion,mlp,R_R,5,3840,0.5659998604462553,0.04085201030525959,0.5717016104797559,0.026376972074975646,0.6116648154160413,0.037384020600268464,0.14435644745158252,0.052165321560115475,0.5616963775301518,0.07791705226955001,0.5817068434293601,0.07625001264845546
full_fusion,mlp,R_S,5,3840,0.4112050442506427,0.1311064339594462,0.5365317639604278,0.024183819652377467,0.5858636189729591,0.03294001480743495,0.08009082473632799,0.045855969262369574,0.34385632802023364,0.1405617620640486,0.7292071999006218,0.11023868831778394
full_fusion,mlp,S_R,5,3840,0.32693146238919074,0.11626929877187286,0.5284171626199741,0.02063439676148517,0.5607464276982249,0.0373951904641214,0.06590529289102287,0.04640172301391205,0.24098357405852094,0.10568755980091223,0.8158507511814271,0.07053842802732707
full_fusion,mlp,S_S,5,3840,0.5161183781062424,0.06811133702777454,0.5774915654081841,0.033470145669261986,0.627379158370994,0.040765876477944274,0.1603015401866083,0.06499636775427892,0.45751936797203774,0.09762503988587876,0.6974637628443308,0.057003322314424315
full_fusion,random_forest,R_R,5,3840,0.5411021478408313,0.011502100083204249,0.5707327741797852,0.018787330317673757,0.6166311997486685,0.02771294464385145,0.14372042900812615,0.038564619939395806,0.5065371434966437,0.047161710842705686,0.6349284048629267,0.08166142859857421
full_fusion,random_forest,R_S,5,3840,0.2556386443307013,0.05714209717531414,0.5255879266907624,0.008684388411483265,0.6022636836697204,0.034559475947828475,0.07399861368864094,0.02087357147673445,0.16521565592915,0.046348745690491265,0.8859601974523746,0.03641631817788299
full_fusion,random_forest,S_R,5,3840,0.31918722748808526,0.08917144562006273,0.5299748353747977,0.013753889872054767,0.5820851158998013,0.03074475768737155,0.0747634996381053,0.027830931589461937,0.22780195059793237,0.08753455432233635,0.8321477201516629,0.06433823368666523
full_fusion,random_forest,S_S,5,3840,0.5741272557524908,0.017770722958635476,0.5977066752600779,0.012440628914540787,0.6437854346876837,0.013639171912178477,0.19683458383981897,0.024808102584400617,0.5414713002306647,0.029727118358416387,0.6539420502894913,0.02958104094796421
full_fusion,svm_rbf,R_R,5,3840,0.5647057206573403,0.027666232173525453,0.5822842339084535,0.020565748492213536,0.627220558742515,0.0285415465880006,0.16578234845267495,0.04125117371253646,0.5427045430348179,0.05404067392718562,0.6218639247820894,0.058407443001944025
full_fusion,svm_rbf,R_S,5,3840,0.26423646028271736,0.12968815788439328,0.5256142142711364,0.04129944770057961,0.579206229057975,0.03800573028482883,0.06153050016662992,0.09321299720637671,0.18053506631222804,0.11236106631443425,0.8706933622300447,0.040806715532672205
full_fusion,svm_rbf,S_R,5,3840,0.37115625528921264,0.06997664500825673,0.5459697115958617,0.005213480820598633,0.6019284748962287,0.010504739458147408,0.11183963914329438,0.007949290491595066,0.2737502305892182,0.07844751053138735,0.8181891926025052,0.06937182411374408
full_fusion,svm_rbf,S_S,5,3840,0.569840408401572,0.04540071880692393,0.5986718300528613,0.025627766993834632,0.6528662036445454,0.024970122952782444,0.19975398040419418,0.05000124140182336,0.5344989941707434,0.07144907948321516,0.6628446659349793,0.053577515070465126
full_fusion,xgboost,R_R,5,3840,0.5455741208388394,0.021011269736748932,0.5751204362281306,0.016835376291847916,0.6221947290222174,0.023972689716249437,0.15267523574718395,0.03466402983019622,0.5113191287466768,0.05661072534208133,0.6389217437095843,0.07938695299272547
full_fusion,xgboost,R_S,5,3840,0.2519250001059365,0.10849406973716863,0.5277212743948075,0.025671564899636165,0.6111464030563354,0.04390142619269377,0.07765773462619557,0.05767568030041748,0.16621401081136444,0.08649419764435683,0.8892285379782507,0.05033699705976776
full_fusion,xgboost,S_R,5,3840,0.30009100864596394,0.12796681253461548,0.5291181399811471,0.017798874163083938,0.577966710263549,0.021284604860032637,0.07680683443305886,0.03381285261108734,0.2189327716133674,0.13616994978400027,0.8393035083489266,0.10965423886164496
full_fusion,xgboost,S_S,5,3840,0.5758922751633475,0.01686491241914445,0.6010158098691201,0.012822751879000688,0.6530367298585669,0.018622027646357477,0.20370599812509854,0.025726267421309592,0.5410136411650882,0.03141162643522335,0.661017978573152,0.029834167155294418
full_fusion_v2,mlp,R_R,5,3072,0.5436921876590964,0.03199241828460573,0.5634134635339518,0.014102096633098015,0.602407649651002,0.01906089373596923,0.12845699085527865,0.028447337010074927,0.5236501328636747,0.076021982021972,0.603176794204229,0.08426816160698586
full_fusion_v2,mlp,R_S,5,3072,0.41420091084513794,0.16161312790457144,0.546891414769122,0.01873167855428264,0.5958010495097973,0.017649088217215496,0.109355316155018,0.0267535365978113,0.36259939284153264,0.21419997067820876,0.731183436696711,0.19018159553413228
full_fusion_v2,mlp,S_R,5,3072,0.3153924463602028,0.12815326232963142,0.5267281756437678,0.01658387492332232,0.5867609697662817,0.015807007505679243,0.06761070317299336,0.03229060911084736,0.2344397560013653,0.12300417496962947,0.8190165952861704,0.10755997300763119
full_fusion_v2,mlp,S_S,5,3072,0.5362811349218608,0.028349780226152168,0.5705342788655039,0.02110880622326972,0.622871538517476,0.030538273005877026,0.14326282577195334,0.0432193915006739,0.4962967212027006,0.042445984898565055,0.6447718365283073,0.05342580682320096
full_fusion_v2,random_forest,R_R,5,3072,0.5330016195236353,0.02603157274979043,0.5707602745408387,0.015146845155850503,0.6088965812534534,0.024499038715357736,0.14511476951170424,0.031796477217525716,0.4930615185631648,0.07306014188065166,0.6484590305185124,0.09734966759316355
full_fusion_v2,random_forest,R_S,5,3072,0.33469254039640167,0.06787450165389747,0.5399475616545638,0.01499325063374136,0.6087634014157268,0.021546510563291536,0.10114226601412671,0.030540884868428236,0.235904627083803,0.06810300760627154,0.8439904962253246,0.04844795956706309
full_fusion_v2,random_forest,S_R,5,3072,0.32319313331406974,0.07383027379936849,0.5278046310660973,0.008395337368835404,0.5847089910452983,0.01669780798451783,0.06998354159804117,0.01751516453554989,0.23104388868496423,0.07289601401253229,0.8245653734472306,0.06250969848670519
full_fusion_v2,random_forest,S_S,5,3072,0.5647407996566423,0.043613649481059114,0.5920523766541432,0.02157542465540343,0.6421819252855478,0.016249031781397142,0.18604662088150753,0.041968639082809525,0.5319296160041506,0.06979106533901826,0.652175137304136,0.048525471884203
full_fusion_v2,svm_rbf,R_R,5,3072,0.558771672779906,0.035783492450679556,0.5734834240184552,0.02280546092945643,0.6183640626053732,0.028178402650182195,0.14811633229575977,0.0461996523337677,0.5419894859678642,0.06717989182910178,0.6049773620690461,0.05789974649594581
full_fusion_v2,svm_rbf,R_S,5,3072,0.24082048074796095,0.11475115234668502,0.5254436763265622,0.03531377091031759,0.585790915934141,0.03419550607469196,0.06690373933405103,0.08447137179962359,0.15762619201976666,0.09395302402217845,0.8932611606333577,0.030653660251189242
full_fusion_v2,svm_rbf,S_R,5,3072,0.3985325360422565,0.053050891832455246,0.5502355474404574,0.007061367682298506,0.6083239724143792,0.013402837866456095,0.11682218527174024,0.012508718020714639,0.30130122524279257,0.06023989303322702,0.7991698696381224,0.05209032823517148
full_fusion_v2,svm_rbf,S_S,5,3072,0.5770610451632627,0.03287709090231492,0.5978329372298714,0.018040883598483198,0.6491333028569057,0.024459910150152146,0.1973441999779698,0.03550103825360668,0.5502788043211806,0.061155119817970956,0.6453870701385622,0.05164521546793396
full_fusion_v2,xgboost,R_R,5,3072,0.5323435295076624,0.02925352947598138,0.5670214483729995,0.01086979792484417,0.6086476509520935,0.017629249704804475,0.1369242622835963,0.022298130412521756,0.4964364971974927,0.07537006396465022,0.6376063995485064,0.09048549612072859
full_fusion_v2,xgboost,R_S,5,3072,0.3008739741839023,0.09200531885882669,0.5313795265859764,0.01951668497983544,0.5954827445696246,0.03069321494644701,0.08386568054332628,0.04325106439779584,0.2092145610162104,0.08569002513053943,0.8535444921557425,0.07429507171345544
full_fusion_v2,xgboost,S_R,5,3072,0.3563813242765673,0.09011836577196372,0.5371222063767067,0.0070524627414367165,0.5899201055274805,0.012626560654427318,0.09309068940731394,0.020411006437786164,0.2667504384844282,0.10498220795089414,0.807493974268985,0.10481217204600717
full_fusion_v2,xgboost,S_S,5,3072,0.5876994451068982,0.01611208351047754,0.6021381405297033,0.011194247818571926,0.6540946384786506,0.01871432365007818,0.20513976046242882,0.022417700756426035,0.5663074018545137,0.03449294257260709,0.637968879204893,0.03683374706839543
hubert,mlp,R_R,5,768,0.5353826873512879,0.045620403827378954,0.5668943949624962,0.020156465620788915,0.6083693383988417,0.030543115904509702,0.1369257750062173,0.03996856018713216,0.5060283384842517,0.09435127227673218,0.6277604514407407,0.1110135837636652
hubert,mlp,R_S,5,768,0.4182861415864794,0.09635934178411573,0.5436246129051672,0.018051034075110228,0.5777598064296359,0.020507688259590522,0.09615840210520862,0.03552416373821357,0.3420623339577266,0.1191621739856428,0.7451868918526076,0.09200379203468932
hubert,mlp,S_R,5,768,0.3945991786714004,0.1040317710829674,0.53437280940727,0.028153625986269876,0.5786308246807478,0.04205505824647616,0.0757910623684905,0.054475341319601404,0.31773533796498943,0.12782230875552297,0.7510102808495505,0.08991579376649692
hubert,mlp,S_S,5,768,0.5525475264231747,0.038817019849123995,0.5798803999429465,0.022727235161563074,0.623907948080081,0.03058275487801467,0.16200292662816307,0.04613306608581946,0.5210483947958343,0.06729146235752395,0.6387124050900588,0.07039041528700785
hubert,random_forest,R_R,5,768,0.5432777541159972,0.03143778740516392,0.5650979509386723,0.022928281766712848,0.605618519274689,0.03133418098480518,0.13240462754597065,0.04587993229737607,0.5211349114634676,0.081518137982111,0.6090609904138771,0.11289311711084639
hubert,random_forest,R_S,5,768,0.41455697810282255,0.11700105193170765,0.5473264983925501,0.02536666896420388,0.6111134073380262,0.0154445586236929,0.10369278559604873,0.04721612543023374,0.3389308628898344,0.13695171310480225,0.7557221338952658,0.09303569864757757
hubert,random_forest,S_R,5,768,0.3667355808573901,0.07931438534573634,0.5344801134659629,0.010255468342507203,0.575945229735533,0.04342370333284764,0.08185585926120453,0.01967070117769692,0.2764122427253467,0.081176716102665,0.7925479842065793,0.0699753952345487
hubert,random_forest,S_S,5,768,0.5585870210238804,0.041386086642947933,0.5964189528941657,0.02748281693842764,0.6500155270563291,0.03469398009934733,0.19628965393428038,0.055448832708059136,0.5125504234530801,0.06330401683975545,0.6802874823352514,0.05026470499120152
hubert,svm_rbf,R_R,5,768,0.589341574069289,0.02279177236895915,0.5838606294429733,0.036328011040291375,0.6280402817179491,0.04248250053345898,0.16883189915992658,0.07216184044300782,0.5972478934960581,0.06380332420729452,0.5704733653898885,0.11745949996524992
hubert,svm_rbf,R_S,5,768,0.3226177811827674,0.1550311277484028,0.535929046297993,0.03500474902163297,0.5886896788925997,0.028803355560039563,0.08562339247760861,0.06819999189679403,0.24285150897165625,0.14791612944822186,0.8290065836243297,0.09184659667784492
hubert,svm_rbf,S_R,5,768,0.45385606189817984,0.08345251434688979,0.5652976667176312,0.028511812950607212,0.6059544514802921,0.03710644756844349,0.14308582082116436,0.055849291793281707,0.36964050500038487,0.09769438065865692,0.7609548284348775,0.06828364498109979
hubert,svm_rbf,S_S,5,768,0.5772025528484926,0.05093524423509362,0.6060859121488635,0.030472997620307866,0.6599203420783898,0.03298813638847741,0.21457697205849158,0.05961277706066713,0.5412418481058224,0.07741508593988929,0.6709299761919049,0.04162426820022534
hubert,xgboost,R_R,5,768,0.5558969813482534,0.03669882652539977,0.5723141723334332,0.026722131878146226,0.6157873038133407,0.03298946604808233,0.1466140719644083,0.05269664875534439,0.5395413478313028,0.08677719457781082,0.6050869968355634,0.11009398187527492
hubert,xgboost,R_S,5,768,0.43773886882045654,0.0848840116852823,0.5604273339194892,0.03329422988074685,0.6184834801427666,0.04129251499613268,0.1327514972297503,0.06472021950846878,0.35065971604519464,0.10283365991467106,0.7701949517937837,0.05863487905598644
hubert,xgboost,S_R,5,768,0.41893044655544986,0.08759856490385645,0.5510628376416277,0.008420749114394013,0.5881143354880194,0.029384459218495425,0.11722245862254703,0.017021338710886482,0.33490733260476147,0.11021924307721132,0.767218342678494,0.10481627044426144
hubert,xgboost,S_S,5,768,0.5760169943587308,0.03492671741552573,0.602341471929221,0.024723666818633593,0.6532675809643689,0.03299920668916109,0.20651827898282898,0.04917411132920039,0.540406747381382,0.04999740771838708,0.66427619647706,0.030394231110103222
wav2vec2,mlp,R_R,5,768,0.5355288328670909,0.04451336731424441,0.5443336132895052,0.014106660305691106,0.5652066528151144,0.03322086292824845,0.09015785939270267,0.029698992514417495,0.529803796559736,0.08441454621486848,0.5588634300192747,0.09257268762852862
wav2vec2,mlp,R_S,5,768,0.30847984096850034,0.08799070277299134,0.5299207899275531,0.02610902441700434,0.549651145787373,0.03571149127330389,0.07565665657051587,0.06770228612052309,0.21514448860509808,0.08040272540447255,0.8446970912500081,0.056687743205759165
wav2vec2,mlp,S_R,5,768,0.42654025597999234,0.067822197938782,0.5180510628680628,0.023925648937296567,0.5381182158341595,0.03227901207394809,0.03765755658419193,0.049156454293283275,0.3632263289742711,0.08562141731697234,0.6728757967618545,0.06605350651565914
wav2vec2,mlp,S_S,5,768,0.5294022223473519,0.023229542467204337,0.5622521624885848,0.01634799752763059,0.5971562094764882,0.023349972810847344,0.1260049909179901,0.03311753099966462,0.4912743832389473,0.03225531764910393,0.6332299417382223,0.037614559039691874
wav2vec2,random_forest,R_R,5,768,0.5223577694883647,0.03542830471249129,0.5461883609203031,0.018090968243575718,0.5695917295581067,0.028864328104997707,0.09331739892088195,0.0361585396232642,0.4987448180709217,0.06316905118429203,0.5936319037696844,0.06909311282310575
wav2vec2,random_forest,R_S,5,768,0.20746166833429788,0.10722555050223109,0.5147612525131681,0.017610242698584598,0.5710751308943243,0.021945533782236265,0.03934372232560328,0.05603434602867908,0.1333929091743053,0.07360245528111072,0.896129595852031,0.05571796760467436
wav2vec2,random_forest,S_R,5,768,0.4596578513671018,0.07707613143468686,0.52565310949328,0.015727423078017284,0.5404620796647477,0.019307307222524002,0.053404087310964465,0.03296888029744522,0.4148468779905369,0.11831068194134962,0.6364593409960232,0.10527861410509669
wav2vec2,random_forest,S_S,5,768,0.5171673653952453,0.04789612736246193,0.5581824951218284,0.024426016746373343,0.5883379104647893,0.029369141861172753,0.11821746387976406,0.04843928533032267,0.4761468336480782,0.06998832145850874,0.6402181565955785,0.04994326167238797
wav2vec2,svm_rbf,R_R,5,768,0.5374930801242386,0.02282749835313999,0.5455748512652955,0.030725654781350174,0.5696773189901532,0.04275754214762021,0.09144773542334819,0.061743010783653594,0.5264188149277553,0.02767878326346047,0.5647308876028355,0.06274125122463796
wav2vec2,svm_rbf,R_S,5,768,0.2067509051896835,0.15347262536128384,0.516349598636045,0.021952934241998828,0.5624129987025285,0.02729582574641341,0.04545007067795261,0.060621924031621546,0.1427402619366006,0.12725641413882108,0.8899589353354894,0.0986338641505052
wav2vec2,svm_rbf,S_R,5,768,0.45006518613896623,0.05191180395434015,0.522789017392691,0.0160575638934924,0.5416792115277739,0.018094259283496263,0.047468901482474485,0.034026184443336854,0.39441407209484536,0.07423054794616647,0.6511639626905368,0.06901725361933654
wav2vec2,svm_rbf,S_S,5,768,0.5459960610375444,0.02538820598270044,0.5707319785886519,0.009441186032015627,0.6036741318412308,0.016197265342649043,0.1427691635641685,0.0187537197863265,0.5170044508958493,0.0500305160886468,0.6244595062814543,0.045701590963911375
wav2vec2,xgboost,R_R,5,768,0.5237423494129103,0.037799787200236794,0.5438061583748952,0.021950405611615147,0.5679472429163646,0.030037298863155752,0.08842581419952611,0.043910946800133695,0.5042599050200784,0.06695472072203852,0.5833524117297121,0.07096001006699142
wav2vec2,xgboost,R_S,5,768,0.19438434060128684,0.12367040527654122,0.5168018890495747,0.02806478782508626,0.5614067782846275,0.04581474301064111,0.047732433353080715,0.0793735895515505,0.12445674477534455,0.08525358056355753,0.9091470333238046,0.05973457083116739
wav2vec2,xgboost,S_R,5,768,0.47399840521022263,0.0768606778811677,0.5359578528905058,0.018429327211610676,0.5484755749611661,0.0204940874674084,0.07482996177223158,0.03802334233176821,0.4297556437075037,0.12465787003337159,0.6421600620735081,0.10555223205584117
wav2vec2,xgboost,S_S,5,768,0.5362209786958696,0.028205379586404872,0.5647428243826,0.01587069902448061,0.5988318221630691,0.021983130116791753,0.13070022549291327,0.031677693625787,0.503697874499283,0.04608146116435252,0.6257877742659169,0.03746581073432196
wavlm,mlp,R_R,5,768,0.5338309582117609,0.04123160546791932,0.5497535121710627,0.015795296941416678,0.5800044494916268,0.022983216866285863,0.10078925231426576,0.031006223266929124,0.5198594129170913,0.08613355213750085,0.5796476114250341,0.09835594028632166
wavlm,mlp,R_S,5,768,0.42303530770680925,0.056222085900558945,0.5327171255236853,0.01240939210722215,0.5627916334805941,0.02948649374966021,0.0723927487357785,0.028957323974278436,0.3477700180984308,0.08174180851753338,0.71766423294894,0.09071019953305344
wavlm,mlp,S_R,5,768,0.5167452667876112,0.05131488561392471,0.5274650376514787,0.027719530270945866,0.5354190076864227,0.03416041718364025,0.05500688641432187,0.05549637713668512,0.5087544484809313,0.07949708142925968,0.546175626822026,0.058818043957952794
wavlm,mlp,S_S,5,768,0.5259725394888821,0.04507670060530647,0.56684440499075,0.017299255361705033,0.6072831251978177,0.02650696970596835,0.13642313527359567,0.0341036559021691,0.4843356768285159,0.07681911809976551,0.6493531331529842,0.0658308717721424
wavlm,random_forest,R_R,5,768,0.5504499242540393,0.0280098073801842,0.5549562579560491,0.019426230980058887,0.5833267763951739,0.019957921310393666,0.11060836574748474,0.038350903083247664,0.5471259940462192,0.0671624183732554,0.5627865218658792,0.08557125434805637
wavlm,random_forest,R_S,5,768,0.3149669246005452,0.08537346763658607,0.5321890977206195,0.018467248070364723,0.6011492222353163,0.032505858627560724,0.07959451861258672,0.04001627628226067,0.22078869079956837,0.07551728187162342,0.8435895046416704,0.03949538590260422
wavlm,random_forest,S_R,5,768,0.5414138964325405,0.020069827286659986,0.5346657211283589,0.022303943899441278,0.5554349144427108,0.03535244668480826,0.06951878281430976,0.04444882210721769,0.5489233591691739,0.046953641689013684,0.5204080830875438,0.07077613105235903
wavlm,random_forest,S_S,5,768,0.5682818493395307,0.010809281230928345,0.5802095201308723,0.00568946089971244,0.6229614686989753,0.008656058787783631,0.1609584311900984,0.011796914152779366,0.5516184258431737,0.03034453634583283,0.6088006144185711,0.036635218789336205
wavlm,svm_rbf,R_R,5,768,0.5565946762869903,0.01606655778221401,0.5649893590292968,0.02037600462034858,0.6019016802970334,0.026333302997430863,0.13071993667834766,0.04074563809042641,0.546005595249291,0.04792475147914882,0.5839731228093028,0.0761539681107691
wavlm,svm_rbf,R_S,5,768,0.33472086809822016,0.11598914715599744,0.5352713720773258,0.016869052222679662,0.5920864413131108,0.026962841579806225,0.08811903567830627,0.04002319713178667,0.24823511762740508,0.11925786657681157,0.8223076265272466,0.09922242040839249
wavlm,svm_rbf,S_R,5,768,0.5203291687700649,0.06781329025180585,0.5387202749322956,0.037291900583958607,0.5627502720516511,0.0413518306293517,0.0780561297143791,0.07443175010101477,0.5059247126956412,0.09820746969468759,0.5715158371689503,0.07202831928318029
wavlm,svm_rbf,S_S,5,768,0.5354721691994013,0.013735459204895228,0.5778905758569707,0.00622568774127512,0.6323992497517151,0.010714011091052997,0.15886754401225384,0.014236839261913308,0.4858318640956979,0.028267602212188315,0.6699492876182436,0.03708993434899023
wavlm,xgboost,R_R,5,768,0.5519034369212779,0.02277404542033317,0.5567187115679928,0.012191556526866815,0.5885300196756327,0.016886240832637102,0.11395681957761168,0.023968817358554093,0.5470096391998027,0.05421414485861355,0.5664277839361828,0.06394877550116593
wavlm,xgboost,R_S,5,768,0.33511758476466597,0.086967472463239,0.5324016127814026,0.01576487706683159,0.5962824218661801,0.03264113829515065,0.07899938855896255,0.03181124514486783,0.24397578601751918,0.09773105107483288,0.8208274395452861,0.07206283225323386
wavlm,xgboost,S_R,5,768,0.5312708935230781,0.03278209355190416,0.5349310988646101,0.02200887846849414,0.558160968358948,0.026840401042932734,0.06994991525168451,0.04403025177963701,0.5263695273493567,0.043346960731935905,0.5434926703798634,0.025768934528185263
wavlm,xgboost,S_S,5,768,0.5775458001496897,0.016934245675856194,0.5856077037863668,0.010761656003926532,0.6277122775353254,0.011707507843929904,0.17164153028062362,0.02163182854247676,0.5656485735750876,0.03514898857447039,0.6055668339976463,0.03504230738882709
