subject_id,anchor_center_phone_sec,recorder_time_minus_phone_time_sec,envelope_correlation,fitted_lag_sec,residual_sec,correlation_reliable
01,510.0,-2.3000000000000003,0.8484219215282736,-2.3,-4.440892098500626e-16,True
01,5819.48,-2.0,0.7015107627008924,-1.9999999999999998,-2.220446049250313e-16,True
01,11128.96,-1.7000000000000002,0.6442181091023481,-1.6999999999999997,-4.440892098500626e-16,True
01,16438.44,232.3,0.06979161156009984,-1.3999999999999997,233.70000000000002,False
01,21747.92,41.400000000000006,0.12293877904652449,-1.0999999999999996,42.50000000000001,False
02,510.0,1.9000000000000001,0.7794216711661619,3.225,-1.325,True
02,5579.79,2.2,0.9679655394393265,2.5625,-0.3624999999999998,True
02,10649.58,2.5,0.9743363156810532,1.9000000000000001,0.5999999999999999,True
02,15719.369999999999,-0.5,0.9022641251613744,1.2375000000000003,-1.7375000000000003,True
02,20789.16,-0.2,0.9711874805735,0.5750000000000002,-0.7750000000000001,True
03,510.0,-2.2,0.888298428097038,6.7250000000000005,-8.925,True
03,5819.48,-1.9000000000000001,0.9736977000604585,0.7625000000000002,-2.6625000000000005,True
03,11128.96,-5.2,0.8735132907605282,-5.2,0.0,True
03,16438.44,-21.400000000000002,0.8584993385793727,-11.162500000000001,-10.2375,True
03,21747.92,-24.3,0.9468113587391638,-17.125,-7.175000000000001,True
04,510.0,-0.6000000000000001,0.881168034236309,2.5916666666666672,-3.1916666666666673,True
04,5579.79,-0.30000000000000004,0.5533226240044046,0.9958333333333336,-1.2958333333333336,True
04,10649.58,0.1,0.707301565268149,-0.6000000000000001,0.7000000000000001,True
04,15719.369999999999,-6.300000000000001,0.6273433181843456,-2.1958333333333333,-4.104166666666668,True
04,20789.16,-5.9,0.6376415207259598,-3.7916666666666674,-2.108333333333333,True
05,510.0,1.1,0.8003804280966986,2.3666666666666667,-1.2666666666666666,True
05,5819.48,1.4000000000000001,0.5015556861672891,1.7333333333333334,-0.33333333333333326,True
05,11128.96,1.7000000000000002,0.8193226012376579,1.1000000000000003,0.5999999999999999,True
05,16438.44,-1.2000000000000002,0.9424823635324419,0.466666666666667,-1.6666666666666672,True
05,21747.92,-0.9,0.9585978274265514,-0.16666666666666652,-0.7333333333333335,True
06,510.0,1.8,0.9266060987200472,3.0666666666666664,-1.2666666666666664,True
06,5819.48,2.1,0.8818695701840286,2.433333333333333,-0.33333333333333304,True
06,11128.96,2.4000000000000004,0.8878699582137586,1.8,0.6000000000000003,True
06,16438.44,-0.5,0.9236587172171015,1.1666666666666667,-1.6666666666666667,True
06,21747.92,-0.2,0.9118869292611944,0.5333333333333332,-0.7333333333333332,True
07,510.0,2.4000000000000004,0.7803416862244411,4.6000000000000005,-2.2,True
07,9688.2,3.0,0.7150839560065226,2.7000000000000006,0.2999999999999994,True
07,18866.4,0.30000000000000004,0.67317958195717,0.8000000000000003,-0.5000000000000002,True
07,28044.600000000002,0.8,0.6926517611763544,-1.0999999999999996,1.8999999999999997,True
07,37222.8,-10.0,0.7009989372450406,-3.0,-7.0,True
08,510.0,1.2000000000000002,0.8377822137938212,4.4,-3.2,True
08,10603.144,1.8,0.8117358898764011,1.8000000000000003,-2.220446049250313e-16,True
08,20696.288,-0.8,0.7560028482156286,-0.7999999999999998,-2.220446049250313e-16,True
08,30789.432,-3.4000000000000004,0.6467064274885619,-3.3999999999999995,-8.881784197001252e-16,True
08,40882.576,-12.700000000000001,0.8464901675338911,-6.0,-6.700000000000001,True
09,510.0,1.5,0.48300576511599563,3.7,-2.2,True
09,10020.616,2.0,0.8184138852106626,1.7999999999999998,0.20000000000000018,True
09,19531.232,-0.7000000000000001,0.8113731744999673,-0.10000000000000009,-0.6,True
09,29041.847999999998,-0.1,0.6474006755790229,-2.0000000000000004,1.9000000000000004,True
09,38552.464,-12.600000000000001,0.7541205767521149,-3.900000000000001,-8.700000000000001,True
10,510.0,-2.4000000000000004,0.8298256889220719,1.475000000000001,-3.8750000000000013,True
10,10439.192,-1.8,0.9152568976778681,-2.862499999999999,1.062499999999999,True
10,20368.384,-7.800000000000001,0.9047878209677899,-7.2,-0.6000000000000005,True
10,30297.575999999997,-7.2,0.8908406592120893,-11.537500000000001,4.337500000000001,True
10,40226.768,-26.3,0.7367622224277763,-15.875,-10.425,True
13,510.0,1.5,0.8901220841927114,3.749999999999999,-2.249999999999999,True
13,9536.328,2.0,0.937256573290635,1.7749999999999995,0.22500000000000053,True
13,18562.656,-0.8,0.7897764219796874,-0.20000000000000018,-0.5999999999999999,True
13,27588.983999999997,-0.2,0.9491900810367709,-2.175,1.9749999999999999,True
13,36615.312,-12.3,0.8056775334335868,-4.15,-8.15,True
14,510.0,1.0,0.8301685965172915,3.2500000000000004,-2.2500000000000004,True
14,10354.488000000001,1.6,0.8510697967593616,1.3750000000000002,0.22499999999999987,True
14,20198.976000000002,-1.1,0.9536774488389653,-0.5,-0.6000000000000001,True
14,30043.464000000004,-0.5,0.9045150285112947,-2.375,1.875,True
14,39887.952000000005,-12.9,0.581982554299007,-4.25,-8.65,True
15,510.0,2.3000000000000003,0.8667437397398418,6.299999999999999,-3.9999999999999987,True
15,10474.008,2.9000000000000004,0.8334517218300921,1.9499999999999993,0.9500000000000011,True
15,20438.016,-3.1,0.8632509739287915,-2.4000000000000004,-0.6999999999999997,True
15,30402.023999999998,-2.4000000000000004,0.8267899335653762,-6.75,4.35,True
15,40366.032,-25.0,0.7994602071645531,-11.100000000000001,-13.899999999999999,True
16,510.0,1.9000000000000001,0.8177638210109593,7.600000000000001,-5.700000000000001,True
16,9719.384,2.4000000000000004,0.8051380500501627,0.3000000000000007,2.0999999999999996,True
16,18928.768,-7.5,0.7567044782534017,-7.0,-0.5,True
16,28138.152000000002,-7.0,0.8597458429987308,-14.3,7.300000000000001,True
16,37347.536,-63.7,0.7483806759315279,-21.6,-42.1,True
18,510.0,-19.5,0.6201998248537237,-8.049999999999999,-11.450000000000001,True
18,10761.272,-18.8,0.5902226214011214,-17.975,-0.8249999999999993,True
18,21012.544,-27.900000000000002,0.7440829916268856,-27.900000000000002,0.0,True
18,31263.816000000003,-40.300000000000004,0.7455143335099708,-37.825,-2.4750000000000014,True
18,41515.088,-53.400000000000006,0.5396792792268986,-47.75000000000001,-5.649999999999999,True
19,510.0,5.6000000000000005,0.6948469909100621,7.650000000000001,-2.0500000000000007,True
19,9795.896,6.1000000000000005,0.46612450553910145,5.825000000000001,0.27499999999999947,True
19,19081.792,3.5,0.5445633319694518,4.0,-0.5,True
19,28367.688000000002,4.0,0.8563873220766551,2.175,1.8250000000000002,True
19,37653.584,-8.3,0.700286313939476,0.34999999999999964,-8.65,True
20,510.0,3.3000000000000003,0.9279312519223893,5.55,-2.2499999999999996,True
20,9558.328,3.8000000000000003,0.9197228932439526,3.5749999999999997,0.22500000000000053,True
20,18606.656,1.0,0.9070818649264321,1.5999999999999996,-0.5999999999999996,True
20,27654.983999999997,1.6,0.8328995085181131,-0.375,1.975,True
20,36703.312,-10.100000000000001,0.8371130829928676,-2.3500000000000014,-7.75,True
21,510.0,-0.9,0.8348500084174003,2.35,-3.25,True
21,5819.48,-0.6000000000000001,0.7722654557696587,0.7250000000000001,-1.3250000000000002,True
21,11128.96,-0.30000000000000004,0.7266573261606277,-0.8999999999999999,0.5999999999999999,True
21,16438.44,-6.6000000000000005,0.6914326979023239,-2.5250000000000004,-4.075,True
21,21747.92,-6.300000000000001,0.791322929799067,-4.15,-2.1500000000000004,True
26,510.0,8.3,0.9012877898159493,11.5,-3.1999999999999993,True
26,10661.928,8.9,0.7708536975631712,8.899999999999999,1.7763568394002505e-15,True
26,20813.856,6.300000000000001,0.98353853345115,6.3,8.881784197001252e-16,True
26,30965.784,3.7,0.7772851903684838,3.7,0.0,True
26,41117.712,-3.9000000000000004,0.9766735716389826,1.0999999999999996,-5.0,True
27,510.0,1.1,0.809702300229473,4.849999999999999,-3.7499999999999987,True
27,9655.832,1.6,0.9601586503462928,0.47499999999999876,1.1250000000000013,True
27,18801.664,-4.4,0.9856179470196453,-3.9000000000000004,-0.5,True
27,27947.496,-3.9000000000000004,0.9693772829581647,-8.275,4.375,True
27,37093.328,-24.700000000000003,0.4584624507776297,-12.650000000000002,-12.05,True
28,510.0,1.4000000000000001,0.7733659545185048,3.5500000000000007,-2.1500000000000004,True
28,9459.304,1.9000000000000001,0.9181705858456919,1.5750000000000006,0.3249999999999995,True
28,18408.608,-0.9,0.6631752379710364,-0.3999999999999999,-0.5000000000000001,True
28,27357.912,-0.4,0.7813975588161763,-2.3750000000000004,1.9750000000000005,True
28,36307.216,-12.0,0.9356681258463304,-4.350000000000001,-7.649999999999999,True
29,510.0,1.5,0.4174983161804086,10.91666666666667,-9.41666666666667,False
29,9347.704,2.1,0.9280414039737102,6.450000000000003,-4.350000000000003,True
29,18185.408,-0.5,0.49035738280191465,1.983333333333336,-2.483333333333336,True
29,27023.112,0.0,0.648540240541488,-2.4833333333333325,2.4833333333333325,True
29,35860.816,-16.900000000000002,0.6073076492107012,-6.949999999999999,-9.950000000000003,True
30,510.0,1.9000000000000001,0.5859541114706791,10.5,-8.6,True
30,12382.136,2.6,0.8480164163120364,3.0666666666666673,-0.46666666666666723,True
30,24254.272,-3.2,0.919731615142854,-4.366666666666665,1.1666666666666652,True
30,36126.408,-25.3,0.7812655805728417,-11.8,-13.5,True
30,47998.544,-24.6,0.2862373105247117,-19.23333333333333,-5.366666666666671,False
31,510.0,2.9000000000000004,0.8216587621939576,8.158333333333335,-5.258333333333335,True
31,11745.368,3.5,0.784300060931675,4.529166666666667,-1.0291666666666668,True
31,22980.736,0.9,0.7674841701148336,0.9000000000000004,-3.3306690738754696e-16,True
31,34216.104,-9.8,0.856228585675768,-2.729166666666666,-7.070833333333335,True
31,45451.472,-9.200000000000001,0.8327584683050749,-6.358333333333334,-2.841666666666667,True
32,510.0,1.3,0.8595439519350425,3.500000000000001,-2.200000000000001,True
32,9037.912,1.8,0.7824915147399787,1.4500000000000006,0.3499999999999994,True
32,17565.824,-1.1,0.6337169050108507,-0.6000000000000001,-0.5,True
32,26093.736,-0.6000000000000001,0.6430117032638911,-2.65,2.05,True
32,34621.648,-11.600000000000001,0.8341137858858078,-4.699999999999999,-6.900000000000002,True
33,510.0,-2.3000000000000003,0.882390460807463,1.4500000000000008,-3.750000000000001,True
33,10036.44,-1.8,0.7995033491000935,-2.925,1.1249999999999998,True
33,19562.88,-7.800000000000001,0.619082499698469,-7.300000000000001,-0.5,True
33,29089.32,-7.300000000000001,0.6239480612504614,-11.675,4.375,True
33,38615.76,-26.400000000000002,0.6651272192111213,-16.050000000000004,-10.349999999999998,True
34,510.0,-216.70000000000002,0.1485560927643155,-165.92499999999998,-50.775000000000034,False
34,9862.4,87.60000000000001,0.07515557694990202,-183.1625,270.7625,False
34,19214.8,-200.4,0.09432955704291027,-200.4,0.0,False
34,28567.199999999997,-174.8,0.05264190390354357,-217.6375,42.83749999999998,False
34,37919.6,-251.8,0.06944236839233559,-234.875,-16.92500000000001,False
35,510.0,227.20000000000002,0.17509586303242866,223.42500000000004,3.7749999999999773,False
35,9849.880000000001,190.4,0.12264532482153964,225.31250000000003,-34.91250000000002,False
35,19189.760000000002,255.20000000000002,0.10235081017823006,227.20000000000002,28.0,False
35,28529.640000000003,-193.3,0.059500661531895455,229.08750000000003,-422.38750000000005,False
35,37869.520000000004,250.9,0.09929709646382781,230.97500000000002,19.924999999999983,False
36,510.0,2.7,0.8645723315441791,4.75,-2.05,True
36,9927.768,3.2,0.7983449019791689,2.9250000000000003,0.2749999999999999,True
36,19345.536,0.6000000000000001,0.9516526561603399,1.1,-0.5,True
36,28763.304,1.1,0.9266182121370695,-0.7249999999999996,1.8249999999999997,True
36,38181.072,-9.200000000000001,0.7453851760098147,-2.55,-6.650000000000001,True
37,510.0,1.3,0.92681665368851,4.600000000000001,-3.3000000000000016,True
37,10801.32,2.0,0.8606652178374642,2.000000000000001,-8.881784197001252e-16,True
37,21092.64,-0.6000000000000001,0.842913004488767,-0.5999999999999996,-4.440892098500626e-16,True
37,31383.96,-3.2,0.8339656003275878,-3.1999999999999993,-8.881784197001252e-16,True
37,41675.28,-14.8,0.7626762902904299,-5.800000000000001,-9.0,True
38,510.0,1.7000000000000002,0.8794891819795159,12.216666666666667,-10.516666666666666,True
38,14136.216,2.6,0.8068316112424198,6.208333333333333,-3.608333333333333,True
38,27762.432,0.2,0.8266112575850754,0.1999999999999993,7.216449660063518e-16,True
38,41388.648,-16.5,0.7868910614267159,-5.808333333333334,-10.691666666666666,True
38,55014.864,-22.1,0.6439228777686257,-11.816666666666666,-10.283333333333335,True
39,510.0,-2.3000000000000003,0.8463282905379472,1.7,-4.0,True
39,10361.224,-1.6,0.7525189964894922,-2.6500000000000004,1.0500000000000003,True
39,20212.448,-7.6000000000000005,0.7713869604015859,-7.0,-0.6000000000000005,True
39,30063.672,-7.0,0.8416692848169824,-11.35,4.35,True
39,39914.896,-56.5,0.7484395321772561,-15.700000000000001,-40.8,True
40,510.0,1.7000000000000002,0.8356107266868975,3.95,-2.25,True
40,9742.36,2.2,0.8727044722034757,1.975,0.2250000000000001,True
40,18974.72,-0.6000000000000001,0.6434284316408668,0.0,-0.6000000000000001,True
40,28207.08,0.0,0.9668832929170931,-1.9750000000000005,1.9750000000000005,True
40,37439.44,-10.100000000000001,0.8163523723455801,-3.950000000000001,-6.15,True
41,510.0,1.2000000000000002,0.756934124188255,3.25,-2.05,True
41,9162.536,1.6,0.9702838228186513,1.3249999999999997,0.27500000000000036,True
41,17815.072,-1.1,0.7603596273773289,-0.6000000000000001,-0.5,True
41,26467.608,-0.6000000000000001,0.5130177561946803,-2.5250000000000004,1.9250000000000003,True
41,35120.144,-13.200000000000001,0.7781380739292785,-4.45,-8.75,True
42,510.0,1.2000000000000002,0.8305379545661421,5.275,-4.075,True
42,13045.784,2.0,0.9508188382411848,1.9583333333333335,0.04166666666666652,True
42,25581.568,-0.6000000000000001,0.5331825896251347,-1.3583333333333334,0.7583333333333333,True
42,38117.352,-10.9,0.5058809705148022,-4.675,-6.2250000000000005,True
42,50653.136,-13.3,0.25956099275109396,-7.991666666666666,-5.3083333333333345,False
43,510.0,-1.5,0.7810288336909351,2.2500000000000004,-3.7500000000000004,True
43,9762.344000000001,-1.1,0.6347544170109009,-2.2249999999999996,1.1249999999999996,True
43,19014.688000000002,-7.2,0.8279259133759856,-6.7,-0.5,True
43,28267.032000000003,-6.7,0.759358418486555,-11.175,4.4750000000000005,True
43,37519.376000000004,-26.0,0.8043387060933881,-15.649999999999999,-10.350000000000001,True
44,510.0,-2.5,0.8787689127115887,1.4499999999999993,-3.9499999999999993,True
44,9950.296,-1.9000000000000001,0.5450631866482001,-2.9750000000000005,1.0750000000000004,True
44,19390.592,-8.0,0.8828372806656629,-7.4,-0.5999999999999996,True
44,28830.888,-7.4,0.9449211247342454,-11.825,4.424999999999999,True
44,38271.184,-60.300000000000004,0.7238310103150319,-16.25,-44.050000000000004,True
45,510.0,1.5,0.8598735870514659,19.05,-17.55,True
45,10335.16,2.0,0.959787568254713,9.174999999999999,-7.174999999999999,True
45,20160.32,-0.7000000000000001,0.9563612975863913,-0.6999999999999993,-7.771561172376096e-16,True
45,29985.48,-13.200000000000001,0.9431601845082362,-10.575,-2.6250000000000018,True
45,39810.64,-47.1,0.7827845315598688,-20.450000000000003,-26.65,True
46,510.0,1.9000000000000001,0.9336050341786593,3.7,-1.8,True
46,10280.44,2.4000000000000004,0.8935422979320149,1.9500000000000002,0.4500000000000002,True
46,20050.88,-0.4,0.9320864232029968,0.20000000000000018,-0.6000000000000002,True
46,29821.32,0.2,0.7527136260324594,-1.5499999999999998,1.7499999999999998,True
46,39591.76,-7.5,0.9284453750838438,-3.3,-4.2,True
47,510.0,3.3000000000000003,0.7000566859615774,-14.233333333333336,17.533333333333335,True
47,9333.48,-39.400000000000006,0.7410048805092951,-27.91666666666667,-11.483333333333334,True
47,18156.96,-42.2,0.8020460798807062,-41.6,-0.6000000000000014,True
47,26980.44,-41.6,0.8819223080991331,-55.28333333333333,13.68333333333333,True
47,35803.92,-67.0,0.7817696239207645,-68.96666666666667,1.9666666666666686,True
48,510.0,1.6,0.881963744937643,3.55,-1.9499999999999997,True
48,9138.296,2.0,0.8521812403503254,1.625,0.375,True
48,17766.592,-0.7000000000000001,0.8219363684205684,-0.30000000000000027,-0.3999999999999998,True
48,26394.888,-0.30000000000000004,0.9335575286702634,-2.2249999999999996,1.9249999999999996,True
48,35023.184,-11.200000000000001,0.7291315573438515,-4.15,-7.050000000000001,True
49,510.0,1.0,0.8830155307776215,1.4500000000000004,-0.4500000000000004,True
49,9713.0,-6.0,0.8092763088184896,-5.775,-0.22499999999999964,True
49,18916.0,-13.0,0.8282096776216238,-13.0,0.0,True
49,28119.0,-20.3,0.8615042843108829,-20.225,-0.07499999999999929,True
49,37322.0,-34.1,0.5326977322466931,-27.450000000000003,-6.649999999999999,True
50,510.0,0.8,0.9311139584965183,14.75,-13.95,True
50,10017.336,-5.4,0.8827698115801462,1.5249999999999986,-6.924999999999999,True
50,19524.672,-11.700000000000001,0.9545809363180336,-11.700000000000001,0.0,True
50,29032.007999999998,-32.4,0.6025736337412588,-24.924999999999997,-7.475000000000001,True
50,38539.344,-51.0,0.5290640449642902,-38.15,-12.850000000000001,True
