experiment_id,fold,seed,task,train_device,test_device,model_variant,backbone,pooling,window_sec,gpu_id,gpu_name,start_ts,end_ts,git_commit,command,output_dir,exit_status,peak_vram_gb,runtime_sec
device_probe_data2vec_audio_fold0,0,42,device_probe,R+S,R+S,device_classifier_data2vec_audio,data2vec_audio,temporal_mean_cached,,mig24gb_slice,RTX_PRO_6000_Blackwell_MIG_1g.24gb,,,,run_device_probe.py --representation data2vec_audio --fold 0,paired_physio_device/results/device_probe/data2vec_audio_fold0,complete,,
device_probe_data2vec_audio_fold1,1,42,device_probe,R+S,R+S,device_classifier_data2vec_audio,data2vec_audio,temporal_mean_cached,,mig24gb_slice,RTX_PRO_6000_Blackwell_MIG_1g.24gb,,,,run_device_probe.py --representation data2vec_audio --fold 1,paired_physio_device/results/device_probe/data2vec_audio_fold1,complete,,
device_probe_data2vec_audio_fold2,2,42,device_probe,R+S,R+S,device_classifier_data2vec_audio,data2vec_audio,temporal_mean_cached,,mig24gb_slice,RTX_PRO_6000_Blackwell_MIG_1g.24gb,,,,run_device_probe.py --representation data2vec_audio --fold 2,paired_physio_device/results/device_probe/data2vec_audio_fold2,complete,,
device_probe_data2vec_audio_fold3,3,42,device_probe,R+S,R+S,device_classifier_data2vec_audio,data2vec_audio,temporal_mean_cached,,mig24gb_slice,RTX_PRO_6000_Blackwell_MIG_1g.24gb,,,,run_device_probe.py --representation data2vec_audio --fold 3,paired_physio_device/results/device_probe/data2vec_audio_fold3,complete,,
device_probe_data2vec_audio_fold4,4,42,device_probe,R+S,R+S,device_classifier_data2vec_audio,data2vec_audio,temporal_mean_cached,,mig24gb_slice,RTX_PRO_6000_Blackwell_MIG_1g.24gb,,,,run_device_probe.py --representation data2vec_audio --fold 4,paired_physio_device/results/device_probe/data2vec_audio_fold4,complete,,
device_probe_data2vec_spectrogram_fold0,0,42,device_probe,R+S,R+S,device_classifier_data2vec_spectrogram,data2vec_spectrogram,temporal_mean_cached,,mig24gb_slice,RTX_PRO_6000_Blackwell_MIG_1g.24gb,,,,run_device_probe.py --representation data2vec_spectrogram --fold 0,paired_physio_device/results/device_probe/data2vec_spectrogram_fold0,complete,,
device_probe_data2vec_spectrogram_fold1,1,42,device_probe,R+S,R+S,device_classifier_data2vec_spectrogram,data2vec_spectrogram,temporal_mean_cached,,mig24gb_slice,RTX_PRO_6000_Blackwell_MIG_1g.24gb,,,,run_device_probe.py --representation data2vec_spectrogram --fold 1,paired_physio_device/results/device_probe/data2vec_spectrogram_fold1,complete,,
device_probe_data2vec_spectrogram_fold2,2,42,device_probe,R+S,R+S,device_classifier_data2vec_spectrogram,data2vec_spectrogram,temporal_mean_cached,,mig24gb_slice,RTX_PRO_6000_Blackwell_MIG_1g.24gb,,,,run_device_probe.py --representation data2vec_spectrogram --fold 2,paired_physio_device/results/device_probe/data2vec_spectrogram_fold2,complete,,
device_probe_data2vec_spectrogram_fold3,3,42,device_probe,R+S,R+S,device_classifier_data2vec_spectrogram,data2vec_spectrogram,temporal_mean_cached,,mig24gb_slice,RTX_PRO_6000_Blackwell_MIG_1g.24gb,,,,run_device_probe.py --representation data2vec_spectrogram --fold 3,paired_physio_device/results/device_probe/data2vec_spectrogram_fold3,complete,,
device_probe_data2vec_spectrogram_fold4,4,42,device_probe,R+S,R+S,device_classifier_data2vec_spectrogram,data2vec_spectrogram,temporal_mean_cached,,mig24gb_slice,RTX_PRO_6000_Blackwell_MIG_1g.24gb,,,,run_device_probe.py --representation data2vec_spectrogram --fold 4,paired_physio_device/results/device_probe/data2vec_spectrogram_fold4,complete,,
device_probe_hear_fold0,0,42,device_probe,R+S,R+S,device_classifier_hear,hear,temporal_mean_cached,,mig24gb_slice,RTX_PRO_6000_Blackwell_MIG_1g.24gb,,,,run_device_probe.py --representation hear --fold 0,paired_physio_device/results/device_probe/hear_fold0,complete,,
device_probe_hear_fold1,1,42,device_probe,R+S,R+S,device_classifier_hear,hear,temporal_mean_cached,,mig24gb_slice,RTX_PRO_6000_Blackwell_MIG_1g.24gb,,,,run_device_probe.py --representation hear --fold 1,paired_physio_device/results/device_probe/hear_fold1,complete,,
device_probe_hear_fold2,2,42,device_probe,R+S,R+S,device_classifier_hear,hear,temporal_mean_cached,,mig24gb_slice,RTX_PRO_6000_Blackwell_MIG_1g.24gb,,,,run_device_probe.py --representation hear --fold 2,paired_physio_device/results/device_probe/hear_fold2,complete,,
device_probe_hear_fold3,3,42,device_probe,R+S,R+S,device_classifier_hear,hear,temporal_mean_cached,,mig24gb_slice,RTX_PRO_6000_Blackwell_MIG_1g.24gb,,,,run_device_probe.py --representation hear --fold 3,paired_physio_device/results/device_probe/hear_fold3,complete,,
device_probe_hear_fold4,4,42,device_probe,R+S,R+S,device_classifier_hear,hear,temporal_mean_cached,,mig24gb_slice,RTX_PRO_6000_Blackwell_MIG_1g.24gb,,,,run_device_probe.py --representation hear --fold 4,paired_physio_device/results/device_probe/hear_fold4,complete,,
device_probe_hubert_fold0,0,42,device_probe,R+S,R+S,device_classifier_hubert,hubert,temporal_mean_cached,,mig24gb_slice,RTX_PRO_6000_Blackwell_MIG_1g.24gb,,,,run_device_probe.py --representation hubert --fold 0,paired_physio_device/results/device_probe/hubert_fold0,complete,,
device_probe_hubert_fold1,1,42,device_probe,R+S,R+S,device_classifier_hubert,hubert,temporal_mean_cached,,mig24gb_slice,RTX_PRO_6000_Blackwell_MIG_1g.24gb,,,,run_device_probe.py --representation hubert --fold 1,paired_physio_device/results/device_probe/hubert_fold1,complete,,
device_probe_hubert_fold2,2,42,device_probe,R+S,R+S,device_classifier_hubert,hubert,temporal_mean_cached,,mig24gb_slice,RTX_PRO_6000_Blackwell_MIG_1g.24gb,,,,run_device_probe.py --representation hubert --fold 2,paired_physio_device/results/device_probe/hubert_fold2,complete,,
device_probe_hubert_fold3,3,42,device_probe,R+S,R+S,device_classifier_hubert,hubert,temporal_mean_cached,,mig24gb_slice,RTX_PRO_6000_Blackwell_MIG_1g.24gb,,,,run_device_probe.py --representation hubert --fold 3,paired_physio_device/results/device_probe/hubert_fold3,complete,,
device_probe_hubert_fold4,4,42,device_probe,R+S,R+S,device_classifier_hubert,hubert,temporal_mean_cached,,mig24gb_slice,RTX_PRO_6000_Blackwell_MIG_1g.24gb,,,,run_device_probe.py --representation hubert --fold 4,paired_physio_device/results/device_probe/hubert_fold4,complete,,
device_probe_wav2vec2_fold0,0,42,device_probe,R+S,R+S,device_classifier_wav2vec2,wav2vec2,temporal_mean_cached,,mig24gb_slice,RTX_PRO_6000_Blackwell_MIG_1g.24gb,,,,run_device_probe.py --representation wav2vec2 --fold 0,paired_physio_device/results/device_probe/wav2vec2_fold0,complete,,
device_probe_wav2vec2_fold1,1,42,device_probe,R+S,R+S,device_classifier_wav2vec2,wav2vec2,temporal_mean_cached,,mig24gb_slice,RTX_PRO_6000_Blackwell_MIG_1g.24gb,,,,run_device_probe.py --representation wav2vec2 --fold 1,paired_physio_device/results/device_probe/wav2vec2_fold1,complete,,
device_probe_wav2vec2_fold2,2,42,device_probe,R+S,R+S,device_classifier_wav2vec2,wav2vec2,temporal_mean_cached,,mig24gb_slice,RTX_PRO_6000_Blackwell_MIG_1g.24gb,,,,run_device_probe.py --representation wav2vec2 --fold 2,paired_physio_device/results/device_probe/wav2vec2_fold2,complete,,
device_probe_wav2vec2_fold3,3,42,device_probe,R+S,R+S,device_classifier_wav2vec2,wav2vec2,temporal_mean_cached,,mig24gb_slice,RTX_PRO_6000_Blackwell_MIG_1g.24gb,,,,run_device_probe.py --representation wav2vec2 --fold 3,paired_physio_device/results/device_probe/wav2vec2_fold3,complete,,
device_probe_wav2vec2_fold4,4,42,device_probe,R+S,R+S,device_classifier_wav2vec2,wav2vec2,temporal_mean_cached,,mig24gb_slice,RTX_PRO_6000_Blackwell_MIG_1g.24gb,,,,run_device_probe.py --representation wav2vec2 --fold 4,paired_physio_device/results/device_probe/wav2vec2_fold4,complete,,
device_probe_wavlm_fold0,0,42,device_probe,R+S,R+S,device_classifier_wavlm,wavlm,temporal_mean_cached,,mig24gb_slice,RTX_PRO_6000_Blackwell_MIG_1g.24gb,,,,run_device_probe.py --representation wavlm --fold 0,paired_physio_device/results/device_probe/wavlm_fold0,complete,,
device_probe_wavlm_fold1,1,42,device_probe,R+S,R+S,device_classifier_wavlm,wavlm,temporal_mean_cached,,mig24gb_slice,RTX_PRO_6000_Blackwell_MIG_1g.24gb,,,,run_device_probe.py --representation wavlm --fold 1,paired_physio_device/results/device_probe/wavlm_fold1,complete,,
device_probe_wavlm_fold2,2,42,device_probe,R+S,R+S,device_classifier_wavlm,wavlm,temporal_mean_cached,,mig24gb_slice,RTX_PRO_6000_Blackwell_MIG_1g.24gb,,,,run_device_probe.py --representation wavlm --fold 2,paired_physio_device/results/device_probe/wavlm_fold2,complete,,
device_probe_wavlm_fold3,3,42,device_probe,R+S,R+S,device_classifier_wavlm,wavlm,temporal_mean_cached,,mig24gb_slice,RTX_PRO_6000_Blackwell_MIG_1g.24gb,,,,run_device_probe.py --representation wavlm --fold 3,paired_physio_device/results/device_probe/wavlm_fold3,complete,,
device_probe_wavlm_fold4,4,42,device_probe,R+S,R+S,device_classifier_wavlm,wavlm,temporal_mean_cached,,mig24gb_slice,RTX_PRO_6000_Blackwell_MIG_1g.24gb,,,,run_device_probe.py --representation wavlm --fold 4,paired_physio_device/results/device_probe/wavlm_fold4,complete,,
device_probe_wavlm_large_fold0,0,42,device_probe,R+S,R+S,device_classifier_wavlm_large,wavlm_large,temporal_mean_cached,,mig24gb_slice,RTX_PRO_6000_Blackwell_MIG_1g.24gb,,,,run_device_probe.py --representation wavlm_large --fold 0,paired_physio_device/results/device_probe/wavlm_large_fold0,complete,,
device_probe_wavlm_large_fold1,1,42,device_probe,R+S,R+S,device_classifier_wavlm_large,wavlm_large,temporal_mean_cached,,mig24gb_slice,RTX_PRO_6000_Blackwell_MIG_1g.24gb,,,,run_device_probe.py --representation wavlm_large --fold 1,paired_physio_device/results/device_probe/wavlm_large_fold1,complete,,
device_probe_wavlm_large_fold2,2,42,device_probe,R+S,R+S,device_classifier_wavlm_large,wavlm_large,temporal_mean_cached,,mig24gb_slice,RTX_PRO_6000_Blackwell_MIG_1g.24gb,,,,run_device_probe.py --representation wavlm_large --fold 2,paired_physio_device/results/device_probe/wavlm_large_fold2,complete,,
device_probe_wavlm_large_fold3,3,42,device_probe,R+S,R+S,device_classifier_wavlm_large,wavlm_large,temporal_mean_cached,,mig24gb_slice,RTX_PRO_6000_Blackwell_MIG_1g.24gb,,,,run_device_probe.py --representation wavlm_large --fold 3,paired_physio_device/results/device_probe/wavlm_large_fold3,complete,,
device_probe_wavlm_large_fold4,4,42,device_probe,R+S,R+S,device_classifier_wavlm_large,wavlm_large,temporal_mean_cached,,mig24gb_slice,RTX_PRO_6000_Blackwell_MIG_1g.24gb,,,,run_device_probe.py --representation wavlm_large --fold 4,paired_physio_device/results/device_probe/wavlm_large_fold4,complete,,
