representation,classifier,protocol,metric,ablation_point,full_fusion_point,point_difference,bootstrap_mean_difference,bootstrap_std,ci95_low,ci95_high,p_value_two_sided,bootstrap_iterations,unit,interpretation
full_minus_hubert,svm_rbf,R_R,f1,0.5395796927805568,0.5547313729905512,-0.015151680209994356,-0.015079137152518537,0.007157743618588384,-0.030092484423393306,-0.0019670174117185297,0.028,2000,subject,CI excludes zero
full_minus_hubert,svm_rbf,R_R,balanced_accuracy,0.5736975775644076,0.5782914321370939,-0.00459385457268624,-0.004588538870612654,0.003647497478818655,-0.012047537543552027,0.0021874316320146473,0.191,2000,subject,CI includes zero
full_minus_hubert,svm_rbf,R_R,roc_auc,0.6143435658887358,0.626438246494307,-0.012094680605571173,-0.012117662563416882,0.0035979762843177474,-0.019666855696055342,-0.005651212999301603,0.0,2000,subject,CI excludes zero
full_minus_hubert,svm_rbf,R_R,mcc,0.15581062567695877,0.16704888705207727,-0.011238261375118491,-0.01128611417128913,0.007325806309328463,-0.026186792011990638,0.0026501836722572507,0.105,2000,subject,CI includes zero
full_minus_hubert,svm_rbf,S_S,f1,0.566794525760037,0.5688250341824791,-0.0020305084224421233,-0.0019926310078123622,0.004852917849146544,-0.01173297781971953,0.00768803911756256,0.666,2000,subject,CI includes zero
full_minus_hubert,svm_rbf,S_S,balanced_accuracy,0.5929244869644473,0.5951806066270218,-0.0022561196625744406,-0.0021996231576759586,0.003060217386324931,-0.008500675041836561,0.003769299741240211,0.478,2000,subject,CI includes zero
full_minus_hubert,svm_rbf,S_S,roc_auc,0.6361883501586837,0.6426883504015177,-0.0065000002428340364,-0.006405549153077884,0.003235818554982187,-0.012409320785409954,0.00012465303740911328,0.055,2000,subject,CI includes zero
full_minus_hubert,svm_rbf,S_S,mcc,0.19429642861741894,0.2006036182420121,-0.006307189624593146,-0.006188180549206372,0.00649698952185216,-0.01928365720148568,0.006680284550894571,0.341,2000,subject,CI includes zero
full_minus_hubert,svm_rbf,R_S,f1,0.2626604928662649,0.21178096425358872,0.050879528612676195,0.05044102923104566,0.018525707087088044,0.017669833363435833,0.08923686735234611,0.0,2000,subject,CI excludes zero
full_minus_hubert,svm_rbf,R_S,balanced_accuracy,0.5224271713879549,0.5194993168120328,0.002927854575922151,0.0028406280268407,0.0060527277526856525,-0.009288591936606628,0.014486989951777472,0.631,2000,subject,CI includes zero
full_minus_hubert,svm_rbf,R_S,roc_auc,0.5763491222684619,0.5821216957775239,-0.005772573509062018,-0.005617680295015939,0.007840935977617198,-0.021355100971253753,0.009610500516992452,0.477,2000,subject,CI includes zero
full_minus_hubert,svm_rbf,R_S,mcc,0.04884058618708412,0.032854395348030016,0.0159861908390541,0.015649870514830345,0.015061751239161038,-0.013484846664806227,0.04549448841036627,0.291,2000,subject,CI includes zero
full_minus_hubert,svm_rbf,S_R,f1,0.37928091404292086,0.3002776476626214,0.07900326638029948,0.0789550437351678,0.017953465978396754,0.04312650238914511,0.11500152585603242,0.0,2000,subject,CI excludes zero
full_minus_hubert,svm_rbf,S_R,balanced_accuracy,0.5353003788470414,0.535630326808969,-0.00032994796192764575,-0.00028575494908579025,0.005306832560201199,-0.0106428823832666,0.01013396323695019,0.96,2000,subject,CI includes zero
full_minus_hubert,svm_rbf,S_R,roc_auc,0.5824604350004098,0.5845537286986863,-0.0020932936982764883,-0.002193491579368853,0.007544203637673406,-0.01763669312260159,0.011898716150732017,0.795,2000,subject,CI includes zero
full_minus_hubert,svm_rbf,S_R,mcc,0.07331997237188342,0.07042261008092886,0.0028973622909545665,0.002888532112520343,0.012989036180974859,-0.02233042366245089,0.027876334800402424,0.818,2000,subject,CI includes zero
full_minus_hubert,mlp,R_R,f1,0.5691717648461441,0.5654573614497161,0.0037144033964279233,0.003603901369096567,0.008967323570876524,-0.013147621211038976,0.022255360440496617,0.717,2000,subject,CI includes zero
full_minus_hubert,mlp,R_R,balanced_accuracy,0.5655885042623217,0.5676393968931283,-0.0020508926308066,-0.001899198771852385,0.0050628690698087545,-0.011764324151580564,0.007632837202962598,0.717,2000,subject,CI includes zero
full_minus_hubert,mlp,R_R,roc_auc,0.6030830218591698,0.6168626066818165,-0.013779584822646629,-0.013621316650058782,0.005785045498073073,-0.024995451288817017,-0.002359724075643731,0.022,2000,subject,CI excludes zero
full_minus_hubert,mlp,R_R,mcc,0.14065033794446333,0.1458021825215162,-0.0051518445770528665,-0.004753369587181583,0.011182614251125747,-0.02690338701932643,0.016460682102433153,0.675,2000,subject,CI includes zero
full_minus_hubert,mlp,S_S,f1,0.530970631427267,0.5025136534967626,0.02845697793050439,0.028222828763005477,0.019238583147119362,-0.009178285323155287,0.06519068808693726,0.142,2000,subject,CI includes zero
full_minus_hubert,mlp,S_S,balanced_accuracy,0.5799421774270923,0.5748047249333063,0.005137452493786054,0.005279281056044179,0.009467067086791889,-0.013158014615857852,0.02307229414607076,0.579,2000,subject,CI includes zero
full_minus_hubert,mlp,S_S,roc_auc,0.6249026067398389,0.6245613937741804,0.00034121296565847725,0.00044995186843859174,0.008344247411999524,-0.01529449136679815,0.016739513528623233,0.954,2000,subject,CI includes zero
full_minus_hubert,mlp,S_S,mcc,0.16421047440700276,0.15343068479065233,0.010779789616350427,0.011124355331704564,0.019597581136539564,-0.026341972159672922,0.04879926574234077,0.574,2000,subject,CI includes zero
full_minus_hubert,mlp,R_S,f1,0.3995692459752417,0.3753025557873346,0.02426669018790706,0.02465415311399235,0.031368473575002935,-0.03429415047769905,0.08713901125645686,0.446,2000,subject,CI includes zero
full_minus_hubert,mlp,R_S,balanced_accuracy,0.5419425293995245,0.5365084213369236,0.0054341080626009175,0.005445389147981995,0.011531895486205116,-0.016197719962819865,0.029193192615568835,0.648,2000,subject,CI includes zero
full_minus_hubert,mlp,R_S,roc_auc,0.5956101142970637,0.5894127854276332,0.006197328869430474,0.00599546565928304,0.012298279594089776,-0.01621836833119864,0.031418343117197434,0.66,2000,subject,CI includes zero
full_minus_hubert,mlp,R_S,mcc,0.0936002159821956,0.08533290587085518,0.008267310111340423,0.00842190636083511,0.02499620376981085,-0.038681713930435194,0.0586011771335403,0.76,2000,subject,CI includes zero
full_minus_hubert,mlp,S_R,f1,0.4803367933052284,0.29115944683961503,0.18917734646561335,0.18876418522253494,0.026749427679133048,0.1393331380106085,0.24187870619047167,0.0,2000,subject,CI excludes zero
full_minus_hubert,mlp,S_R,balanced_accuracy,0.5464466406745816,0.5258815813137964,0.02056505936078523,0.020820076855086436,0.010782409890246772,0.0010449954642472884,0.04347137642682315,0.029,2000,subject,CI excludes zero
full_minus_hubert,mlp,S_R,roc_auc,0.581536063555819,0.5656127905833213,0.015923272972497737,0.016165257890025746,0.013429731286635618,-0.009237714889605564,0.04416208838774013,0.208,2000,subject,CI includes zero
full_minus_hubert,mlp,S_R,mcc,0.10002870368996129,0.06297042067869933,0.03705828301126196,0.037812438199428526,0.024526472664070847,-0.0060628567549534575,0.08785972361949432,0.121,2000,subject,CI includes zero
full_minus_hubert,random_forest,R_R,f1,0.533486812134266,0.5279695910395414,0.005517221094724523,0.005688681831545682,0.006794523560948109,-0.007034593456954298,0.019826117548311817,0.417,2000,subject,CI includes zero
full_minus_hubert,random_forest,R_R,balanced_accuracy,0.566925945948786,0.5679321298744855,-0.0010061839256995109,-0.0010352486116652153,0.0037744415912226432,-0.00784104870304795,0.006771065321520633,0.768,2000,subject,CI includes zero
full_minus_hubert,random_forest,R_R,roc_auc,0.6088600079639309,0.615997160470398,-0.0071371525064670704,-0.007121828336524762,0.004105263271881244,-0.014679149744348433,0.0010685721985230075,0.087,2000,subject,CI includes zero
full_minus_hubert,random_forest,R_R,mcc,0.14486425388540544,0.14472788204753867,0.0001363718378667722,6.106299908818669e-06,0.009703703795073284,-0.017494616701770587,0.020798505326590198,0.959,2000,subject,CI includes zero
full_minus_hubert,random_forest,S_S,f1,0.5630980279072738,0.5658965694892013,-0.002798541581927494,-0.002750739571995371,0.007837929326316613,-0.0184029160004999,0.012576704888000419,0.72,2000,subject,CI includes zero
full_minus_hubert,random_forest,S_S,balanced_accuracy,0.5834555184467535,0.5916149753161518,-0.00815945686939834,-0.008043572987951353,0.004888331809562501,-0.017467455262266705,0.0016760667189362596,0.112,2000,subject,CI includes zero
full_minus_hubert,random_forest,S_S,roc_auc,0.6151901976646559,0.6317526816496044,-0.01656248398494853,-0.016532109470338667,0.004848563534126132,-0.02622633884628441,-0.007551069568266089,0.001,2000,subject,CI excludes zero
full_minus_hubert,random_forest,S_S,mcc,0.1750934619783048,0.1920948440703997,-0.017001382092094897,-0.016701049749529004,0.010526404872535687,-0.03717624271515658,0.004327567095844036,0.121,2000,subject,CI includes zero
full_minus_hubert,random_forest,R_S,f1,0.2610154808342471,0.24375664856433327,0.017258832269913815,0.01750256426086038,0.019776214739735155,-0.01754390108613968,0.05942495759238907,0.38,2000,subject,CI includes zero
full_minus_hubert,random_forest,R_S,balanced_accuracy,0.5230768926783573,0.519603665883372,0.0034732267949852957,0.0035098756486759315,0.0080346596034794,-0.01059759808249867,0.02115276106877362,0.706,2000,subject,CI includes zero
full_minus_hubert,random_forest,R_S,roc_auc,0.5908319261463901,0.5890811223225431,0.0017508038238470691,0.001790501162946001,0.006936710159925442,-0.011640452186377591,0.015202523867888867,0.806,2000,subject,CI includes zero
full_minus_hubert,random_forest,R_S,mcc,0.06117054500012945,0.05259836139396049,0.00857218360616896,0.008644204041610475,0.01881109366532725,-0.025158474061020106,0.04789963408908977,0.682,2000,subject,CI includes zero
full_minus_hubert,random_forest,S_R,f1,0.332893463313112,0.2959170254946805,0.03697643781843146,0.036534985455284684,0.01840493233846699,0.0007142646088006701,0.07382456886890762,0.046,2000,subject,CI excludes zero
full_minus_hubert,random_forest,S_R,balanced_accuracy,0.5170371332241765,0.5217882162330268,-0.004751083008850299,-0.0049275810740873,0.0054184215390840635,-0.015366280490830221,0.005637411254703368,0.369,2000,subject,CI includes zero
full_minus_hubert,random_forest,S_R,roc_auc,0.5667206632362733,0.5668258758729262,-0.00010521263665286273,-0.00035947718913794584,0.00796886710454096,-0.015444329570861724,0.015554304491634835,0.958,2000,subject,CI includes zero
full_minus_hubert,random_forest,S_R,mcc,0.03770673708821282,0.04947673151928215,-0.011769994431069325,-0.012238125087868144,0.014148220330567117,-0.039485060314437916,0.015474768169453484,0.385,2000,subject,CI includes zero
full_minus_hubert,xgboost,R_R,f1,0.5449061708192706,0.536344721813834,0.00856144900543665,0.008761867798365663,0.006506225368958887,-0.003674391452896199,0.021306252954087616,0.173,2000,subject,CI includes zero
full_minus_hubert,xgboost,R_R,balanced_accuracy,0.5743936995294747,0.5723998638340422,0.0019938356954325442,0.0021016455507290917,0.0035009373618919305,-0.004565127064066484,0.0092645668569675,0.565,2000,subject,CI includes zero
full_minus_hubert,xgboost,R_R,roc_auc,0.6166420935219465,0.6218681584641266,-0.005226064942180031,-0.005040227892124401,0.005237778711438384,-0.015482555656576674,0.004640290669863767,0.339,2000,subject,CI includes zero
full_minus_hubert,xgboost,R_R,mcc,0.15909176804313527,0.1567111334732868,0.0023806345698484666,0.0026196567123047314,0.007778231679079082,-0.012394190388412782,0.01811317843521827,0.751,2000,subject,CI includes zero
full_minus_hubert,xgboost,S_S,f1,0.5633754521595787,0.5702845272885622,-0.006909075128983422,-0.006809932726905958,0.010935671072692658,-0.027684647804215284,0.01526471016422474,0.502,2000,subject,CI includes zero
full_minus_hubert,xgboost,S_S,balanced_accuracy,0.5867822613745776,0.5958871489454555,-0.009104887570877906,-0.009088173637079719,0.004882204256318886,-0.01892120887070818,0.0005447313633903625,0.062,2000,subject,CI includes zero
full_minus_hubert,xgboost,S_S,roc_auc,0.6294992020105188,0.6441655953756233,-0.014666393365104557,-0.01462809753871864,0.005241543884511434,-0.02490815621719805,-0.004388211310586212,0.004,2000,subject,CI excludes zero
full_minus_hubert,xgboost,S_S,mcc,0.1800517927023792,0.19911749074940108,-0.01906569804702188,-0.018991829894466225,0.01033246135099269,-0.0392374437308647,0.0014650272585084916,0.068,2000,subject,CI includes zero
full_minus_hubert,xgboost,R_S,f1,0.1905806174760135,0.2053401903880496,-0.014759572912036112,-0.014532758840463187,0.016466479965900095,-0.047275638868802254,0.017837432387602818,0.38,2000,subject,CI includes zero
full_minus_hubert,xgboost,R_S,balanced_accuracy,0.5167926432851979,0.5206025548100288,-0.0038099115248309,-0.0037464392143046767,0.005566599157242811,-0.01469536431112021,0.007315523146329494,0.496,2000,subject,CI includes zero
full_minus_hubert,xgboost,R_S,roc_auc,0.6051167672450353,0.5989447895517507,0.0061719776932845916,0.00619128256348487,0.008732743922585063,-0.009808628660219003,0.02369653977828822,0.492,2000,subject,CI includes zero
full_minus_hubert,xgboost,R_S,mcc,0.0389063205440037,0.04855514262723246,-0.009648822083228766,-0.009812663379275144,0.015711102163983654,-0.0414656337331443,0.01992224568064462,0.53,2000,subject,CI includes zero
full_minus_hubert,xgboost,S_R,f1,0.35818800731688716,0.2642186268747714,0.09396938044211578,0.09427097894555027,0.028333507761451528,0.03843312894057099,0.14825369905028146,0.002,2000,subject,CI excludes zero
full_minus_hubert,xgboost,S_R,balanced_accuracy,0.5279101706968875,0.5211121711792622,0.006797999517625275,0.006954444593790709,0.006607724167102051,-0.006155896678471202,0.01964030609211013,0.294,2000,subject,CI includes zero
full_minus_hubert,xgboost,S_R,roc_auc,0.5706588355096347,0.5753049849093753,-0.004646149399740618,-0.00446505139804432,0.011358137306376833,-0.02735927449491173,0.017651475268123835,0.705,2000,subject,CI includes zero
full_minus_hubert,xgboost,S_R,mcc,0.06299569185918306,0.0478621748721494,0.015133516987033663,0.015457821790818607,0.017103664103684562,-0.01786259315899044,0.04834302798997381,0.37,2000,subject,CI includes zero
full_minus_wavlm,svm_rbf,R_R,f1,0.5464041910187538,0.5547313729905512,-0.008327181971797382,-0.008668211753337872,0.009323264080968226,-0.02635719668817989,0.010764802645494839,0.332,2000,subject,CI includes zero
full_minus_wavlm,svm_rbf,R_R,balanced_accuracy,0.5799635175916769,0.5782914321370939,0.0016720854545829722,0.001609522583731696,0.006974351349382769,-0.009639235935360644,0.017659373332364618,0.89,2000,subject,CI includes zero
full_minus_wavlm,svm_rbf,R_R,roc_auc,0.6218761210853155,0.626438246494307,-0.00456212540899148,-0.004761309449925528,0.006810083373410516,-0.01751593392571882,0.009340529692127092,0.457,2000,subject,CI includes zero
full_minus_wavlm,svm_rbf,R_R,mcc,0.16948712387047962,0.16704888705207727,0.002438236818402356,0.002278437087302031,0.014535853896006274,-0.021703324095220276,0.035279194001388035,0.948,2000,subject,CI includes zero
full_minus_wavlm,svm_rbf,S_S,f1,0.5679019518946589,0.5688250341824791,-0.0009230822878202316,-0.0010115994179633204,0.010422143959251298,-0.020737620445926298,0.019906432923071517,0.91,2000,subject,CI includes zero
full_minus_wavlm,svm_rbf,S_S,balanced_accuracy,0.5937650239018009,0.5951806066270218,-0.0014155827252209097,-0.0013842214652745296,0.0047563760905104235,-0.010544254182280928,0.008295726724014605,0.763,2000,subject,CI includes zero
full_minus_wavlm,svm_rbf,S_S,roc_auc,0.6414965865641884,0.6426883504015177,-0.0011917638373293293,-0.0011550314829292428,0.00354361476265554,-0.008677692260036824,0.00558378399216226,0.782,2000,subject,CI includes zero
full_minus_wavlm,svm_rbf,S_S,mcc,0.19656540538382797,0.2006036182420121,-0.00403821285818412,-0.003979937681415826,0.0089061796765638,-0.021430884932977783,0.014104008583511296,0.657,2000,subject,CI includes zero
full_minus_wavlm,svm_rbf,R_S,f1,0.19302970804354494,0.21178096425358872,-0.018751256210043782,-0.01837842439179834,0.016235041545365588,-0.04917979749707051,0.01201030313575859,0.256,2000,subject,CI includes zero
full_minus_wavlm,svm_rbf,R_S,balanced_accuracy,0.5160412068159898,0.5194993168120328,-0.003458109996043013,-0.003406242835776563,0.004656542123902205,-0.013046368869823211,0.005180329003410349,0.477,2000,subject,CI includes zero
full_minus_wavlm,svm_rbf,R_S,roc_auc,0.5705171342706277,0.5821216957775239,-0.01160456150689626,-0.011558029882006299,0.006966859436298484,-0.02549845848694056,0.0017737120928942292,0.094,2000,subject,CI includes zero
full_minus_wavlm,svm_rbf,R_S,mcc,0.03397840829618549,0.032854395348030016,0.0011240129481554714,0.0012184095108152952,0.012929776760747668,-0.024106277447265553,0.027093470859057136,0.915,2000,subject,CI includes zero
full_minus_wavlm,svm_rbf,S_R,f1,0.2706455212274078,0.3002776476626214,-0.029632126435213568,-0.02945857323030082,0.011911367499856603,-0.05480860365765185,-0.006861411448764391,0.012,2000,subject,CI excludes zero
full_minus_wavlm,svm_rbf,S_R,balanced_accuracy,0.5299402952628707,0.535630326808969,-0.005690031546098373,-0.005626221401742285,0.004415902430053825,-0.014508654820126515,0.003102140908070919,0.185,2000,subject,CI includes zero
full_minus_wavlm,svm_rbf,S_R,roc_auc,0.581826771724822,0.5845537286986863,-0.0027269569738642696,-0.0024845877998316305,0.005536142370693946,-0.013418783947280088,0.008266337511366476,0.65,2000,subject,CI includes zero
full_minus_wavlm,svm_rbf,S_R,mcc,0.06057778772588079,0.07042261008092886,-0.00984482235504807,-0.010019220171969769,0.012490073819586058,-0.03591258536224079,0.013761875271467352,0.417,2000,subject,CI includes zero
full_minus_wavlm,mlp,R_R,f1,0.5439202273789012,0.5654573614497161,-0.021537134070814923,-0.02143723398800655,0.014498199643315975,-0.05102486701538507,0.00709045974025164,0.141,2000,subject,CI includes zero
full_minus_wavlm,mlp,R_R,balanced_accuracy,0.5658748840220857,0.5676393968931283,-0.0017645128710425118,-0.0015982517145484202,0.00637522988699507,-0.013930492967507719,0.011171535084030777,0.789,2000,subject,CI includes zero
full_minus_wavlm,mlp,R_R,roc_auc,0.6022037924493764,0.6168626066818165,-0.014658814232440087,-0.014452012495235826,0.008970615921165576,-0.032844009499369324,0.002521344698613059,0.094,2000,subject,CI includes zero
full_minus_wavlm,mlp,R_R,mcc,0.1425881163923395,0.1458021825215162,-0.0032140661291766848,-0.0027916771085222934,0.014288152416936447,-0.030887300004574063,0.024943702433789003,0.823,2000,subject,CI includes zero
full_minus_wavlm,mlp,S_S,f1,0.5172254247965066,0.5025136534967626,0.014711771299743992,0.014402002216833418,0.01951114784545604,-0.0215472639864355,0.053651877442740636,0.478,2000,subject,CI includes zero
full_minus_wavlm,mlp,S_S,balanced_accuracy,0.5732810502020688,0.5748047249333063,-0.0015236747312374899,-0.001600469004094587,0.008622385551416596,-0.01719480157987609,0.015800930408634905,0.849,2000,subject,CI includes zero
full_minus_wavlm,mlp,S_S,roc_auc,0.6269820678415202,0.6245613937741804,0.002420674067339812,0.0022332152544305766,0.009332511311431108,-0.016077495415394754,0.020207521938204,0.789,2000,subject,CI includes zero
full_minus_wavlm,mlp,S_S,mcc,0.1561190546351415,0.15343068479065233,0.002688369844489169,0.0024900694703323106,0.017576300812109518,-0.029263106988116776,0.03770953477518724,0.91,2000,subject,CI includes zero
full_minus_wavlm,mlp,R_S,f1,0.180220312773348,0.3753025557873346,-0.19508224301398663,-0.19554270302115045,0.025943676726330193,-0.24710226081161824,-0.14535483575560504,0.0,2000,subject,CI excludes zero
full_minus_wavlm,mlp,R_S,balanced_accuracy,0.5139967152373958,0.5365084213369236,-0.022511706099527795,-0.022689056816982946,0.006804455703160688,-0.03621324617948249,-0.01005255338668339,0.001,2000,subject,CI excludes zero
full_minus_wavlm,mlp,R_S,roc_auc,0.5641773020321483,0.5894127854276332,-0.02523548339548487,-0.02517199029770437,0.009639524078375459,-0.04477570476371693,-0.00802167089827117,0.002,2000,subject,CI excludes zero
full_minus_wavlm,mlp,R_S,mcc,0.029769019355602704,0.08533290587085518,-0.05556388651525247,-0.0561790334663561,0.0183625330024491,-0.09331298872910991,-0.021129977019700905,0.0,2000,subject,CI excludes zero
full_minus_wavlm,mlp,S_R,f1,0.37104592851612683,0.29115944683961503,0.0798864816765118,0.08046144300474245,0.03751345719989363,0.005868224175907631,0.15267600000268494,0.035,2000,subject,CI excludes zero
full_minus_wavlm,mlp,S_R,balanced_accuracy,0.5298208698718152,0.5258815813137964,0.003939288558018839,0.003939767301254302,0.009048827335683027,-0.014135772581998433,0.021336295292490738,0.654,2000,subject,CI includes zero
full_minus_wavlm,mlp,S_R,roc_auc,0.5797486883372498,0.5656127905833213,0.014135897753928539,0.014132107068286335,0.011662653251498538,-0.008569019323528833,0.0361396888734137,0.219,2000,subject,CI includes zero
full_minus_wavlm,mlp,S_R,mcc,0.06732082527994324,0.06297042067869933,0.004350404601243904,0.0041897863602078644,0.020931882077637142,-0.03781629314191133,0.04519866640232947,0.843,2000,subject,CI includes zero
full_minus_wavlm,random_forest,R_R,f1,0.5313401717321291,0.5279695910395414,0.003370580692587666,0.003365965849700835,0.004714223527123917,-0.005562819771585115,0.012858757055201953,0.466,2000,subject,CI includes zero
full_minus_wavlm,random_forest,R_R,balanced_accuracy,0.5730042977399405,0.5679321298744855,0.005072167865455057,0.005041266759674092,0.0033740398068176254,-0.0013135638703467788,0.01216791126512448,0.117,2000,subject,CI includes zero
full_minus_wavlm,random_forest,R_R,roc_auc,0.6179974486308348,0.615997160470398,0.002000288160436847,0.0019877885913140267,0.0030434019165818697,-0.0041066927388309,0.007876973527449363,0.513,2000,subject,CI includes zero
full_minus_wavlm,random_forest,R_R,mcc,0.1582886355537679,0.14472788204753867,0.013560753506229234,0.013520633695867859,0.00928500563335008,-0.00338094766446071,0.0329571807664391,0.122,2000,subject,CI includes zero
full_minus_wavlm,random_forest,S_S,f1,0.5586183353755347,0.5658965694892013,-0.007278234113666571,-0.0070263615060959204,0.004775538623914367,-0.016596058261159154,0.001869758001906826,0.142,2000,subject,CI includes zero
full_minus_wavlm,random_forest,S_S,balanced_accuracy,0.5923960569287261,0.5916149753161518,0.0007810816125742859,0.0010751115295093813,0.003268676106465428,-0.005092329057350974,0.007631452896293283,0.756,2000,subject,CI includes zero
full_minus_wavlm,random_forest,S_S,roc_auc,0.6307838708816096,0.6317526816496044,-0.000968810767994821,-0.0008584474324049707,0.0027483277428687995,-0.006246412118735855,0.004325975353713884,0.745,2000,subject,CI includes zero
full_minus_wavlm,random_forest,S_S,mcc,0.19531062234659216,0.1920948440703997,0.0032157782761924603,0.0037993425841157417,0.006726201570584577,-0.009194999986020998,0.017004281206722652,0.575,2000,subject,CI includes zero
full_minus_wavlm,random_forest,R_S,f1,0.23520578730937727,0.24375664856433327,-0.008550861254955994,-0.009077195402590164,0.014351266233488669,-0.035642624271968,0.02127141120067604,0.509,2000,subject,CI includes zero
full_minus_wavlm,random_forest,R_S,balanced_accuracy,0.5186098683974283,0.519603665883372,-0.0009937974859437482,-0.0012227638269895552,0.007239348381206144,-0.012945517772885586,0.015070387271436343,0.766,2000,subject,CI includes zero
full_minus_wavlm,random_forest,R_S,roc_auc,0.5922013573502576,0.5890811223225431,0.003120235027714524,0.0031787258136088286,0.0061223650795153295,-0.008365107292688781,0.015321437969389813,0.612,2000,subject,CI includes zero
full_minus_wavlm,random_forest,R_S,mcc,0.06003238904037984,0.05259836139396049,0.0074340276464193444,0.006863248507612756,0.01981304168628463,-0.0255853375258738,0.05186486125567457,0.81,2000,subject,CI includes zero
full_minus_wavlm,random_forest,S_R,f1,0.2790663590175148,0.2959170254946805,-0.01685066647716571,-0.016787624581109575,0.015817034490003483,-0.04793263815948882,0.014899491791110183,0.289,2000,subject,CI includes zero
full_minus_wavlm,random_forest,S_R,balanced_accuracy,0.5229830430185348,0.5217882162330268,0.0011948267855079742,0.0013377665818152073,0.00518328722211634,-0.00912019305380414,0.011633997232540182,0.762,2000,subject,CI includes zero
full_minus_wavlm,random_forest,S_R,roc_auc,0.5757029798874238,0.5668258758729262,0.008877104014497594,0.009038418531621236,0.007195726227565851,-0.004399650127833999,0.024043490589872714,0.204,2000,subject,CI includes zero
full_minus_wavlm,random_forest,S_R,mcc,0.044879179527008255,0.04947673151928215,-0.004597551992273893,-0.0043746809484955405,0.01313298358791449,-0.030809017755545683,0.022444130720712854,0.723,2000,subject,CI includes zero
full_minus_wavlm,xgboost,R_R,f1,0.5163464726220709,0.536344721813834,-0.019998249191763073,-0.019884429015166794,0.008221494249199775,-0.036162326012870574,-0.004346535644331957,0.01,2000,subject,CI excludes zero
full_minus_wavlm,xgboost,R_R,balanced_accuracy,0.5665745841680532,0.5723998638340422,-0.005825279665989003,-0.005772707216340175,0.0036028266522676075,-0.013075507598939879,0.0011083080403797056,0.099,2000,subject,CI includes zero
full_minus_wavlm,xgboost,R_R,roc_auc,0.617527349564882,0.6218681584641266,-0.004340808899244597,-0.004401055753655463,0.004367681191279932,-0.01324028952533842,0.003848641879451818,0.316,2000,subject,CI includes zero
full_minus_wavlm,xgboost,R_R,mcc,0.14198814356365091,0.1567111334732868,-0.014722989909635886,-0.014621868942779325,0.0076529128253057885,-0.029833550776862828,-8.762446857477956e-05,0.048,2000,subject,CI excludes zero
full_minus_wavlm,xgboost,S_S,f1,0.5592496588665629,0.5702845272885622,-0.0110348684219993,-0.010915947466219836,0.007821982317095142,-0.025998979163975335,0.004636793221873208,0.166,2000,subject,CI includes zero
full_minus_wavlm,xgboost,S_S,balanced_accuracy,0.5883700405253055,0.5958871489454555,-0.007517108420149965,-0.007439662995935291,0.004724540013495369,-0.016360806125246007,0.0018716140518598636,0.122,2000,subject,CI includes zero
full_minus_wavlm,xgboost,S_S,roc_auc,0.6377967484241432,0.6441655953756233,-0.0063688469514801005,-0.00628079343041186,0.003941838143065306,-0.013820800750008395,0.001589212510370681,0.128,2000,subject,CI includes zero
full_minus_wavlm,xgboost,S_S,mcc,0.18587026058201642,0.19911749074940108,-0.01324723016738466,-0.013100418525593507,0.009874373114905351,-0.03165606467420252,0.00606609277603493,0.19,2000,subject,CI includes zero
full_minus_wavlm,xgboost,R_S,f1,0.20329089185807925,0.2053401903880496,-0.0020492985299703503,-0.0026847108599767325,0.01609515613215063,-0.033627374283859035,0.02869051695202192,0.87,2000,subject,CI includes zero
full_minus_wavlm,xgboost,R_S,balanced_accuracy,0.5205803329194143,0.5206025548100288,-2.2221890614515516e-05,-0.00010055144129939558,0.0047398486752208155,-0.009361967102620083,0.009236149261908827,0.959,2000,subject,CI includes zero
full_minus_wavlm,xgboost,R_S,roc_auc,0.6050723957975876,0.5989447895517507,0.0061276062458369696,0.006505729282505344,0.007129305187392043,-0.006808879427686885,0.020884943323117914,0.352,2000,subject,CI includes zero
full_minus_wavlm,xgboost,R_S,mcc,0.04748801824980856,0.04855514262723246,-0.0010671243774239003,-0.0011305414061480318,0.01382534853701289,-0.02749764981353597,0.025987640228498983,0.95,2000,subject,CI includes zero
full_minus_wavlm,xgboost,S_R,f1,0.2595106955171769,0.2642186268747714,-0.004707931357594453,-0.0048123903716958145,0.011770017583975344,-0.02926081470211173,0.017400344980317655,0.699,2000,subject,CI includes zero
full_minus_wavlm,xgboost,S_R,balanced_accuracy,0.5265341822877683,0.5211121711792622,0.005422011108506042,0.00536087235222222,0.004692686170912717,-0.004082718178978429,0.01433311377089824,0.251,2000,subject,CI includes zero
full_minus_wavlm,xgboost,S_R,roc_auc,0.5826671266267457,0.5753049849093753,0.007362141717370374,0.006782131059134884,0.009409913657205754,-0.013942061098652325,0.023406600096222082,0.442,2000,subject,CI includes zero
full_minus_wavlm,xgboost,S_R,mcc,0.06625720764655532,0.0478621748721494,0.01839503277440592,0.0182065809894357,0.01381338659424143,-0.008292909177309512,0.04481510883731062,0.19,2000,subject,CI includes zero
full_minus_wav2vec2,svm_rbf,R_R,f1,0.5761808397505851,0.5547313729905512,0.021449466760033897,0.02134126788419154,0.0076775778124142475,0.007574956165068448,0.03673667350989664,0.0,2000,subject,CI excludes zero
full_minus_wav2vec2,svm_rbf,R_R,balanced_accuracy,0.5842847478588893,0.5782914321370939,0.0059933157217954,0.006065237366762135,0.004491594821094234,-0.001568671300926675,0.015391988569776232,0.168,2000,subject,CI includes zero
full_minus_wav2vec2,svm_rbf,R_R,roc_auc,0.6273892990548185,0.626438246494307,0.0009510525605115339,0.0010199925599186125,0.003749235505452368,-0.006169771878838476,0.008405826572743755,0.767,2000,subject,CI includes zero
full_minus_wav2vec2,svm_rbf,R_R,mcc,0.17781747113026572,0.16704888705207727,0.010768584078188453,0.010993193873300569,0.009780996583674416,-0.006429397598938869,0.03145991619352193,0.259,2000,subject,CI includes zero
full_minus_wav2vec2,svm_rbf,R_S,f1,0.21907164298671278,0.21178096425358872,0.007290678733124056,0.007648620632767908,0.016692978901461025,-0.024973844768623573,0.040643197000283626,0.623,2000,subject,CI includes zero
full_minus_wav2vec2,svm_rbf,R_S,balanced_accuracy,0.5182671971635742,0.5194993168120328,-0.0012321196484585961,-0.0012585513389141677,0.005334977010371869,-0.013149964805033595,0.007882350951599525,0.853,2000,subject,CI includes zero
full_minus_wav2vec2,svm_rbf,R_S,roc_auc,0.5765157141027941,0.5821216957775239,-0.00560598167472981,-0.005733752519078632,0.0064734576473179355,-0.019389378854566413,0.006189802730923569,0.392,2000,subject,CI includes zero
full_minus_wav2vec2,svm_rbf,R_S,mcc,0.04093719514769093,0.032854395348030016,0.008082799799660915,0.00792341281257679,0.013687048117419569,-0.019693099384741217,0.03303328144592885,0.533,2000,subject,CI includes zero
full_minus_wav2vec2,svm_rbf,S_R,f1,0.2833350444947467,0.3002776476626214,-0.01694260316787466,-0.017402272676054445,0.013986913619112832,-0.04670348843397791,0.008028744839704555,0.202,2000,subject,CI includes zero
full_minus_wav2vec2,svm_rbf,S_R,balanced_accuracy,0.5267332900988333,0.535630326808969,-0.008897036710135753,-0.008987309079264452,0.004804320876696991,-0.019126906329228695,-9.093414004205493e-05,0.05,2000,subject,CI excludes zero
full_minus_wav2vec2,svm_rbf,S_R,roc_auc,0.5773284756268312,0.5845537286986863,-0.0072252530718550645,-0.007276882146653415,0.0074823917423754716,-0.021534593425008484,0.006986763359129272,0.332,2000,subject,CI includes zero
full_minus_wav2vec2,svm_rbf,S_R,mcc,0.053519209713999594,0.07042261008092886,-0.016903400366929264,-0.017076042839919238,0.011158247553517398,-0.03982019028046949,0.003689791347900212,0.109,2000,subject,CI includes zero
full_minus_wav2vec2,mlp,R_R,f1,0.5440694433141532,0.5654573614497161,-0.021387918135562956,-0.02129133108209659,0.011411027917382873,-0.04325317541341427,0.0012500819831393474,0.069,2000,subject,CI includes zero
full_minus_wav2vec2,mlp,R_R,balanced_accuracy,0.5632661545295333,0.5676393968931283,-0.004373242363594931,-0.004355770101949442,0.0075168370333315495,-0.01824771388005139,0.011457437150727978,0.52,2000,subject,CI includes zero
full_minus_wav2vec2,mlp,R_R,roc_auc,0.6096301271244363,0.6168626066818165,-0.007232479557380156,-0.006975321907520119,0.007838462540362955,-0.02215824763588763,0.008888885992331768,0.371,2000,subject,CI includes zero
full_minus_wav2vec2,mlp,R_R,mcc,0.13485662405250154,0.1458021825215162,-0.010945558469014655,-0.010921291466892935,0.016600436461613105,-0.04097935156586438,0.024392060952718154,0.465,2000,subject,CI includes zero
full_minus_wav2vec2,mlp,S_S,f1,0.5254726347040813,0.5025136534967626,0.022958981207318763,0.022884298240212108,0.018869879552777177,-0.013898655808650143,0.059000954562093436,0.235,2000,subject,CI includes zero
full_minus_wav2vec2,mlp,S_S,balanced_accuracy,0.575587006776854,0.5748047249333063,0.000782281843547783,0.0008113018467393433,0.008904738674246427,-0.01613995851361962,0.018347956578138407,0.932,2000,subject,CI includes zero
full_minus_wav2vec2,mlp,S_S,roc_auc,0.6278581202835855,0.6245613937741804,0.0032967265094050457,0.003403596310017183,0.008929388466134057,-0.013734455423113162,0.020386076599745964,0.692,2000,subject,CI includes zero
full_minus_wav2vec2,mlp,S_S,mcc,0.15687312442293183,0.15343068479065233,0.003442439632279498,0.003565453975058364,0.018056432661741752,-0.03061771045832941,0.03831214889322009,0.859,2000,subject,CI includes zero
full_minus_wav2vec2,mlp,R_S,f1,0.4014862079759797,0.3753025557873346,0.0261836521886451,0.02477860761037978,0.04222199764330332,-0.05684922090059021,0.10752793653207679,0.567,2000,subject,CI includes zero
full_minus_wav2vec2,mlp,R_S,balanced_accuracy,0.5357325521736888,0.5365084213369236,-0.0007758691632347992,-0.001046077940261447,0.014358688015621207,-0.03003067192472219,0.027399487953692115,0.942,2000,subject,CI includes zero
full_minus_wav2vec2,mlp,R_S,roc_auc,0.5583469306633891,0.5894127854276332,-0.03106585476424406,-0.03113993599518217,0.015471758940526851,-0.0647380973128348,-0.0031830617460922453,0.025,2000,subject,CI excludes zero
full_minus_wav2vec2,mlp,R_S,mcc,0.07588752377346947,0.08533290587085518,-0.009445382097385713,-0.009989714012516731,0.03008601735953653,-0.06935046483439784,0.04739916803892768,0.74,2000,subject,CI includes zero
full_minus_wav2vec2,mlp,S_R,f1,0.4267286873918846,0.29115944683961503,0.13556924055226954,0.13557875612917064,0.024684648687718733,0.08792060102537298,0.18348728440968975,0.0,2000,subject,CI excludes zero
full_minus_wav2vec2,mlp,S_R,balanced_accuracy,0.5347838718205986,0.5258815813137964,0.008902290506802246,0.008792384292253244,0.008899291209269616,-0.0086369753259092,0.026706846417613634,0.316,2000,subject,CI includes zero
full_minus_wav2vec2,mlp,S_R,roc_auc,0.5700533566386468,0.5656127905833213,0.004440566055325501,0.004241358057855111,0.008253227168232674,-0.011901722406450115,0.020562079502676647,0.597,2000,subject,CI includes zero
full_minus_wav2vec2,mlp,S_R,mcc,0.07052269659461136,0.06297042067869933,0.007552275915912024,0.007303360803073836,0.020903036855126584,-0.03516771912685331,0.04893531746819325,0.712,2000,subject,CI includes zero
full_minus_wav2vec2,random_forest,R_R,f1,0.52928213989099,0.5279695910395414,0.0013125488514486028,0.001498913745407473,0.005077454590258584,-0.008044813061931147,0.011539055442024536,0.791,2000,subject,CI includes zero
full_minus_wav2vec2,random_forest,R_R,balanced_accuracy,0.5644765758996093,0.5679321298744855,-0.00345555397487618,-0.003355170331142048,0.0038627243231657334,-0.01106776346209841,0.00404600824841221,0.376,2000,subject,CI includes zero
full_minus_wav2vec2,random_forest,R_R,roc_auc,0.610765755790537,0.615997160470398,-0.00523140467986094,-0.005217111790225036,0.0037858576177278217,-0.012729129149263439,0.002116043082525762,0.175,2000,subject,CI includes zero
full_minus_wav2vec2,random_forest,R_R,mcc,0.13830598955306944,0.14472788204753867,-0.006421892494469228,-0.006190611704033341,0.009282826533271293,-0.02416768446044697,0.012017779410834395,0.485,2000,subject,CI includes zero
full_minus_wav2vec2,random_forest,S_S,f1,0.562025598994139,0.5658965694892013,-0.0038709704950623536,-0.0037719296512850903,0.004974137618172368,-0.014254215716503201,0.005404280553906218,0.45,2000,subject,CI includes zero
full_minus_wav2vec2,random_forest,S_S,balanced_accuracy,0.5879482227373541,0.5916149753161518,-0.003666752578797672,-0.0035598027089068568,0.004330611835996608,-0.012943289269322667,0.003977961844060495,0.416,2000,subject,CI includes zero
full_minus_wav2vec2,random_forest,S_S,roc_auc,0.6303934215070686,0.6317526816496044,-0.0013592601425358453,-0.0012707798273696755,0.004029677761248263,-0.01010626205053086,0.005636383276125459,0.813,2000,subject,CI includes zero
full_minus_wav2vec2,random_forest,S_S,mcc,0.1856204368507085,0.1920948440703997,-0.006474407219691197,-0.006239826799870121,0.009292426403848492,-0.026761079808024456,0.009672649851897272,0.527,2000,subject,CI includes zero
full_minus_wav2vec2,random_forest,R_S,f1,0.2549358070681472,0.24375664856433327,0.011179158503813957,0.011007679888959388,0.011248932649464412,-0.009519581956374664,0.03433583570708022,0.342,2000,subject,CI includes zero
full_minus_wav2vec2,random_forest,R_S,balanced_accuracy,0.517394057811501,0.519603665883372,-0.002209608071870983,-0.0023642339627601055,0.004880247632533328,-0.011616229364993711,0.007781383918836573,0.603,2000,subject,CI includes zero
full_minus_wav2vec2,random_forest,R_S,roc_auc,0.5951373100821149,0.5890811223225431,0.0060561877595718405,0.005899108859023679,0.006154857581726177,-0.006358062360596204,0.018348275731378753,0.331,2000,subject,CI includes zero
full_minus_wav2vec2,random_forest,R_S,mcc,0.05072668766758987,0.05259836139396049,-0.0018716737263706207,-0.0022278936323999795,0.013634364221568027,-0.027493614664509045,0.0257039702240773,0.847,2000,subject,CI includes zero
full_minus_wav2vec2,random_forest,S_R,f1,0.2827495443139255,0.2959170254946805,-0.013167481180755003,-0.013043581591403416,0.013769051400757716,-0.040227032055005475,0.013879434378250111,0.334,2000,subject,CI includes zero
full_minus_wav2vec2,random_forest,S_R,balanced_accuracy,0.5178326733109556,0.5217882162330268,-0.003955542922071231,-0.003958665467269661,0.005874665141450847,-0.01659882332803101,0.006546439422625747,0.507,2000,subject,CI includes zero
full_minus_wav2vec2,random_forest,S_R,roc_auc,0.5701539078262935,0.5668258758729262,0.003328031953367283,0.003342069098302333,0.006447261055552728,-0.009580315465219619,0.015771098124875187,0.588,2000,subject,CI includes zero
full_minus_wav2vec2,random_forest,S_R,mcc,0.03927666721817547,0.04947673151928215,-0.010200064301106676,-0.010082916525515259,0.015865983848957627,-0.04287708982033361,0.020042576972418055,0.521,2000,subject,CI includes zero
full_minus_wav2vec2,xgboost,R_R,f1,0.5333639156469318,0.536344721813834,-0.0029808061669022168,-0.00290079395520874,0.0063022461801145345,-0.015876958112363875,0.009295738018325658,0.641,2000,subject,CI includes zero
full_minus_wav2vec2,xgboost,R_R,balanced_accuracy,0.5730246250128048,0.5723998638340422,0.000624761178762645,0.0005649642905248077,0.004826863944678623,-0.008981773386879043,0.009836801069138368,0.908,2000,subject,CI includes zero
full_minus_wav2vec2,xgboost,R_R,roc_auc,0.6207405163566149,0.6218681584641266,-0.001127642107511706,-0.0011964294031260366,0.003915628518955039,-0.00907927396737445,0.006583140279504611,0.751,2000,subject,CI includes zero
full_minus_wav2vec2,xgboost,R_R,mcc,0.15845119013996226,0.1567111334732868,0.0017400566666754547,0.001580562463883765,0.010267132198957592,-0.01882194193628153,0.02170344406227326,0.887,2000,subject,CI includes zero
full_minus_wav2vec2,xgboost,S_S,f1,0.5587394945092393,0.5702845272885622,-0.011545032779322839,-0.011460511674489497,0.007562286322259535,-0.02652711259488883,0.002927984101082484,0.114,2000,subject,CI includes zero
full_minus_wav2vec2,xgboost,S_S,balanced_accuracy,0.5906789674743703,0.5958871489454555,-0.005208181471085149,-0.005203115360197967,0.005047284724841432,-0.015233480916499818,0.004826331986827118,0.293,2000,subject,CI includes zero
full_minus_wav2vec2,xgboost,S_S,roc_auc,0.6450729994643601,0.6441655953756233,0.0009074040887367962,0.0010282573646746948,0.004915363236622931,-0.00885469983812975,0.010655154064756638,0.819,2000,subject,CI includes zero
full_minus_wav2vec2,xgboost,S_S,mcc,0.19145997932753817,0.19911749074940108,-0.0076575114218629114,-0.007650813930880253,0.010261338429838177,-0.027509788270659488,0.01292765308117944,0.445,2000,subject,CI includes zero
full_minus_wav2vec2,xgboost,R_S,f1,0.22433336662496556,0.2053401903880496,0.01899317623691596,0.020056174740408935,0.020048737271722895,-0.020425215128578724,0.055931255855722506,0.332,2000,subject,CI includes zero
full_minus_wav2vec2,xgboost,R_S,balanced_accuracy,0.5231833948415647,0.5206025548100288,0.0025808400315359137,0.0028917554027004704,0.006541221526067231,-0.010607158577469033,0.015428221215950277,0.634,2000,subject,CI includes zero
full_minus_wav2vec2,xgboost,R_S,roc_auc,0.6119551598583618,0.5989447895517507,0.013010370306611119,0.01328384502145078,0.009169405946825398,-0.0036420830596329405,0.03343532807845142,0.131,2000,subject,CI includes zero
full_minus_wav2vec2,xgboost,R_S,mcc,0.06795804742680316,0.04855514262723246,0.019402904799570693,0.020199527825470177,0.01652101766051302,-0.012107551856509812,0.05298679136700699,0.204,2000,subject,CI includes zero
full_minus_wav2vec2,xgboost,S_R,f1,0.2870069130050802,0.2642186268747714,0.02278828613030881,0.022778515908831818,0.0165173212234867,-0.0100545679418783,0.05451113193401832,0.177,2000,subject,CI includes zero
full_minus_wav2vec2,xgboost,S_R,balanced_accuracy,0.5277106337773592,0.5211121711792622,0.0065984625980969325,0.006370532882643569,0.004423102538961646,-0.0018184860674438194,0.015432317728180196,0.13,2000,subject,CI includes zero
full_minus_wav2vec2,xgboost,S_R,roc_auc,0.5865521431232306,0.5753049849093753,0.011247158213855246,0.01101313979454141,0.005346251033466485,0.0003368561039266278,0.021608182491206027,0.044,2000,subject,CI excludes zero
full_minus_wav2vec2,xgboost,S_R,mcc,0.058718234883074635,0.0478621748721494,0.010856060010925234,0.010450993174175995,0.010942648533523612,-0.009571272465103293,0.03271790137772569,0.344,2000,subject,CI includes zero
full_minus_data2vec_audio,svm_rbf,R_S,f1,0.21531669146043514,0.21178096425358872,0.0035357272068464174,0.0036083695082770803,0.021218707661511352,-0.03709122099667001,0.04603030661469496,0.877,2000,subject,CI includes zero
full_minus_data2vec_audio,svm_rbf,R_S,balanced_accuracy,0.5169764003674961,0.5194993168120328,-0.002522916444536616,-0.0025743864663915626,0.007876428819732707,-0.01968718342662683,0.010342403886268147,0.829,2000,subject,CI includes zero
full_minus_data2vec_audio,svm_rbf,R_S,roc_auc,0.5802943328556109,0.5821216957775239,-0.0018273629219129894,-0.0016792622066146476,0.010955752328129736,-0.023692527887229968,0.01858412366500672,0.897,2000,subject,CI includes zero
full_minus_data2vec_audio,svm_rbf,R_S,mcc,0.03866122187058614,0.032854395348030016,0.005806826522556124,0.005745411666577091,0.018961545261936996,-0.032918185233664195,0.03909330806874384,0.746,2000,subject,CI includes zero
full_minus_data2vec_audio,svm_rbf,S_R,f1,0.3395776219134507,0.3002776476626214,0.03929997425082932,0.03944986801918654,0.00817595401842601,0.02353133365874836,0.05534779501653273,0.0,2000,subject,CI excludes zero
full_minus_data2vec_audio,svm_rbf,S_R,balanced_accuracy,0.5464155333306878,0.535630326808969,0.010785206521718771,0.010776061635675032,0.0024489745139858504,0.006164829698309935,0.015669222560795816,0.0,2000,subject,CI excludes zero
full_minus_data2vec_audio,svm_rbf,S_R,roc_auc,0.5885891340342221,0.5845537286986863,0.004035405335535813,0.004097596978053439,0.00490583496678556,-0.005417358352968739,0.01288883454890156,0.415,2000,subject,CI includes zero
full_minus_data2vec_audio,svm_rbf,S_R,mcc,0.10421341466224368,0.07042261008092886,0.03379080458131482,0.033935387245732244,0.006464638480278658,0.02135087904620152,0.04699317063461361,0.0,2000,subject,CI excludes zero
full_minus_data2vec_audio,mlp,R_R,f1,0.5656062377395714,0.5654573614497161,0.0001488762898552709,0.00037573540802780727,0.009264949294895953,-0.017805607779163762,0.018374098411015425,0.985,2000,subject,CI includes zero
full_minus_data2vec_audio,mlp,R_R,balanced_accuracy,0.5776099389858045,0.5676393968931283,0.009970542092676227,0.00985937010087678,0.0072935235907579015,-0.00433025044601739,0.02442801963385693,0.177,2000,subject,CI includes zero
full_minus_data2vec_audio,mlp,R_R,roc_auc,0.6210011068151827,0.6168626066818165,0.004138500133366252,0.00389592423370516,0.008901616630309118,-0.014523053814203116,0.02054675447254167,0.65,2000,subject,CI includes zero
full_minus_data2vec_audio,mlp,R_R,mcc,0.16511045964096582,0.1458021825215162,0.01930827711944963,0.01907917115879193,0.015806721019713574,-0.011146639116365506,0.0505161582143905,0.22,2000,subject,CI includes zero
full_minus_data2vec_audio,mlp,S_S,f1,0.5229711979265648,0.5025136534967626,0.020457544429802188,0.020174027336138774,0.02407137518293003,-0.02757433749442851,0.067199955510194,0.402,2000,subject,CI includes zero
full_minus_data2vec_audio,mlp,S_S,balanced_accuracy,0.5882313535883434,0.5748047249333063,0.013426628655037187,0.01332482235587819,0.010382783759149628,-0.007161942188039366,0.03252914733789396,0.216,2000,subject,CI includes zero
full_minus_data2vec_audio,mlp,S_S,roc_auc,0.6412952722224656,0.6245613937741804,0.016733878448285222,0.016686789918700654,0.008663726641522288,-0.00012036286691307316,0.03334939404080226,0.054,2000,subject,CI includes zero
full_minus_data2vec_audio,mlp,S_S,mcc,0.18522172943705656,0.15343068479065233,0.031791044646404226,0.03155735406311614,0.021074432392517415,-0.009341725352453834,0.07133637913090841,0.138,2000,subject,CI includes zero
full_minus_data2vec_audio,mlp,R_S,f1,0.3466381386072879,0.3753025557873346,-0.028664417180046697,-0.027005178873704093,0.028039046983768048,-0.08456826531098947,0.0264259577275952,0.338,2000,subject,CI includes zero
full_minus_data2vec_audio,mlp,R_S,balanced_accuracy,0.5303856752709435,0.5365084213369236,-0.006122746065980067,-0.005333486994054327,0.010972729779623998,-0.025602337095763136,0.01701080132675037,0.61,2000,subject,CI includes zero
full_minus_data2vec_audio,mlp,R_S,roc_auc,0.5690456417185492,0.5894127854276332,-0.02036714370908399,-0.01935236850812009,0.014405467171268126,-0.04611321757317181,0.010166379408733635,0.167,2000,subject,CI includes zero
full_minus_data2vec_audio,mlp,R_S,mcc,0.0656862194341093,0.08533290587085518,-0.019646686436745886,-0.017906103677699837,0.024952954028188187,-0.06593560250968684,0.03303414335681595,0.464,2000,subject,CI includes zero
full_minus_data2vec_audio,mlp,S_R,f1,0.4605951196573977,0.29115944683961503,0.16943567281778266,0.16893647252942703,0.020754151909304557,0.1311068489713374,0.21020849044764459,0.0,2000,subject,CI excludes zero
full_minus_data2vec_audio,mlp,S_R,balanced_accuracy,0.5451460151197316,0.5258815813137964,0.019264433805935233,0.01905900222481691,0.007606964773419744,0.00490241969577432,0.0341899994693811,0.007,2000,subject,CI excludes zero
full_minus_data2vec_audio,mlp,S_R,roc_auc,0.579523918946559,0.5656127905833213,0.013911128363237713,0.013790140973152053,0.008815450227335337,-0.002967091353473065,0.03188662832668888,0.121,2000,subject,CI includes zero
full_minus_data2vec_audio,mlp,S_R,mcc,0.09647394922052409,0.06297042067869933,0.033503528541824756,0.03298796823544915,0.019037783299918603,-0.002493364361465092,0.07108177543146668,0.074,2000,subject,CI includes zero
full_minus_data2vec_audio,random_forest,R_R,f1,0.5503926536464301,0.5279695910395414,0.022423062606888644,0.022248585378430975,0.010494389578067235,0.003578496281075688,0.04455634924901653,0.015,2000,subject,CI excludes zero
full_minus_data2vec_audio,random_forest,R_R,balanced_accuracy,0.5741904140580432,0.5679321298744855,0.006258284183557672,0.006272378229473364,0.003418217888302081,-0.0005531724342341384,0.0129329272842524,0.068,2000,subject,CI includes zero
full_minus_data2vec_audio,random_forest,R_R,roc_auc,0.6211566749394443,0.615997160470398,0.005159514469046278,0.005092706716542585,0.005668383560285088,-0.00502154252391532,0.017367063651005748,0.363,2000,subject,CI includes zero
full_minus_data2vec_audio,random_forest,R_R,mcc,0.15770206280893356,0.14472788204753867,0.012974180761394893,0.012978922802427404,0.008162732125360225,-0.0026517917930527234,0.029157466409554147,0.101,2000,subject,CI includes zero
full_minus_data2vec_audio,random_forest,S_S,f1,0.5573665215574651,0.5658965694892013,-0.008530047931736173,-0.008681223149416892,0.009068988009465855,-0.026735370627661636,0.009046179149544302,0.331,2000,subject,CI includes zero
full_minus_data2vec_audio,random_forest,S_S,balanced_accuracy,0.5860696474906758,0.5916149753161518,-0.00554532782547601,-0.005607738426394562,0.003941302977808702,-0.013708717712827695,0.0016788455219903231,0.149,2000,subject,CI includes zero
full_minus_data2vec_audio,random_forest,S_S,roc_auc,0.6305396308781813,0.6317526816496044,-0.0012130507714230854,-0.0013318000578112763,0.004558950000999472,-0.010714629527139242,0.007201421140260693,0.807,2000,subject,CI includes zero
full_minus_data2vec_audio,random_forest,S_S,mcc,0.1790908312042643,0.1920948440703997,-0.013004012866135395,-0.013103584865905349,0.00806345390187066,-0.029352282243216943,0.0017603458069839072,0.088,2000,subject,CI includes zero
full_minus_data2vec_audio,random_forest,R_S,f1,0.1813446363493981,0.24375664856433327,-0.06241201221493517,-0.06304135038161891,0.019723891679255607,-0.10288582121463742,-0.022981146804115494,0.002,2000,subject,CI excludes zero
full_minus_data2vec_audio,random_forest,R_S,balanced_accuracy,0.5229986217884398,0.519603665883372,0.0033949559050677758,0.0033089858961068107,0.005721389922469078,-0.007795856983537211,0.014423466057738882,0.574,2000,subject,CI includes zero
full_minus_data2vec_audio,random_forest,R_S,roc_auc,0.6013855972370469,0.5890811223225431,0.012304474914503816,0.01226790828663637,0.007382185754794693,-0.001637913718483292,0.026465577259848883,0.097,2000,subject,CI includes zero
full_minus_data2vec_audio,random_forest,R_S,mcc,0.07440243110275883,0.05259836139396049,0.021804069708798342,0.02176565590592706,0.015581897793703278,-0.007650059077034183,0.05135595985542376,0.16,2000,subject,CI includes zero
full_minus_data2vec_audio,random_forest,S_R,f1,0.31537338020419997,0.2959170254946805,0.019456354709519452,0.019248793998675316,0.0198957663603952,-0.021860151084214248,0.05443406835323224,0.341,2000,subject,CI includes zero
full_minus_data2vec_audio,random_forest,S_R,balanced_accuracy,0.5284934480166278,0.5217882162330268,0.00670523178360094,0.006620289868676864,0.006405884271085749,-0.006223103360266711,0.01793555714715163,0.312,2000,subject,CI includes zero
full_minus_data2vec_audio,random_forest,S_R,roc_auc,0.5724299715407432,0.5668258758729262,0.005604095667816944,0.005661034451861166,0.005621224067936041,-0.005335237370775892,0.01642126010810714,0.32,2000,subject,CI includes zero
full_minus_data2vec_audio,random_forest,S_R,mcc,0.06346547945344537,0.04947673151928215,0.013988747934163222,0.013809563851937282,0.015477850578002066,-0.017399580975705632,0.04167070255246796,0.367,2000,subject,CI includes zero
full_minus_data2vec_audio,xgboost,R_R,f1,0.5484740439434376,0.536344721813834,0.012129322129603604,0.012166364005770028,0.007068063933662088,-0.0010468262549715348,0.02600056157851601,0.079,2000,subject,CI includes zero
full_minus_data2vec_audio,xgboost,R_R,balanced_accuracy,0.5776877845301431,0.5723998638340422,0.005287920696100956,0.005300014611707955,0.003995516513378736,-0.0027120573745966978,0.012723346479540551,0.184,2000,subject,CI includes zero
full_minus_data2vec_audio,xgboost,R_R,roc_auc,0.6285894901960563,0.6218681584641266,0.006721331731929681,0.006780274482689299,0.004760272377860667,-0.0024350749929340854,0.015877630777955277,0.159,2000,subject,CI includes zero
full_minus_data2vec_audio,xgboost,R_R,mcc,0.16551000518340608,0.1567111334732868,0.008798871710119283,0.008790888974854576,0.008259648460951893,-0.007881015736816191,0.02396050645118922,0.293,2000,subject,CI includes zero
full_minus_data2vec_audio,xgboost,S_S,f1,0.5601875912714627,0.5702845272885622,-0.01009693601709949,-0.01006051272671629,0.008003442940228528,-0.025459168578931334,0.005320404489551657,0.206,2000,subject,CI includes zero
full_minus_data2vec_audio,xgboost,S_S,balanced_accuracy,0.5940160640704355,0.5958871489454555,-0.0018710848750199682,-0.0019679282278824047,0.004010868810816592,-0.009739021748304311,0.005847362607189568,0.637,2000,subject,CI includes zero
full_minus_data2vec_audio,xgboost,S_S,roc_auc,0.6430789929136439,0.6441655953756233,-0.0010866024619794468,-0.001065668957008877,0.003705695418262304,-0.008452184452712999,0.005902020085985112,0.798,2000,subject,CI includes zero
full_minus_data2vec_audio,xgboost,S_S,mcc,0.19747836094767987,0.19911749074940108,-0.0016391298017212064,-0.001809099289377616,0.008216012733580675,-0.017913421889774326,0.014108184288908249,0.848,2000,subject,CI includes zero
full_minus_data2vec_audio,xgboost,R_S,f1,0.1614547838683918,0.2053401903880496,-0.043885406519657805,-0.04358680681720214,0.01842335920766891,-0.0818558748947253,-0.011901255091092036,0.009,2000,subject,CI excludes zero
full_minus_data2vec_audio,xgboost,R_S,balanced_accuracy,0.5174228773611692,0.5206025548100288,-0.003179677448859608,-0.0030694222289073896,0.005767181229391865,-0.01575420588447179,0.0063339014485049635,0.654,2000,subject,CI includes zero
full_minus_data2vec_audio,xgboost,R_S,roc_auc,0.6001364116754484,0.5989447895517507,0.001191622123697722,0.0013855781050781243,0.008272346548730427,-0.015477741717121353,0.015634280453645434,0.797,2000,subject,CI includes zero
full_minus_data2vec_audio,xgboost,R_S,mcc,0.04376064018014957,0.04855514262723246,-0.004794502447082891,-0.0044333766530532765,0.013982518256038393,-0.034977860970104815,0.018736090168784445,0.806,2000,subject,CI includes zero
full_minus_data2vec_audio,xgboost,S_R,f1,0.3497124848024639,0.2642186268747714,0.08549385792769254,0.08521922866693235,0.014034676620934019,0.05932743523554327,0.11298280858249844,0.0,2000,subject,CI excludes zero
full_minus_data2vec_audio,xgboost,S_R,balanced_accuracy,0.5349598051110052,0.5211121711792622,0.013847633931742931,0.01381549530726808,0.006506384722796766,0.0018892979702962087,0.027446600153791058,0.02,2000,subject,CI excludes zero
full_minus_data2vec_audio,xgboost,S_R,roc_auc,0.5890989079484998,0.5753049849093753,0.013793923039124523,0.013802806450534963,0.007642415612065912,-0.0011178471621287175,0.029463572037142716,0.072,2000,subject,CI includes zero
full_minus_data2vec_audio,xgboost,S_R,mcc,0.07601707148813538,0.0478621748721494,0.028154896615985983,0.028113371506236638,0.014263566694325611,0.0020673325931245216,0.05845518187014683,0.038,2000,subject,CI excludes zero
full_minus_data2vec_spectrogram,svm_rbf,R_S,f1,0.17753093605945158,0.21178096425358872,-0.03425002819413714,-0.03431118518395032,0.01889257295138515,-0.0726733506636939,-0.00064989227312051,0.045,2000,subject,CI excludes zero
full_minus_data2vec_spectrogram,svm_rbf,R_S,balanced_accuracy,0.5157808829595601,0.5194993168120328,-0.0037184338524726135,-0.003787264910254748,0.004697777377272978,-0.013586476780761985,0.004831558617530557,0.42,2000,subject,CI includes zero
full_minus_data2vec_spectrogram,svm_rbf,R_S,roc_auc,0.5804501083837713,0.5821216957775239,-0.001671587393752616,-0.001936447697263277,0.008029126983920686,-0.01794060446292405,0.014234595227836896,0.806,2000,subject,CI includes zero
full_minus_data2vec_spectrogram,svm_rbf,R_S,mcc,0.030831733588927202,0.032854395348030016,-0.002022661759102814,-0.0022316162026832283,0.015050052795876514,-0.03311367955102775,0.025950948564295244,0.899,2000,subject,CI includes zero
full_minus_data2vec_spectrogram,svm_rbf,S_R,f1,0.322279841281237,0.3002776476626214,0.022002193618615606,0.022297522957106474,0.019434482234523726,-0.01406419288396994,0.06182957002732073,0.242,2000,subject,CI includes zero
full_minus_data2vec_spectrogram,svm_rbf,S_R,balanced_accuracy,0.5334364848455218,0.535630326808969,-0.002193841963447296,-0.0020371147872507264,0.005752224255069077,-0.014126288703043865,0.008363411361942037,0.767,2000,subject,CI includes zero
full_minus_data2vec_spectrogram,svm_rbf,S_R,roc_auc,0.581350182294367,0.5845537286986863,-0.003203546404319302,-0.002955979390634802,0.005600084921422889,-0.01337751141102315,0.008225730839563457,0.582,2000,subject,CI includes zero
full_minus_data2vec_spectrogram,svm_rbf,S_R,mcc,0.07278871433084178,0.07042261008092886,0.0023661042499129176,0.0028049467212812144,0.014259855761033726,-0.026401177408678457,0.029497371563501216,0.814,2000,subject,CI includes zero
full_minus_data2vec_spectrogram,mlp,R_R,f1,0.532502675264854,0.5654573614497161,-0.03295468618486219,-0.03324168152536346,0.012526278049605556,-0.05908099047888307,-0.009030408059412822,0.004,2000,subject,CI excludes zero
full_minus_data2vec_spectrogram,mlp,R_R,balanced_accuracy,0.5600418818679246,0.5676393968931283,-0.007597515025203672,-0.007566261479564354,0.006338327890454552,-0.019690865942672456,0.005143892691123123,0.231,2000,subject,CI includes zero
full_minus_data2vec_spectrogram,mlp,R_R,roc_auc,0.6014532760085599,0.6168626066818165,-0.01540933067325656,-0.015328591366005596,0.009267924443550327,-0.03337970043724477,0.001747216658388896,0.091,2000,subject,CI includes zero
full_minus_data2vec_spectrogram,mlp,R_R,mcc,0.12957343559133405,0.1458021825215162,-0.016228746930182142,-0.016163923852475698,0.014035822091618617,-0.04327010112464283,0.011375293313426427,0.244,2000,subject,CI includes zero
full_minus_data2vec_spectrogram,mlp,S_S,f1,0.5395032271772534,0.5025136534967626,0.03698957368049083,0.03689895991002209,0.022760709244685776,-0.006763599923386985,0.08196066888214673,0.102,2000,subject,CI includes zero
full_minus_data2vec_spectrogram,mlp,S_S,balanced_accuracy,0.572001895449184,0.5748047249333063,-0.002802829484122249,-0.0026608217760056476,0.0078000991213896635,-0.017794561865810122,0.012919855734984012,0.733,2000,subject,CI includes zero
full_minus_data2vec_spectrogram,mlp,S_S,roc_auc,0.6245255201326737,0.6245613937741804,-3.587364150670069e-05,0.00016946962640979174,0.009385346715296712,-0.017541583045933503,0.019294963095072993,0.992,2000,subject,CI includes zero
full_minus_data2vec_spectrogram,mlp,S_S,mcc,0.15000726734595807,0.15343068479065233,-0.0034234174446942656,-0.003015165680114823,0.0158489575969167,-0.03256319760842339,0.028916449236132773,0.837,2000,subject,CI includes zero
full_minus_data2vec_spectrogram,mlp,R_S,f1,0.3795380073836323,0.3753025557873346,0.004235451596297679,0.0019646447284862307,0.034721265105789795,-0.06676592074556717,0.06991815058276375,0.976,2000,subject,CI includes zero
full_minus_data2vec_spectrogram,mlp,R_S,balanced_accuracy,0.5400316923512978,0.5365084213369236,0.0035232710143742185,0.003076889823838075,0.012500066730533003,-0.019321577083576565,0.029137738733449478,0.849,2000,subject,CI includes zero
full_minus_data2vec_spectrogram,mlp,R_S,roc_auc,0.5891519748649819,0.5894127854276332,-0.0002608105626512591,-0.00039086204012148205,0.01323953692004613,-0.024641584281202153,0.02663855581531087,0.936,2000,subject,CI includes zero
full_minus_data2vec_spectrogram,mlp,R_S,mcc,0.08610251629686384,0.08533290587085518,0.0007696104260086628,5.349710781745787e-06,0.027055822659949002,-0.05028652730170107,0.05503782034656146,0.965,2000,subject,CI includes zero
full_minus_data2vec_spectrogram,mlp,S_R,f1,0.2681928611068871,0.29115944683961503,-0.022966585732727918,-0.02335418573084188,0.03241087540399141,-0.08945286641243308,0.03768626464405674,0.48,2000,subject,CI includes zero
full_minus_data2vec_spectrogram,mlp,S_R,balanced_accuracy,0.5198219412469047,0.5258815813137964,-0.006059640066891636,-0.006106503960797021,0.007258106925847847,-0.02051347984678272,0.007738614305898359,0.411,2000,subject,CI includes zero
full_minus_data2vec_spectrogram,mlp,S_R,roc_auc,0.5775253111287519,0.5656127905833213,0.011912520545430683,0.011677059363265794,0.009847888172394422,-0.006519668214642114,0.03174605941063938,0.237,2000,subject,CI includes zero
full_minus_data2vec_spectrogram,mlp,S_R,mcc,0.04321413965568581,0.06297042067869933,-0.019756281023013522,-0.020074183463409254,0.017180606523864033,-0.054382879866769596,0.01307157337103332,0.253,2000,subject,CI includes zero
full_minus_data2vec_spectrogram,random_forest,R_R,f1,0.5227766370167328,0.5279695910395414,-0.005192954022808616,-0.005279651141337059,0.00681242016001939,-0.018560182419188394,0.008009153974685828,0.439,2000,subject,CI includes zero
full_minus_data2vec_spectrogram,random_forest,R_R,balanced_accuracy,0.5709976204982462,0.5679321298744855,0.003065490623760714,0.003097671939996409,0.003977567495836806,-0.004311664334166755,0.01081971863398389,0.43,2000,subject,CI includes zero
full_minus_data2vec_spectrogram,random_forest,R_R,roc_auc,0.607493244357576,0.615997160470398,-0.008503916112821974,-0.008518986348497902,0.004765951539166546,-0.01802270562317008,0.0005565218741387676,0.066,2000,subject,CI includes zero
full_minus_data2vec_spectrogram,random_forest,R_R,mcc,0.15227595607892186,0.14472788204753867,0.0075480740313831896,0.007619960407829223,0.008972764480748291,-0.009325829302321443,0.025973757036948035,0.397,2000,subject,CI includes zero
full_minus_data2vec_spectrogram,random_forest,S_S,f1,0.5504376969493354,0.5658965694892013,-0.015458872539865887,-0.015466262291085879,0.00812095323658122,-0.031145301018336933,0.0006246905351917411,0.062,2000,subject,CI includes zero
full_minus_data2vec_spectrogram,random_forest,S_S,balanced_accuracy,0.5810525500086888,0.5916149753161518,-0.010562425307462986,-0.010550455694334623,0.005127763431616297,-0.020748591768776747,-0.0005881367737412062,0.038,2000,subject,CI excludes zero
full_minus_data2vec_spectrogram,random_forest,S_S,roc_auc,0.6219186027962639,0.6317526816496044,-0.009834078853340533,-0.009841911682001868,0.004619713334185413,-0.019167736246381347,-0.000942833536681477,0.027,2000,subject,CI excludes zero
full_minus_data2vec_spectrogram,random_forest,S_S,mcc,0.16951624785949662,0.1920948440703997,-0.02257859621090308,-0.022556674521757098,0.011136002226206183,-0.044790898410436014,-0.0006734104598880441,0.04,2000,subject,CI excludes zero
full_minus_data2vec_spectrogram,random_forest,R_S,f1,0.3058312401798475,0.24375664856433327,0.06207459161551421,0.061837226990546536,0.027959120302013772,0.008081685014421157,0.11615134110995731,0.022,2000,subject,CI excludes zero
full_minus_data2vec_spectrogram,random_forest,R_S,balanced_accuracy,0.5302604374314014,0.519603665883372,0.010656771548029353,0.010611792826119768,0.007718538181323165,-0.0037473343760418766,0.026211190839261718,0.16,2000,subject,CI includes zero
full_minus_data2vec_spectrogram,random_forest,R_S,roc_auc,0.6018454702360452,0.5890811223225431,0.012764347913502117,0.012785314496617382,0.011108163818729635,-0.008499087988976053,0.03402191820366508,0.254,2000,subject,CI includes zero
full_minus_data2vec_spectrogram,random_forest,R_S,mcc,0.07055431552742117,0.05259836139396049,0.017955954133460676,0.017946393702116828,0.016600133142951157,-0.01427759118049149,0.0516371943160582,0.269,2000,subject,CI includes zero
full_minus_data2vec_spectrogram,random_forest,S_R,f1,0.27712254562857463,0.2959170254946805,-0.018794479866105884,-0.018616219439474092,0.018673079983281486,-0.055840831548926106,0.015968478931072592,0.322,2000,subject,CI includes zero
full_minus_data2vec_spectrogram,random_forest,S_R,balanced_accuracy,0.5155665831473872,0.5217882162330268,-0.006221633085639611,-0.006257693015417249,0.007220649735198264,-0.021595617606304636,0.006989421134072324,0.382,2000,subject,CI includes zero
full_minus_data2vec_spectrogram,random_forest,S_R,roc_auc,0.5724307436527469,0.5668258758729262,0.005604867779820721,0.005635514788631082,0.007814979782691144,-0.009052114116114068,0.021715592144857243,0.477,2000,subject,CI includes zero
full_minus_data2vec_spectrogram,random_forest,S_R,mcc,0.03823456754638177,0.04947673151928215,-0.011242163972900378,-0.011414219063341216,0.017060137005649456,-0.04744848202401481,0.020407074434600533,0.508,2000,subject,CI includes zero
full_minus_data2vec_spectrogram,xgboost,R_R,f1,0.5134703724810376,0.536344721813834,-0.022874349332796418,-0.023089633472828157,0.010178458778833705,-0.0431586476950509,-0.003471344741604144,0.017,2000,subject,CI excludes zero
full_minus_data2vec_spectrogram,xgboost,R_R,balanced_accuracy,0.5615207053497238,0.5723998638340422,-0.010879158484318419,-0.011109165502929466,0.007108030373064124,-0.02584087566826078,0.0020096427008723353,0.107,2000,subject,CI includes zero
full_minus_data2vec_spectrogram,xgboost,R_R,roc_auc,0.6098219831433462,0.6218681584641266,-0.012046175320780339,-0.012191129518107498,0.007071979704620948,-0.02609891409778409,0.0013606486552252709,0.08,2000,subject,CI includes zero
full_minus_data2vec_spectrogram,xgboost,R_R,mcc,0.13394718277870246,0.1567111334732868,-0.02276395069458434,-0.02322619389164877,0.01575248339391956,-0.05598402246352451,0.0051257406023360996,0.13,2000,subject,CI includes zero
full_minus_data2vec_spectrogram,xgboost,S_S,f1,0.5735090208711847,0.5702845272885622,0.0032244935826225563,0.003079614460996877,0.009331486008443897,-0.01622018634111749,0.020583801665969955,0.703,2000,subject,CI includes zero
full_minus_data2vec_spectrogram,xgboost,S_S,balanced_accuracy,0.5899800487571502,0.5958871489454555,-0.005907100188305314,-0.006057653356758243,0.006248267414369476,-0.019134610056037737,0.005524684181672768,0.331,2000,subject,CI includes zero
full_minus_data2vec_spectrogram,xgboost,S_S,roc_auc,0.6371588987611615,0.6441655953756233,-0.007006696614461849,-0.007095323376690951,0.005976865250029062,-0.019441566706544247,0.003833539397958795,0.232,2000,subject,CI includes zero
full_minus_data2vec_spectrogram,xgboost,S_S,mcc,0.18641477131096448,0.19911749074940108,-0.012702719438436594,-0.012993812278847825,0.012834596354973252,-0.04026160587166027,0.010893323514291857,0.307,2000,subject,CI includes zero
full_minus_data2vec_spectrogram,xgboost,R_S,f1,0.259746317030705,0.2053401903880496,0.0544061266426554,0.05422438394903673,0.022200344530084775,0.012238469156776132,0.10030071310166179,0.007,2000,subject,CI excludes zero
full_minus_data2vec_spectrogram,xgboost,R_S,balanced_accuracy,0.5218196015553875,0.5206025548100288,0.0012170467453587186,0.0011028227110379475,0.006270216527486557,-0.01063808889241807,0.013274360772249262,0.89,2000,subject,CI includes zero
full_minus_data2vec_spectrogram,xgboost,R_S,roc_auc,0.5789748674593037,0.5989447895517507,-0.019969922092446968,-0.01988061098436839,0.009468455938011423,-0.038673411647954424,-0.00200911200851309,0.024,2000,subject,CI excludes zero
full_minus_data2vec_spectrogram,xgboost,R_S,mcc,0.05106097224686403,0.04855514262723246,0.0025058296196315694,0.002222246025080124,0.017153817081692935,-0.031189595580736622,0.03491331306615907,0.89,2000,subject,CI includes zero
full_minus_data2vec_spectrogram,xgboost,S_R,f1,0.30695652155049546,0.2642186268747714,0.042737894675724086,0.0426792840981445,0.015710234769327154,0.010571755172273769,0.07303111274673467,0.005,2000,subject,CI excludes zero
full_minus_data2vec_spectrogram,xgboost,S_R,balanced_accuracy,0.5262167176534779,0.5211121711792622,0.005104546474215654,0.005215772254495689,0.005101574471625901,-0.0048672226943846,0.015166810541364284,0.315,2000,subject,CI includes zero
full_minus_data2vec_spectrogram,xgboost,S_R,roc_auc,0.5818668995437655,0.5753049849093753,0.0065619146343901535,0.006386749761435498,0.007081350399663674,-0.007139932307634669,0.02011597595186907,0.367,2000,subject,CI includes zero
full_minus_data2vec_spectrogram,xgboost,S_R,mcc,0.061126054248701336,0.0478621748721494,0.013263879376551935,0.0134826110928868,0.01341825554853355,-0.01289843924593786,0.04011471999563085,0.313,2000,subject,CI includes zero
full_minus_data2vec,svm_rbf,R_S,f1,0.21103958017338537,0.21178096425358872,-0.0007413840802033556,-0.0014344094990617008,0.031484138766424946,-0.06124363430042694,0.062388560836012484,0.965,2000,subject,CI includes zero
full_minus_data2vec,svm_rbf,R_S,balanced_accuracy,0.5247876437754758,0.5194993168120328,0.005288326963443057,0.005304009945555862,0.006693813072349712,-0.008606623119103441,0.017707753092364335,0.397,2000,subject,CI includes zero
full_minus_data2vec,svm_rbf,R_S,roc_auc,0.5942457995957363,0.5821216957775239,0.012124103818212384,0.012166041655838136,0.01114272877605952,-0.01007033841376754,0.03394228379287471,0.265,2000,subject,CI includes zero
full_minus_data2vec,svm_rbf,R_S,mcc,0.05659426110978668,0.032854395348030016,0.023739865761756664,0.023652972184489862,0.017645655898510186,-0.011251946212498212,0.058068830956479724,0.185,2000,subject,CI includes zero
full_minus_data2vec,svm_rbf,S_R,f1,0.3781426975092982,0.3002776476626214,0.0778650498466768,0.07742510644304533,0.02274508070712596,0.03452520215705065,0.12236402625552142,0.001,2000,subject,CI excludes zero
full_minus_data2vec,svm_rbf,S_R,balanced_accuracy,0.5393833900990015,0.535630326808969,0.0037530632900324434,0.003670595302351881,0.007199609839155362,-0.009853299651673166,0.017926945764518254,0.618,2000,subject,CI includes zero
full_minus_data2vec,svm_rbf,S_R,roc_auc,0.5830298329332078,0.5845537286986863,-0.0015238957654785112,-0.0015598268379203057,0.007898800028539665,-0.017737678077047535,0.01319241253293364,0.854,2000,subject,CI includes zero
full_minus_data2vec,svm_rbf,S_R,mcc,0.08248074055759319,0.07042261008092886,0.012058130476664333,0.011867540586758974,0.016056045016003603,-0.01804140677701185,0.04358887311960502,0.462,2000,subject,CI includes zero
full_minus_data2vec,mlp,R_R,f1,0.5408367488177833,0.5654573614497161,-0.024620612631932826,-0.02499821536185109,0.014693180284531404,-0.0543854851266288,0.003495747839526092,0.089,2000,subject,CI includes zero
full_minus_data2vec,mlp,R_R,balanced_accuracy,0.5616685369798695,0.5676393968931283,-0.0059708599132587414,-0.006211088958791362,0.007998670526273354,-0.022010981677429892,0.009531673978261978,0.439,2000,subject,CI includes zero
full_minus_data2vec,mlp,R_R,roc_auc,0.5959137445399016,0.6168626066818165,-0.020948862141914826,-0.021070146306024534,0.008966270601494469,-0.03934335663913133,-0.003511207700908789,0.019,2000,subject,CI excludes zero
full_minus_data2vec,mlp,R_R,mcc,0.1342453887570776,0.1458021825215162,-0.011556793764438605,-0.012086858503701557,0.01744499308930131,-0.045674010732623775,0.022927071095704823,0.489,2000,subject,CI includes zero
full_minus_data2vec,mlp,S_S,f1,0.5144460204414778,0.5025136534967626,0.011932366944715223,0.012371723274789855,0.02698615543279474,-0.04252070571593605,0.06366027596413958,0.648,2000,subject,CI includes zero
full_minus_data2vec,mlp,S_S,balanced_accuracy,0.5659134427144625,0.5748047249333063,-0.008891282218843721,-0.008694887848293201,0.010908963673306857,-0.03109590912685202,0.01271017408618135,0.442,2000,subject,CI includes zero
full_minus_data2vec,mlp,S_S,roc_auc,0.616000975333647,0.6245613937741804,-0.008560418440533457,-0.00838283642370627,0.010879209471468154,-0.030265039196188136,0.01289512529721694,0.438,2000,subject,CI includes zero
full_minus_data2vec,mlp,S_S,mcc,0.13818124644796492,0.15343068479065233,-0.01524943834268741,-0.014793749934334535,0.02200797116065877,-0.059287281933067155,0.02817236419887479,0.51,2000,subject,CI includes zero
full_minus_data2vec,mlp,R_S,f1,0.3545847246217229,0.3753025557873346,-0.02071783116561171,-0.021523225222160342,0.032851257140050695,-0.08767605380412799,0.04345727816203641,0.512,2000,subject,CI includes zero
full_minus_data2vec,mlp,R_S,balanced_accuracy,0.5382075325039227,0.5365084213369236,0.0016991111669991676,0.0014482956687143784,0.009468447786654463,-0.016947740495530182,0.019903675487908536,0.866,2000,subject,CI includes zero
full_minus_data2vec,mlp,R_S,roc_auc,0.5853546020050854,0.5894127854276332,-0.004058183422547823,-0.004405071708225991,0.013369391041682681,-0.031383202279363295,0.022171029722853293,0.729,2000,subject,CI includes zero
full_minus_data2vec,mlp,R_S,mcc,0.08843268070593122,0.08533290587085518,0.0030997748350760357,0.0024547508161462824,0.022361838593401715,-0.04213141906301958,0.04480032476139983,0.908,2000,subject,CI includes zero
full_minus_data2vec,mlp,S_R,f1,0.2956746054613771,0.29115944683961503,0.00451515862176205,0.006041439807687874,0.03140943054173608,-0.057025854229692974,0.06884864573928258,0.84,2000,subject,CI includes zero
full_minus_data2vec,mlp,S_R,balanced_accuracy,0.5231022769579466,0.5258815813137964,-0.002779304355849721,-0.0025067904540645967,0.009515628121663348,-0.020590374544126218,0.015846833928443924,0.802,2000,subject,CI includes zero
full_minus_data2vec,mlp,S_R,roc_auc,0.5617190236709138,0.5656127905833213,-0.0038937669124075036,-0.003717809604432353,0.011176655391166555,-0.025184161993930605,0.01795360876800623,0.768,2000,subject,CI includes zero
full_minus_data2vec,mlp,S_R,mcc,0.059212360325783975,0.06297042067869933,-0.0037580603529153572,-0.0031551605287022367,0.02051883749734811,-0.041931645379900795,0.03663737685412112,0.875,2000,subject,CI includes zero
full_minus_data2vec,random_forest,R_R,f1,0.5390231198975804,0.5279695910395414,0.011053528858039008,0.011030975490771857,0.01199736674410055,-0.011091072700839429,0.03522828101284405,0.367,2000,subject,CI includes zero
full_minus_data2vec,random_forest,R_R,balanced_accuracy,0.5618855034272802,0.5679321298744855,-0.006046626447205328,-0.006144350115025409,0.004767312339708124,-0.015738323428894276,0.0031544810524009735,0.192,2000,subject,CI includes zero
full_minus_data2vec,random_forest,R_R,roc_auc,0.6047031444396054,0.615997160470398,-0.011294016030792609,-0.011432739689554645,0.005149848267102345,-0.022009287237306253,-0.0015810998187634673,0.025,2000,subject,CI excludes zero
full_minus_data2vec,random_forest,R_R,mcc,0.1333085381984596,0.14472788204753867,-0.011419343849079083,-0.011615292292277334,0.01115417745890682,-0.03369884846734432,0.010635820180489506,0.293,2000,subject,CI includes zero
full_minus_data2vec,random_forest,S_S,f1,0.5420705441504478,0.5658965694892013,-0.023826025338753554,-0.023496849091333857,0.011645864407672872,-0.046340656908325575,-0.001590440332899178,0.034,2000,subject,CI excludes zero
full_minus_data2vec,random_forest,S_S,balanced_accuracy,0.5823624420739403,0.5916149753161518,-0.009252533242211536,-0.009063709404293461,0.005527011243204307,-0.01993625282993624,0.0015097186523832348,0.093,2000,subject,CI includes zero
full_minus_data2vec,random_forest,S_S,roc_auc,0.624792140179468,0.6317526816496044,-0.006960541470136361,-0.006884208601279115,0.005724078933634456,-0.018196204624697048,0.0039859193134959055,0.259,2000,subject,CI includes zero
full_minus_data2vec,random_forest,S_S,mcc,0.17122985556664128,0.1920948440703997,-0.020864988503758425,-0.020482301601466902,0.011632161511575298,-0.043923531570620566,0.00152866314878899,0.068,2000,subject,CI includes zero
full_minus_data2vec,random_forest,R_S,f1,0.2309015716467579,0.24375664856433327,-0.01285507691757537,-0.012327767527196106,0.022640439352829438,-0.05620986496179099,0.03275055826254077,0.587,2000,subject,CI includes zero
full_minus_data2vec,random_forest,R_S,balanced_accuracy,0.5194377177159029,0.519603665883372,-0.0001659481674691765,2.9000327002683456e-05,0.00721842432577574,-0.013479791164390827,0.014987842483873724,0.968,2000,subject,CI includes zero
full_minus_data2vec,random_forest,R_S,roc_auc,0.5985711986095553,0.5890811223225431,0.009490076287012261,0.00974831988345854,0.010073253098977678,-0.010535618648455957,0.02934742987943522,0.324,2000,subject,CI includes zero
full_minus_data2vec,random_forest,R_S,mcc,0.054178384309620096,0.05259836139396049,0.001580022915659604,0.0021210520128694867,0.01926045483661063,-0.032834090678223814,0.04245586845000225,0.945,2000,subject,CI includes zero
full_minus_data2vec,random_forest,S_R,f1,0.35231551530455313,0.2959170254946805,0.05639848980987261,0.05678013211179297,0.022486579248085194,0.01045286332313092,0.09771261709225981,0.022,2000,subject,CI excludes zero
full_minus_data2vec,random_forest,S_R,balanced_accuracy,0.5211408199574962,0.5217882162330268,-0.0006473962755306761,-0.0004960321918003235,0.0068178452111244845,-0.015120419412688489,0.011828136652507587,0.989,2000,subject,CI includes zero
full_minus_data2vec,random_forest,S_R,roc_auc,0.561691902415517,0.5668258758729262,-0.00513397345740918,-0.005100720122315979,0.00809733301716731,-0.0212561004392878,0.01059532579864413,0.541,2000,subject,CI includes zero
full_minus_data2vec,random_forest,S_R,mcc,0.04600344342714129,0.04947673151928215,-0.0034732880921408554,-0.0030380991224523415,0.01595537985872386,-0.036999014546523504,0.02608614017616073,0.905,2000,subject,CI includes zero
full_minus_data2vec,xgboost,R_R,f1,0.5430390116790744,0.536344721813834,0.006694289865240455,0.006180223681882392,0.008731897928773963,-0.0110050032411123,0.023026535938848867,0.46,2000,subject,CI includes zero
full_minus_data2vec,xgboost,R_R,balanced_accuracy,0.5710881911011839,0.5723998638340422,-0.00131167273285826,-0.0013781489970951005,0.004872510934304655,-0.011339013791602478,0.007854737335811579,0.794,2000,subject,CI includes zero
full_minus_data2vec,xgboost,R_R,roc_auc,0.6125549260017293,0.6218681584641266,-0.009313232462397236,-0.0094008187878633,0.006687627144527221,-0.02326702923430443,0.002617187629945478,0.152,2000,subject,CI includes zero
full_minus_data2vec,xgboost,R_R,mcc,0.15387641201978672,0.1567111334732868,-0.002834721453500083,-0.0028983061538448446,0.010680608459102507,-0.024495603880121425,0.01727605851494506,0.807,2000,subject,CI includes zero
full_minus_data2vec,xgboost,S_S,f1,0.5583384416793866,0.5702845272885622,-0.011946085609175539,-0.011678889949366215,0.013849923112507583,-0.039823933252633524,0.014534255318578134,0.398,2000,subject,CI includes zero
full_minus_data2vec,xgboost,S_S,balanced_accuracy,0.5851370532016194,0.5958871489454555,-0.010750095743836119,-0.010671916779961236,0.007886297443380347,-0.02614901140011525,0.004366165141860389,0.187,2000,subject,CI includes zero
full_minus_data2vec,xgboost,S_S,roc_auc,0.634331475858412,0.6441655953756233,-0.00983411951721136,-0.009802786457982828,0.006792584817910569,-0.023867660890489494,0.00279827522480286,0.134,2000,subject,CI includes zero
full_minus_data2vec,xgboost,S_S,mcc,0.17689076107939228,0.19911749074940108,-0.0222267296700088,-0.02201189628152192,0.015844819284528282,-0.05336823632834888,0.00773331930369519,0.174,2000,subject,CI includes zero
full_minus_data2vec,xgboost,R_S,f1,0.18514422380084525,0.2053401903880496,-0.02019596658720435,-0.01962709105370393,0.027811647055453675,-0.07795977089770224,0.03188101251538136,0.499,2000,subject,CI includes zero
full_minus_data2vec,xgboost,R_S,balanced_accuracy,0.513507096086525,0.5206025548100288,-0.007095458723503811,-0.006829616807443842,0.007333196597403293,-0.022117499653147882,0.006549113091340207,0.34,2000,subject,CI includes zero
full_minus_data2vec,xgboost,R_S,roc_auc,0.589391129117596,0.5989447895517507,-0.009553660434154732,-0.009651696606199765,0.008139902255263239,-0.025781642466414706,0.006436685457503754,0.224,2000,subject,CI includes zero
full_minus_data2vec,xgboost,R_S,mcc,0.042668622087864296,0.04855514262723246,-0.0058865205393681674,-0.0051648233070697965,0.01920429436498039,-0.04450276324487516,0.031399496344920355,0.818,2000,subject,CI includes zero
full_minus_data2vec,xgboost,S_R,f1,0.35439995182452455,0.2642186268747714,0.09018132494975317,0.08957526297245454,0.021525442816445684,0.04917246514455218,0.1332674219133728,0.0,2000,subject,CI excludes zero
full_minus_data2vec,xgboost,S_R,balanced_accuracy,0.5295022769639658,0.5211121711792622,0.008390105784703561,0.008197459975782681,0.005327507089742777,-0.002598648411438001,0.017966192855675987,0.126,2000,subject,CI includes zero
full_minus_data2vec,xgboost,S_R,roc_auc,0.5788548168500408,0.5753049849093753,0.0035498319406654932,0.003505710785798267,0.008446854159495148,-0.013405301989407245,0.019947543564956014,0.658,2000,subject,CI includes zero
full_minus_data2vec,xgboost,S_R,mcc,0.058884376194011545,0.0478621748721494,0.011022201321862143,0.010705160645126196,0.013506332658421442,-0.016500141183215716,0.03650044256255945,0.422,2000,subject,CI includes zero
