representation,classifier,protocol,metric,filtered_point,baseline_point,point_difference,bootstrap_mean_difference,bootstrap_std,ci95_low,ci95_high,p_value_two_sided,bootstrap_iterations,unit,interpretation
full_fusion,svm_rbf,R_R,f1,0.5024599816065514,0.5547313729905512,-0.05227139138399983,-0.0515246899506522,0.014667789502467932,-0.0796134816177368,-0.023041233078017097,0.0,2000,subject,CI excludes zero
full_fusion,svm_rbf,R_R,balanced_accuracy,0.5719699040405831,0.5782914321370939,-0.0063215280965107645,-0.006145079964802404,0.0054162077148183834,-0.01733512963631995,0.003704023626828663,0.243,2000,subject,CI includes zero
full_fusion,svm_rbf,R_R,roc_auc,0.6209505083932909,0.626438246494307,-0.005487738101016104,-0.005374610020649048,0.006130827792426578,-0.018690346798754368,0.005311514152441521,0.38,2000,subject,CI includes zero
full_fusion,svm_rbf,R_R,mcc,0.1517864913859707,0.16704888705207727,-0.01526239566610657,-0.014981273110350983,0.010727919639724444,-0.03644792858640106,0.0048377501828394094,0.146,2000,subject,CI includes zero
full_fusion,svm_rbf,S_S,f1,0.48623709364797474,0.5688250341824791,-0.08258794053450436,-0.08264111645274762,0.014772694751510593,-0.11209979103099835,-0.05383519315653416,0.0,2000,subject,CI excludes zero
full_fusion,svm_rbf,S_S,balanced_accuracy,0.5787995438913203,0.5951806066270218,-0.0163810627357015,-0.01631563959360981,0.005966404168098478,-0.027963595350136258,-0.004695923288129407,0.009,2000,subject,CI excludes zero
full_fusion,svm_rbf,S_S,roc_auc,0.6402589618322403,0.6426883504015177,-0.0024293885692774353,-0.0024727094132605564,0.004791827667634988,-0.011394880891385554,0.0069262586156243235,0.603,2000,subject,CI includes zero
full_fusion,svm_rbf,S_S,mcc,0.1679124232175843,0.2006036182420121,-0.0326911950244278,-0.032550918931010205,0.012416221413795142,-0.05675984453964453,-0.00856719376935752,0.012,2000,subject,CI excludes zero
full_fusion,svm_rbf,R_S,f1,0.1838814960508636,0.21178096425358872,-0.027899468202725125,-0.028124843728414246,0.02298271739266902,-0.07827885595778974,0.013530806945649574,0.207,2000,subject,CI includes zero
full_fusion,svm_rbf,R_S,balanced_accuracy,0.5136688416147547,0.5194993168120328,-0.005830475197278084,-0.00598863194894403,0.009839015706570108,-0.028155977681406746,0.009814798343237233,0.608,2000,subject,CI includes zero
full_fusion,svm_rbf,R_S,roc_auc,0.5816420464643526,0.5821216957775239,-0.0004796493131713486,-0.0006345977828656566,0.009971436124505847,-0.022002662706278115,0.016428377075526523,0.986,2000,subject,CI includes zero
full_fusion,svm_rbf,R_S,mcc,0.022753061701922494,0.032854395348030016,-0.010101333646107522,-0.010771675475373301,0.022385415771473967,-0.06216557243627279,0.027356539670380254,0.68,2000,subject,CI includes zero
full_fusion,svm_rbf,S_R,f1,0.17370876019325066,0.3002776476626214,-0.12656888746937073,-0.12721071045165952,0.026125626785457306,-0.18125940401083732,-0.07815753286172909,0.0,2000,subject,CI excludes zero
full_fusion,svm_rbf,S_R,balanced_accuracy,0.5242392941978617,0.535630326808969,-0.011391032611107299,-0.011595895156213832,0.006435143627579389,-0.025075232184620492,-0.00010923951439861256,0.046,2000,subject,CI excludes zero
full_fusion,svm_rbf,S_R,roc_auc,0.5948374781714052,0.5845537286986863,0.010283749472718928,0.009924912852186309,0.007698676251995259,-0.00510284501905242,0.024501887577133116,0.213,2000,subject,CI includes zero
full_fusion,svm_rbf,S_R,mcc,0.05563440035791748,0.07042261008092886,-0.014788209723011377,-0.015137890689551044,0.015633793701714492,-0.04627063919029774,0.01373482951199194,0.346,2000,subject,CI includes zero
full_fusion,mlp,R_R,f1,0.45361306278472857,0.5654573614497161,-0.11184429866498757,-0.1121078388450837,0.018538703873939712,-0.1505675958145287,-0.07797876671728626,0.0,2000,subject,CI excludes zero
full_fusion,mlp,R_R,balanced_accuracy,0.5574789268156255,0.5676393968931283,-0.010160470077502759,-0.009985253169546848,0.0073622381469984665,-0.024626580369469405,0.0046806631300992125,0.174,2000,subject,CI includes zero
full_fusion,mlp,R_R,roc_auc,0.6190620622574871,0.6168626066818165,0.0021994555756705836,0.002481590913296442,0.00939584390509252,-0.017080762015529445,0.020738833856923586,0.783,2000,subject,CI includes zero
full_fusion,mlp,R_R,mcc,0.13191567345511584,0.1458021825215162,-0.013886509066400349,-0.013390325712352954,0.016236432680209485,-0.046390032094319494,0.019143300445150575,0.385,2000,subject,CI includes zero
full_fusion,mlp,S_S,f1,0.4598184452828257,0.5025136534967626,-0.04269520821393685,-0.043359795471492095,0.02341274944537204,-0.08900911076631524,0.002934220350860431,0.071,2000,subject,CI includes zero
full_fusion,mlp,S_S,balanced_accuracy,0.5697711136742176,0.5748047249333063,-0.005033611259088633,-0.005055113914870873,0.009160624215731614,-0.023505075582947586,0.012567926879305193,0.573,2000,subject,CI includes zero
full_fusion,mlp,S_S,roc_auc,0.630985691691583,0.6245613937741804,0.006424297917402622,0.0065799491115470544,0.007518822193059773,-0.008761392299951567,0.02107178116705639,0.376,2000,subject,CI includes zero
full_fusion,mlp,S_S,mcc,0.14786389226970612,0.15343068479065233,-0.005566792520946218,-0.00556224225135434,0.018885840320038004,-0.043442088462588534,0.029393339722392414,0.759,2000,subject,CI includes zero
full_fusion,mlp,R_S,f1,0.4026680317970882,0.3753025557873346,0.027365476009753587,0.027482389090186465,0.02841950027296046,-0.027175994506708562,0.0825091813098585,0.334,2000,subject,CI includes zero
full_fusion,mlp,R_S,balanced_accuracy,0.5356142235733926,0.5365084213369236,-0.0008941977635309462,-0.0009246065064373514,0.0094510714759932,-0.01875345458417245,0.018579823164421156,0.882,2000,subject,CI includes zero
full_fusion,mlp,R_S,roc_auc,0.5896802036305386,0.5894127854276332,0.00026741820290543394,0.0002224773230007197,0.010413626836966654,-0.0200742849804306,0.020699569665356386,0.967,2000,subject,CI includes zero
full_fusion,mlp,R_S,mcc,0.07424966829505718,0.08533290587085518,-0.011083237575798002,-0.011049597535482491,0.020745894860286912,-0.05036698740745639,0.03203602766165848,0.582,2000,subject,CI includes zero
full_fusion,mlp,S_R,f1,0.19430452656791847,0.29115944683961503,-0.09685492027169657,-0.09682751709910152,0.028398239604920304,-0.15441601423773407,-0.04204946298027626,0.0,2000,subject,CI excludes zero
full_fusion,mlp,S_R,balanced_accuracy,0.517800249483667,0.5258815813137964,-0.008081331830129379,-0.007988485881146382,0.007712642672981788,-0.02349995114890501,0.006869585401645408,0.293,2000,subject,CI includes zero
full_fusion,mlp,S_R,roc_auc,0.5770726696651924,0.5656127905833213,0.011459879081871183,0.011351153380907137,0.010395078129781337,-0.00810300601618651,0.03209816213445435,0.271,2000,subject,CI includes zero
full_fusion,mlp,S_R,mcc,0.04330747254730604,0.06297042067869933,-0.01966294813139329,-0.019387039132243614,0.017912414976945065,-0.054045875879527715,0.015772468340595997,0.288,2000,subject,CI includes zero
full_fusion,random_forest,R_R,f1,0.44640984946251083,0.5279695910395414,-0.08155974157703061,-0.08124943129332544,0.01228978341691263,-0.10527020582969948,-0.0573356754889609,0.0,2000,subject,CI excludes zero
full_fusion,random_forest,R_R,balanced_accuracy,0.5598687827421266,0.5679321298744855,-0.0080633471323589,-0.00808457729189227,0.00566926858460379,-0.018961761829750737,0.002932102557857215,0.148,2000,subject,CI includes zero
full_fusion,random_forest,R_R,roc_auc,0.612956766340613,0.615997160470398,-0.0030403941297849624,-0.0030173702587093306,0.0043594943085166005,-0.01146509784512386,0.005276111285221185,0.485,2000,subject,CI includes zero
full_fusion,random_forest,R_R,mcc,0.1337477896502971,0.14472788204753867,-0.01098009239724157,-0.011090570152533964,0.011609260239824797,-0.03265674547746851,0.012083057549704419,0.34,2000,subject,CI includes zero
full_fusion,random_forest,S_S,f1,0.4629455238323142,0.5658965694892013,-0.10295104565688712,-0.10327210902291341,0.01415366190210675,-0.13128762984405706,-0.0769015838531938,0.0,2000,subject,CI excludes zero
full_fusion,random_forest,S_S,balanced_accuracy,0.5689305515795942,0.5916149753161518,-0.022684423736557657,-0.0227303373502196,0.005051244018639192,-0.03300937434262178,-0.013390825526309956,0.0,2000,subject,CI excludes zero
full_fusion,random_forest,S_S,roc_auc,0.6247587987925756,0.6317526816496044,-0.006993882857028844,-0.006913098310419408,0.004634648840781404,-0.01617489577002296,0.0019935318528195127,0.136,2000,subject,CI includes zero
full_fusion,random_forest,S_S,mcc,0.148407804152672,0.1920948440703997,-0.04368703991772771,-0.043675120597203416,0.01056675398451799,-0.06512719258553132,-0.02397926727232167,0.0,2000,subject,CI excludes zero
full_fusion,random_forest,R_S,f1,0.14826587295593574,0.24375664856433327,-0.09549077560839753,-0.09488335543570724,0.01969878161107953,-0.13503276327175404,-0.053670994034645314,0.0,2000,subject,CI excludes zero
full_fusion,random_forest,R_S,balanced_accuracy,0.5132434862178306,0.519603665883372,-0.006360179665541477,-0.006103966866139887,0.0068530754351293285,-0.018277844232287812,0.008419794632771207,0.355,2000,subject,CI includes zero
full_fusion,random_forest,R_S,roc_auc,0.6079018013584631,0.5890811223225431,0.018820679035919996,0.018945344592290227,0.006595931111105759,0.0069549870733850265,0.03251506090597187,0.003,2000,subject,CI excludes zero
full_fusion,random_forest,R_S,mcc,0.04899782013658859,0.05259836139396049,-0.0036005412573719003,-0.0029469205624536744,0.019481057364537945,-0.0370634847213665,0.04022081755192082,0.802,2000,subject,CI includes zero
full_fusion,random_forest,S_R,f1,0.14652427460287928,0.2959170254946805,-0.14939275089180123,-0.14896468592335343,0.018849131635673748,-0.18527437591780438,-0.11218388108829441,0.0,2000,subject,CI excludes zero
full_fusion,random_forest,S_R,balanced_accuracy,0.5097867994298314,0.5217882162330268,-0.012001416803195442,-0.011861006709697655,0.006705678778542724,-0.025374416466383796,0.0005353781082234267,0.062,2000,subject,CI includes zero
full_fusion,random_forest,S_R,roc_auc,0.5737435059731139,0.5668258758729262,0.006917630100187644,0.0069398998569134025,0.00911705562999538,-0.010709176091548379,0.02503170653283838,0.44,2000,subject,CI includes zero
full_fusion,random_forest,S_R,mcc,0.02434933445856964,0.04947673151928215,-0.025127397060712507,-0.024931393139391134,0.01636032621077674,-0.05744782657654143,0.007148758032617752,0.134,2000,subject,CI includes zero
full_fusion,xgboost,R_R,f1,0.4261698445622391,0.536344721813834,-0.11017487725159486,-0.1098668964678931,0.013314573354816697,-0.1358841774062989,-0.08394967913240685,0.0,2000,subject,CI excludes zero
full_fusion,xgboost,R_R,balanced_accuracy,0.5623891494642297,0.5723998638340422,-0.01001071436981249,-0.009864767197766211,0.005391500729217817,-0.02126492255229536,0.0003355577602748865,0.058,2000,subject,CI includes zero
full_fusion,xgboost,R_R,roc_auc,0.6214482537787894,0.6218681584641266,-0.00041990468533714687,-0.0003145668360465218,0.004832120434604402,-0.009853547785766885,0.008830419905965968,0.954,2000,subject,CI includes zero
full_fusion,xgboost,R_R,mcc,0.1422996356212358,0.1567111334732868,-0.014411497852051008,-0.014136471539070805,0.010386092305051171,-0.03608837111035976,0.005745043017863926,0.16,2000,subject,CI includes zero
full_fusion,xgboost,S_S,f1,0.44498974665175306,0.5702845272885622,-0.1252947806368091,-0.12511753721858634,0.01729163969244393,-0.15922998693706958,-0.09258069661870809,0.0,2000,subject,CI excludes zero
full_fusion,xgboost,S_S,balanced_accuracy,0.5665727435732156,0.5958871489454555,-0.029314405372239838,-0.029319730204977548,0.008317479686652795,-0.045548162309708214,-0.01315596265417431,0.0,2000,subject,CI excludes zero
full_fusion,xgboost,S_S,roc_auc,0.6336634296111349,0.6441655953756233,-0.01050216576448848,-0.010611596749331053,0.004554871529776271,-0.019700953663428295,-0.001866051852961228,0.017,2000,subject,CI excludes zero
full_fusion,xgboost,S_S,mcc,0.14713651947207465,0.19911749074940108,-0.051980971277326427,-0.051956371578565794,0.017598393380022823,-0.08704865703709316,-0.017764482265801396,0.001,2000,subject,CI excludes zero
full_fusion,xgboost,R_S,f1,0.21931874718802571,0.2053401903880496,0.013978556799976116,0.01367700801013564,0.017564914754160207,-0.02100687068090253,0.0478598959143302,0.423,2000,subject,CI includes zero
full_fusion,xgboost,R_S,balanced_accuracy,0.5218496918775475,0.5206025548100288,0.0012471370675186666,0.0011934025259599458,0.004944886864432166,-0.008686418189035828,0.010998112983682239,0.802,2000,subject,CI includes zero
full_fusion,xgboost,R_S,roc_auc,0.6132609361776472,0.5989447895517507,0.01431614662589653,0.014261580914467206,0.00621508412240859,0.0018660961603441334,0.026480783725298437,0.024,2000,subject,CI excludes zero
full_fusion,xgboost,R_S,mcc,0.05981723754719423,0.04855514262723246,0.011262094919961767,0.010970256346332261,0.014746935226783988,-0.01792905321356768,0.039560384090918735,0.461,2000,subject,CI includes zero
full_fusion,xgboost,S_R,f1,0.10534343790744723,0.2642186268747714,-0.15887518896732417,-0.1588396757371745,0.023859356656607447,-0.20613469000902715,-0.11340167248351991,0.0,2000,subject,CI excludes zero
full_fusion,xgboost,S_R,balanced_accuracy,0.5048585823192251,0.5211121711792622,-0.016253588860037138,-0.01609272499802615,0.0058700507407850435,-0.027877580948964288,-0.005355231023346231,0.003,2000,subject,CI excludes zero
full_fusion,xgboost,S_R,roc_auc,0.5665987980955266,0.5753049849093753,-0.008706186813848715,-0.00852422996170631,0.012473894109183604,-0.03350596471939128,0.015697333551302928,0.497,2000,subject,CI includes zero
full_fusion,xgboost,S_R,mcc,0.008802680403303707,0.0478621748721494,-0.0390594944688457,-0.03871407017589382,0.014754314659961902,-0.06799336798694833,-0.011383769997056717,0.007,2000,subject,CI excludes zero
hubert,svm_rbf,R_R,f1,0.5301037556623772,0.5725242574839651,-0.04242050182158785,-0.04312095131063154,0.015873284558386835,-0.07641671519788609,-0.013479749026287704,0.003,2000,subject,CI excludes zero
hubert,svm_rbf,R_R,balanced_accuracy,0.5672521616757452,0.576736601151267,-0.0094844394755218,-0.00963193898204263,0.00664419630904652,-0.023794116092259773,0.0023160504267001523,0.136,2000,subject,CI includes zero
hubert,svm_rbf,R_R,roc_auc,0.6134402367858929,0.6213366203106231,-0.00789638352473021,-0.007909817129622439,0.006718625485137842,-0.0209159552574624,0.005450249796752017,0.247,2000,subject,CI includes zero
hubert,svm_rbf,R_R,mcc,0.13997925650102552,0.16210773361603842,-0.022128477115012896,-0.02247918048683191,0.014751171474278827,-0.053926810568706525,0.004576964719137837,0.114,2000,subject,CI includes zero
hubert,svm_rbf,S_S,f1,0.532257892724874,0.5648467204530984,-0.03258882772822436,-0.032259041520273285,0.016186335182481963,-0.06668340075244891,-0.0016238199353716134,0.037,2000,subject,CI excludes zero
hubert,svm_rbf,S_S,balanced_accuracy,0.592263321194979,0.5952589170543495,-0.0029955958593704812,-0.002856956604656991,0.00617792067541677,-0.014744035366125379,0.008984382932095044,0.646,2000,subject,CI includes zero
hubert,svm_rbf,S_S,roc_auc,0.6424622960652852,0.6470236158529384,-0.004561319787653284,-0.0044503138278879,0.006768091096123819,-0.018856816276433142,0.007972033185678826,0.528,2000,subject,CI includes zero
hubert,svm_rbf,S_S,mcc,0.1987610480294881,0.20137341209694085,-0.0026123640674527437,-0.002358064879738013,0.012408141335274635,-0.026046665920880025,0.020823231485259153,0.872,2000,subject,CI includes zero
hubert,svm_rbf,R_S,f1,0.34060800404995245,0.27414622638960096,0.0664617776603515,0.06610554619621789,0.018398366911271967,0.03361766970663527,0.10456475681850781,0.0,2000,subject,CI excludes zero
hubert,svm_rbf,R_S,balanced_accuracy,0.5410201271488904,0.5297689539159842,0.011251173232906142,0.011180047369353137,0.006529027891923036,-0.0007262223647203493,0.025341908243986702,0.062,2000,subject,CI includes zero
hubert,svm_rbf,R_S,roc_auc,0.5893927383322368,0.5921482869423979,-0.0027555486101610294,-0.002383118008168056,0.009022900137517508,-0.021366764116116498,0.014111507657853694,0.779,2000,subject,CI includes zero
hubert,svm_rbf,R_S,mcc,0.09182352950105536,0.06906815663028795,0.022755372870767412,0.022587117751622098,0.014187629043943028,-0.002895335694351823,0.05153688423686346,0.093,2000,subject,CI includes zero
hubert,svm_rbf,S_R,f1,0.22829916816262205,0.36638350469827785,-0.1380843365356558,-0.13733490565176845,0.033977346374717714,-0.20653619836820028,-0.07332087734863589,0.0,2000,subject,CI excludes zero
hubert,svm_rbf,S_R,balanced_accuracy,0.5214585975109285,0.5503098468146098,-0.028851249303681326,-0.028375396418571838,0.012632812962008893,-0.055340435549510895,-0.007426123483184351,0.005,2000,subject,CI excludes zero
hubert,svm_rbf,S_R,roc_auc,0.5455520629301627,0.5951301688368762,-0.04957810590671352,-0.04918862894275121,0.018640595742845906,-0.08588549039770273,-0.015161471884293615,0.004,2000,subject,CI excludes zero
hubert,svm_rbf,S_R,mcc,0.042495327054059596,0.1108711692961807,-0.0683758422421211,-0.06753513548528704,0.028893658904003264,-0.12769002598796367,-0.017264759106849836,0.007,2000,subject,CI excludes zero
hubert,mlp,R_R,f1,0.47131186448634643,0.5186200903570148,-0.04730822587066841,-0.047031938209251604,0.017088841957712795,-0.08070485006075916,-0.014663458487955324,0.007,2000,subject,CI excludes zero
hubert,mlp,R_R,balanced_accuracy,0.5554807866635875,0.5616635836113433,-0.006182796947755809,-0.005957067390838166,0.006858432190371895,-0.019605415301750095,0.006949624766367208,0.378,2000,subject,CI includes zero
hubert,mlp,R_R,roc_auc,0.6085473674787524,0.6063007463714924,0.0022466211072599274,0.0020447971290628005,0.008454848736125583,-0.01440848026429372,0.01889560491144106,0.807,2000,subject,CI includes zero
hubert,mlp,R_R,mcc,0.12089884650000932,0.1286242981325744,-0.007725451632565078,-0.00733606957880827,0.014486113943538534,-0.03621352752364294,0.020761462685315497,0.597,2000,subject,CI includes zero
hubert,mlp,S_S,f1,0.4588804479828691,0.5345681341258895,-0.07568768614302046,-0.07586951183283128,0.02180410838215322,-0.11833459188672137,-0.03199546154908995,0.0,2000,subject,CI excludes zero
hubert,mlp,S_S,balanced_accuracy,0.5777008355497125,0.5780297994920441,-0.0003289639423316171,-0.0006388931451965465,0.008187871240293559,-0.016353269869843343,0.01573692180544447,0.943,2000,subject,CI includes zero
hubert,mlp,S_S,roc_auc,0.6446121096188806,0.62348589285853,0.021126216760350647,0.020770218611517403,0.009733357841143932,0.0019304326566614253,0.039581668896743284,0.03,2000,subject,CI excludes zero
hubert,mlp,S_S,mcc,0.16314513796575722,0.16387524907680642,-0.0007301111110492031,-0.0013481648123044518,0.016593334978283265,-0.034011864735878694,0.03202102262192512,0.927,2000,subject,CI includes zero
hubert,mlp,R_S,f1,0.2185962116637146,0.3598040286501471,-0.1412078169864325,-0.14087804880832375,0.030505056821851523,-0.1990314587464155,-0.07964939440090985,0.0,2000,subject,CI excludes zero
hubert,mlp,R_S,balanced_accuracy,0.5197413855099163,0.5349644092282305,-0.015223023718314188,-0.014915395852256232,0.011491764324813653,-0.03766483829692169,0.008016802584268781,0.189,2000,subject,CI includes zero
hubert,mlp,R_S,roc_auc,0.5871136142659916,0.5791227446030868,0.007990869662904854,0.008079008324731598,0.009256097296027943,-0.011429847687494454,0.026304588440916238,0.359,2000,subject,CI includes zero
hubert,mlp,R_S,mcc,0.05551125387429748,0.07577990316281559,-0.020268649288518112,-0.01955175471170353,0.02465409478843606,-0.06978770209077917,0.029203133351920294,0.422,2000,subject,CI includes zero
hubert,mlp,S_R,f1,0.16962485812722683,0.3610554814854195,-0.19143062335819266,-0.19156944560515698,0.03078838042337247,-0.25317308214831635,-0.13051063074045252,0.0,2000,subject,CI excludes zero
hubert,mlp,S_R,balanced_accuracy,0.5138155169831141,0.5339437486018365,-0.020128231618722348,-0.020138258388856307,0.00993226320727985,-0.04093701463455557,-0.002246850114248108,0.023,2000,subject,CI excludes zero
hubert,mlp,S_R,roc_auc,0.5558717565666389,0.5801036025931222,-0.024231846026483317,-0.02389783189952292,0.01874606520645403,-0.06112816606254818,0.012158881060312062,0.206,2000,subject,CI includes zero
hubert,mlp,S_R,mcc,0.03444926476056086,0.0728485551359236,-0.038399290375362743,-0.0383823896915701,0.023826626073751144,-0.08722548655013707,0.005126920602280544,0.078,2000,subject,CI includes zero
hubert,random_forest,R_R,f1,0.4321974086472058,0.531266181611088,-0.09906877296388217,-0.09860214620121295,0.015522468592331452,-0.12973714227268893,-0.06855207306195488,0.0,2000,subject,CI excludes zero
hubert,random_forest,R_R,balanced_accuracy,0.5473255828411746,0.560688680584914,-0.013363097743739338,-0.013383420869460434,0.0050619573259218275,-0.023910263919787,-0.004465485270858621,0.007,2000,subject,CI excludes zero
hubert,random_forest,R_R,roc_auc,0.5989942600920972,0.6034926236661824,-0.0044983635740851735,-0.004511529189474958,0.004465290672785896,-0.013716298154025188,0.004440892401848193,0.294,2000,subject,CI includes zero
hubert,random_forest,R_R,mcc,0.10490864503603976,0.1278413047355108,-0.022932659699471045,-0.023022447863626044,0.01035905341558268,-0.04397621922952073,-0.003618494751759006,0.016,2000,subject,CI excludes zero
hubert,random_forest,S_S,f1,0.4422401558307964,0.5349448892915173,-0.09270473346072089,-0.09317723741764201,0.01592776233443253,-0.12434991702722852,-0.0623063783143966,0.0,2000,subject,CI excludes zero
hubert,random_forest,S_S,balanced_accuracy,0.5745668214008304,0.5846591020893217,-0.010092280688491329,-0.010025083008542367,0.0048439658402141105,-0.01971714245977584,-0.0005835788450826919,0.033,2000,subject,CI excludes zero
hubert,random_forest,S_S,roc_auc,0.6297900485582928,0.6363109507402355,-0.006520902181942678,-0.006726538172192248,0.004568741162042757,-0.015787574072921064,0.0018383892761114004,0.133,2000,subject,CI includes zero
hubert,random_forest,S_S,mcc,0.1620356233026644,0.18022715355410415,-0.01819153025143974,-0.0180308452219954,0.010286488866127399,-0.03920686764716421,0.0016798481590292852,0.07,2000,subject,CI includes zero
hubert,random_forest,R_S,f1,0.3490586221405358,0.3907362567405174,-0.04167763459998158,-0.04261783071746116,0.02491302012190625,-0.08969874799969775,0.00805042316428646,0.092,2000,subject,CI includes zero
hubert,random_forest,R_S,balanced_accuracy,0.5413782835648521,0.5443907142291946,-0.003012430664342536,-0.003388052458895969,0.008060560184844467,-0.017065554370390465,0.01375604981679568,0.618,2000,subject,CI includes zero
hubert,random_forest,R_S,roc_auc,0.6174096739757978,0.6057484637684635,0.01166121020733435,0.011302764710067798,0.008026857230620367,-0.003427681842455805,0.028253378564118747,0.154,2000,subject,CI includes zero
hubert,random_forest,R_S,mcc,0.0963468485403655,0.09895722491480799,-0.0026103763744424885,-0.003323286697761973,0.017326000412298245,-0.03365078794013747,0.032785493682754276,0.805,2000,subject,CI includes zero
hubert,random_forest,S_R,f1,0.15123707932520836,0.3153368254513511,-0.16409974612614275,-0.16369208016037218,0.02229805186577345,-0.20917983615615096,-0.1207935098211311,0.0,2000,subject,CI excludes zero
hubert,random_forest,S_R,balanced_accuracy,0.514001673808357,0.5243547149257702,-0.010353041117413198,-0.010334452516755147,0.005548481236131319,-0.021266159688653943,0.0009650144171604712,0.068,2000,subject,CI includes zero
hubert,random_forest,S_R,roc_auc,0.5381568169692639,0.5599398276699422,-0.02178301070067834,-0.022317997006212238,0.015593318655462218,-0.05195874273666352,0.009023778129713474,0.155,2000,subject,CI includes zero
hubert,random_forest,S_R,mcc,0.027095143150700815,0.04714255283846827,-0.020047409687767456,-0.020020945694338935,0.013813087772581646,-0.04771307302692276,0.007121654778602382,0.136,2000,subject,CI includes zero
hubert,xgboost,R_R,f1,0.4168863241290351,0.5345519012800357,-0.11766557715100062,-0.11719689621895246,0.015976045600249674,-0.1497784370302633,-0.08764097752532647,0.0,2000,subject,CI excludes zero
hubert,xgboost,R_R,balanced_accuracy,0.550978571817593,0.5647042599395167,-0.013725688121923652,-0.013579277201950925,0.005965935059607643,-0.025708695156991545,-0.0026607852627965685,0.017,2000,subject,CI excludes zero
hubert,xgboost,R_R,roc_auc,0.6091875298087768,0.6141641821426248,-0.004976652333848031,-0.00492660650260299,0.004088544017364065,-0.012994593063957366,0.0033239517216685902,0.228,2000,subject,CI includes zero
hubert,xgboost,R_R,mcc,0.10689478343542454,0.13565607201677954,-0.028761288581355002,-0.028658925329356873,0.012447709328320416,-0.053082075810651115,-0.005559022947816569,0.016,2000,subject,CI excludes zero
hubert,xgboost,S_S,f1,0.43591490455088355,0.5575587846762227,-0.12164388012533911,-0.12164290498145873,0.01757661964715402,-0.15662077211505468,-0.08843325330779465,0.0,2000,subject,CI excludes zero
hubert,xgboost,S_S,balanced_accuracy,0.5704058322893082,0.5953427349061181,-0.02493690261680992,-0.025056718304150915,0.0065492071401490656,-0.03809922577451873,-0.011984475612406472,0.0,2000,subject,CI excludes zero
hubert,xgboost,S_S,roc_auc,0.6343008804965905,0.6410646321985395,-0.0067637517019489835,-0.006946686607400871,0.005522273140838515,-0.01739276980643124,0.0037770857408341014,0.202,2000,subject,CI includes zero
hubert,xgboost,S_S,mcc,0.15123935117860002,0.1985820440411221,-0.04734269286252207,-0.047468136777888616,0.01366903267470059,-0.07429970287748688,-0.02054131458366827,0.0,2000,subject,CI excludes zero
hubert,xgboost,R_S,f1,0.2992427777452887,0.3801848676648889,-0.08094208991960022,-0.08086764558934467,0.02737314996123244,-0.13454742112465198,-0.028582523003057705,0.003,2000,subject,CI excludes zero
hubert,xgboost,R_S,balanced_accuracy,0.5311542767757143,0.546538048762967,-0.015383771987252715,-0.015275417046189158,0.008980075611471449,-0.03309119629854799,0.0019871664480589656,0.08,2000,subject,CI includes zero
hubert,xgboost,R_S,roc_auc,0.6092361476688515,0.6158887444089495,-0.0066525967400979935,-0.0067796291046681965,0.007436852567536825,-0.02090673356477632,0.008148039006422024,0.36,2000,subject,CI includes zero
hubert,xgboost,R_S,mcc,0.07087800794380207,0.10928349658515055,-0.038405488641348476,-0.038338277296780715,0.01958078200511869,-0.07609753094715745,-0.0007358568236832276,0.045,2000,subject,CI excludes zero
hubert,xgboost,S_R,f1,0.16828146796559013,0.36648849396171423,-0.1982070259961241,-0.1979502011057158,0.0248661059647647,-0.24637518427224686,-0.15018954437662274,0.0,2000,subject,CI excludes zero
hubert,xgboost,S_R,balanced_accuracy,0.5169295842151225,0.5417992251451946,-0.024869640930072157,-0.02460526474337174,0.007088193742736664,-0.038922151946681825,-0.011293990362392285,0.0,2000,subject,CI excludes zero
hubert,xgboost,S_R,roc_auc,0.5529909169047488,0.5757007654120311,-0.022709848507282304,-0.022078056255090055,0.01597572033322122,-0.053611389547955635,0.008531460494711913,0.154,2000,subject,CI includes zero
hubert,xgboost,S_R,mcc,0.035055952073820125,0.08787870184827404,-0.05282274977445391,-0.05245588560024802,0.017897194226333287,-0.08823651260704309,-0.018203475583342742,0.002,2000,subject,CI excludes zero
