representation,classifier,protocol,fold,dimension,metric,fixed_point,baseline_point,point_difference,bootstrap_mean_difference,bootstrap_std,ci95_low,ci95_high,p_value_two_sided,bootstrap_iterations,unit,interpretation
full_fusion,svm_rbf,R_S,0,384,f1,0.3062235021593388,0.0006038647342995169,0.3056196374250393,0.3038043495875097,0.0724957572780576,0.17441191927946229,0.4570660783506,0.0,2000,subject,CI excludes zero
full_fusion,svm_rbf,R_S,0,384,balanced_accuracy,0.533135562192951,0.5001513775355737,0.03298418465737729,0.03230098119681396,0.027495907954779866,-0.008750139631220793,0.09246669918997474,0.24,2000,subject,CI includes zero
full_fusion,svm_rbf,R_S,0,384,roc_auc,0.5807066832382004,0.6263883847816906,-0.04568170154349016,-0.04492224985117298,0.02767296965404095,-0.09740949585008822,0.01157197863147983,0.112,2000,subject,CI includes zero
full_fusion,svm_rbf,R_S,0,384,mcc,0.05838052537278361,0.004173494501612666,0.054207030871170944,0.052904567568440905,0.05915985581702781,-0.041604450494230054,0.1816020730552715,0.415,2000,subject,CI includes zero
full_fusion,svm_rbf,R_S,0,768,f1,0.22885252737887007,0.0,0.22885252737887007,0.2310013542548683,0.0685477218173747,0.11770356932578677,0.3753898433439984,0.0,2000,subject,CI excludes zero
full_fusion,svm_rbf,R_S,0,768,balanced_accuracy,0.5210644684798562,0.5,0.021064468479856213,0.02169308445971561,0.0225547053647164,-0.010402432681257663,0.07039757017802643,0.454,2000,subject,CI includes zero
full_fusion,svm_rbf,R_S,0,768,roc_auc,0.5634855551387188,0.5226394908309577,0.040846064307761054,0.041153135302061786,0.02450642754895415,-0.00405940071870161,0.09124457134277444,0.073,2000,subject,CI includes zero
full_fusion,svm_rbf,R_S,0,768,mcc,0.039849375570303956,0.0,0.039849375570303956,0.04110306686038206,0.047490277505437904,-0.03430608440171153,0.1425305469616389,0.456,2000,subject,CI includes zero
full_fusion,svm_rbf,R_S,0,1536,f1,0.23602488692663293,0.0,0.23602488692663293,0.2332023160761207,0.05758152267739879,0.1321087638904781,0.3529256785373122,0.0,2000,subject,CI excludes zero
full_fusion,svm_rbf,R_S,0,1536,balanced_accuracy,0.5272523895953529,0.5,0.02725238959535292,0.026546321742668928,0.01680239426711649,0.00020989332348668783,0.06469841310271057,0.045,2000,subject,CI excludes zero
full_fusion,svm_rbf,R_S,0,1536,roc_auc,0.5720734509865649,0.5002827254735652,0.0717907255129997,0.07028720727836535,0.03244126771112512,0.008055332085983753,0.13669377420637188,0.019,2000,subject,CI excludes zero
full_fusion,svm_rbf,R_S,0,1536,mcc,0.08214118024997898,0.0,0.08214118024997898,0.08062902857941699,0.04084451541591554,0.004702031543967703,0.1660992926387774,0.034,2000,subject,CI excludes zero
full_fusion,svm_rbf,R_S,1,384,f1,0.33772292707512075,0.01267605633802817,0.3250468707370926,0.3243220964233578,0.06368368691875345,0.19740320889407406,0.4414655755072223,0.0,2000,subject,CI excludes zero
full_fusion,svm_rbf,R_S,1,384,balanced_accuracy,0.5336771310353711,0.5,0.033677131035371066,0.03379902838693494,0.01757582084492754,0.004278183236512717,0.07137604319398137,0.017,2000,subject,CI excludes zero
full_fusion,svm_rbf,R_S,1,384,roc_auc,0.5740550618647448,0.5582764253432451,0.01577863652149969,0.015351003612913514,0.017855503991396324,-0.020283640434294457,0.049264538871584156,0.414,2000,subject,CI includes zero
full_fusion,svm_rbf,R_S,1,384,mcc,0.06653052313856112,0.0,0.06653052313856112,0.0667302878204475,0.04161825349885564,-0.008388704575216782,0.15432590458274467,0.082,2000,subject,CI includes zero
full_fusion,svm_rbf,R_S,1,768,f1,0.27949291828315403,0.0,0.27949291828315403,0.28118185006471574,0.06376316082429646,0.16328494146872588,0.4076861025303858,0.0,2000,subject,CI excludes zero
full_fusion,svm_rbf,R_S,1,768,balanced_accuracy,0.5305606217765206,0.5,0.030560621776520636,0.030749961527877533,0.011311606414858393,0.008994991955017686,0.0528692368272584,0.004,2000,subject,CI excludes zero
full_fusion,svm_rbf,R_S,1,768,roc_auc,0.5810761600336232,0.527320982359317,0.053755177674306154,0.051871937834400056,0.027346860835113593,0.0015855267939522133,0.1066596841926691,0.043,2000,subject,CI excludes zero
full_fusion,svm_rbf,R_S,1,768,mcc,0.07733183125521825,0.0,0.07733183125521825,0.07755287623630872,0.031745100926958925,0.016463670482344397,0.14294905822341797,0.009,2000,subject,CI excludes zero
full_fusion,svm_rbf,R_S,1,1536,f1,0.3454101055984691,0.0,0.3454101055984691,0.34683377816133726,0.07130876487383868,0.20288209188401696,0.4827308224343467,0.0,2000,subject,CI excludes zero
full_fusion,svm_rbf,R_S,1,1536,balanced_accuracy,0.5423530364863457,0.5,0.042353036486345697,0.042680056834897506,0.01522293346472794,0.014231435610830637,0.07246769886322406,0.004,2000,subject,CI excludes zero
full_fusion,svm_rbf,R_S,1,1536,roc_auc,0.6010892133582657,0.5041590926008319,0.09693012075743379,0.09707091378528825,0.01776960538030277,0.06330829776770555,0.13133311835533562,0.0,2000,subject,CI excludes zero
full_fusion,svm_rbf,R_S,1,1536,mcc,0.09036343166593246,0.0,0.09036343166593246,0.09107067439359019,0.034571766428684515,0.024333963373372423,0.1546980826922536,0.006,2000,subject,CI excludes zero
full_fusion,svm_rbf,R_S,2,384,f1,0.1612722762434151,0.0,0.1612722762434151,0.16000032282233081,0.06385523235705169,0.044682795736118684,0.2878571712215474,0.0,2000,subject,CI excludes zero
full_fusion,svm_rbf,R_S,2,384,balanced_accuracy,0.5097230118090406,0.5,0.00972301180904056,0.009099784664733592,0.015379981469183766,-0.01918130873721876,0.04007804280540129,0.607,2000,subject,CI includes zero
full_fusion,svm_rbf,R_S,2,384,roc_auc,0.5472022999656799,0.551157291600763,-0.0039549916350830605,-0.005355504196054246,0.026070551360837992,-0.04945616659523716,0.05072371073271488,0.766,2000,subject,CI includes zero
full_fusion,svm_rbf,R_S,2,384,mcc,0.012111970320294749,0.0,0.012111970320294749,0.0103096315933607,0.0400914998450784,-0.06682578801736988,0.09087238049581346,0.805,2000,subject,CI includes zero
full_fusion,svm_rbf,R_S,2,768,f1,0.17100275403378357,0.0,0.17100275403378357,0.16904192660572215,0.05832950068892369,0.06033781889543033,0.2876992411384974,0.0,2000,subject,CI excludes zero
full_fusion,svm_rbf,R_S,2,768,balanced_accuracy,0.5077144388245962,0.5,0.007714438824596215,0.007066534795055997,0.012703317427653554,-0.015509731255057498,0.034024644559857466,0.632,2000,subject,CI includes zero
full_fusion,svm_rbf,R_S,2,768,roc_auc,0.48936903958607314,0.4858365972545535,0.003532442331519614,0.0032233505405126067,0.012011528646916337,-0.02245606049930982,0.02445831680925031,0.746,2000,subject,CI includes zero
full_fusion,svm_rbf,R_S,2,768,mcc,0.014192318361369761,0.0,0.014192318361369761,0.012643760074723571,0.03355977426297997,-0.04989604983010716,0.08071622925159419,0.723,2000,subject,CI includes zero
full_fusion,svm_rbf,R_S,2,1536,f1,0.1873198740360571,0.0,0.1873198740360571,0.18779760673138132,0.04778396852867151,0.09609984673586501,0.28141184006583136,0.0,2000,subject,CI excludes zero
full_fusion,svm_rbf,R_S,2,1536,balanced_accuracy,0.5105151597286675,0.5,0.010515159728667456,0.010734664054960959,0.007008332693800517,-0.0022074258249204226,0.0254606297727197,0.098,2000,subject,CI includes zero
full_fusion,svm_rbf,R_S,2,1536,roc_auc,0.5097216414282725,0.5001208143461953,0.009600827082077212,0.010088448689816426,0.02442633626223354,-0.03195691606955189,0.06370856419929567,0.71,2000,subject,CI includes zero
full_fusion,svm_rbf,R_S,2,1536,mcc,0.02281044660708497,0.0,0.02281044660708497,0.023542082377741146,0.022909730850145332,-0.02021343298744308,0.06802712303107745,0.3,2000,subject,CI includes zero
full_fusion,svm_rbf,R_S,3,384,f1,0.47937799370377027,0.012114537444933921,0.46726345625883636,0.4669147476143443,0.05574898081664295,0.3576345118768402,0.5753295062278377,0.0,2000,subject,CI excludes zero
full_fusion,svm_rbf,R_S,3,384,balanced_accuracy,0.5410704609883874,0.5027818776407942,0.03828858334759322,0.037939089160849315,0.03041483604214329,-0.017104973617664478,0.09879815195686012,0.213,2000,subject,CI includes zero
full_fusion,svm_rbf,R_S,3,384,roc_auc,0.5607552860285487,0.5564760015559137,0.0042792844726350365,0.00407358637176235,0.022282869896698292,-0.040131005812719646,0.04886832800297462,0.857,2000,subject,CI includes zero
full_fusion,svm_rbf,R_S,3,384,mcc,0.07966054844354029,0.016668127707361712,0.06299242073617857,0.06256874400120323,0.06076746713555381,-0.043503251906308056,0.18806646780214892,0.325,2000,subject,CI includes zero
full_fusion,svm_rbf,R_S,3,768,f1,0.2942300643655177,0.0,0.2942300643655177,0.29552517157696895,0.05648087594384539,0.18960404710454562,0.41043895576181544,0.0,2000,subject,CI excludes zero
full_fusion,svm_rbf,R_S,3,768,balanced_accuracy,0.5416590433970495,0.5,0.04165904339704951,0.0420052683390521,0.022085270291869935,0.002680280482968918,0.08783535055568079,0.032,2000,subject,CI excludes zero
full_fusion,svm_rbf,R_S,3,768,roc_auc,0.574869950848586,0.5163042978130767,0.05856565303550931,0.05973280763713774,0.04304689745552979,-0.01648676691984665,0.1475759761701312,0.14,2000,subject,CI includes zero
full_fusion,svm_rbf,R_S,3,768,mcc,0.09666957021127412,0.0,0.09666957021127412,0.09770553497649845,0.053847925276332316,0.0016781587479105364,0.20727681479467647,0.047,2000,subject,CI excludes zero
full_fusion,svm_rbf,R_S,3,1536,f1,0.1079100782802938,0.0,0.1079100782802938,0.10869097621202184,0.03795717285688542,0.03602313505065291,0.18494842116663254,0.0,2000,subject,CI excludes zero
full_fusion,svm_rbf,R_S,3,1536,balanced_accuracy,0.5106796044464473,0.5,0.010679604446447333,0.010693611034259058,0.009191090363396286,-0.006759138358240576,0.02841463725941974,0.251,2000,subject,CI includes zero
full_fusion,svm_rbf,R_S,3,1536,roc_auc,0.552497911141056,0.5,0.05249791114105595,0.052659016500156246,0.025484710624444008,0.0045909247689439716,0.10479907747145564,0.027,2000,subject,CI excludes zero
full_fusion,svm_rbf,R_S,3,1536,mcc,0.021728716281314654,0.0,0.021728716281314654,0.02148729541710299,0.039732910008829815,-0.0565824450384868,0.0979218446324634,0.617,2000,subject,CI includes zero
full_fusion,svm_rbf,R_S,4,384,f1,0.2362943739733418,0.0,0.2362943739733418,0.23624357169812218,0.06529495068508787,0.11433203292578294,0.3675537993580446,0.0,2000,subject,CI excludes zero
full_fusion,svm_rbf,R_S,4,384,balanced_accuracy,0.5307693388728418,0.5,0.030769338872841834,0.030888915322547797,0.018065771487409135,-0.002183040356714029,0.06868202386819922,0.071,2000,subject,CI includes zero
full_fusion,svm_rbf,R_S,4,384,roc_auc,0.577460661902988,0.5740054427818743,0.003455219121113684,0.0029602842375914787,0.03626664840862803,-0.07516057397237087,0.057466527950831875,0.85,2000,subject,CI includes zero
full_fusion,svm_rbf,R_S,4,384,mcc,0.0817329431661792,0.0,0.0817329431661792,0.08180962107922915,0.04331732947344598,-0.0016525121698489325,0.16879701558432977,0.053,2000,subject,CI includes zero
full_fusion,svm_rbf,R_S,4,768,f1,0.15194124476423282,0.0,0.15194124476423282,0.15210435450538767,0.03886869239349667,0.08026562521788091,0.2361562507123991,0.0,2000,subject,CI excludes zero
full_fusion,svm_rbf,R_S,4,768,balanced_accuracy,0.5100202681713532,0.5,0.010020268171353153,0.010035662275221896,0.010828658962740547,-0.009573170293379833,0.031874423508920065,0.358,2000,subject,CI includes zero
full_fusion,svm_rbf,R_S,4,768,roc_auc,0.5246834347093472,0.5173782475828765,0.007305187126470658,0.007376676392297141,0.029266587893653707,-0.0499779749440674,0.06158462421646185,0.794,2000,subject,CI includes zero
full_fusion,svm_rbf,R_S,4,768,mcc,0.033357203948047406,0.0,0.033357203948047406,0.03345747124703483,0.03134746259987934,-0.026633779078743758,0.09464548804102234,0.29,2000,subject,CI includes zero
full_fusion,svm_rbf,R_S,4,1536,f1,0.1322193344808379,0.0,0.1322193344808379,0.13180003994500422,0.033373906103479296,0.06601263959879855,0.1971936279738823,0.0,2000,subject,CI excludes zero
full_fusion,svm_rbf,R_S,4,1536,balanced_accuracy,0.5141075645664275,0.5,0.014107564566427477,0.014163835782905188,0.0066339115608630905,0.0014805221676281797,0.02687230718306012,0.026,2000,subject,CI excludes zero
full_fusion,svm_rbf,R_S,4,1536,roc_auc,0.5776201451825995,0.5004106058923681,0.07720953929023144,0.07727065494616991,0.032440215309763376,0.015051761227656831,0.14168177160864312,0.013,2000,subject,CI excludes zero
full_fusion,svm_rbf,R_S,4,1536,mcc,0.06343976458253679,0.0,0.06343976458253679,0.0639843012277341,0.03143389734751188,0.002627906400378439,0.12470053413894339,0.037,2000,subject,CI excludes zero
full_fusion,svm_rbf,S_R,0,384,f1,0.3956975412517233,0.5569867923583462,-0.16128925110662296,-0.1610510258097551,0.046472191989519504,-0.2551753698323259,-0.06772188818457119,0.0,2000,subject,CI excludes zero
full_fusion,svm_rbf,S_R,0,384,balanced_accuracy,0.5417753587024676,0.525556822512231,0.01621853619023661,0.015544145934874635,0.026373548124232954,-0.03654043538380177,0.0650597476567345,0.554,2000,subject,CI includes zero
full_fusion,svm_rbf,S_R,0,384,roc_auc,0.5460537740353818,0.5403549693086709,0.005698804726710915,0.006027843482828474,0.02593112385882387,-0.043547239100679515,0.05798231005788305,0.829,2000,subject,CI includes zero
full_fusion,svm_rbf,S_R,0,384,mcc,0.08915148887407152,0.05989684267363176,0.029254646200439764,0.027932842089286508,0.05360179410495512,-0.077344527567164,0.13106598612902964,0.598,2000,subject,CI includes zero
full_fusion,svm_rbf,S_R,0,768,f1,0.40657827867480195,0.6499336984686949,-0.2433554197938929,-0.24291587819756852,0.050320328391098845,-0.33893442676116103,-0.14398565971617222,0.0,2000,subject,CI excludes zero
full_fusion,svm_rbf,S_R,0,768,balanced_accuracy,0.5181152772090445,0.5,0.01811527720904449,0.01821702608445493,0.03438611253318012,-0.05316137158140713,0.08101422548572772,0.579,2000,subject,CI includes zero
full_fusion,svm_rbf,S_R,0,768,roc_auc,0.5412444973097643,0.5408188765256122,0.00042562078415209204,0.0008317472275432751,0.031028832113800062,-0.06613789649261848,0.055137981188812024,0.928,2000,subject,CI includes zero
full_fusion,svm_rbf,S_R,0,768,mcc,0.035898161723511866,0.0,0.035898161723511866,0.03610379735291505,0.07093240044972492,-0.11205340864830901,0.16411634962980534,0.597,2000,subject,CI includes zero
full_fusion,svm_rbf,S_R,0,1536,f1,0.46468665330639625,0.6499336984686949,-0.18524704516229862,-0.18622893787770062,0.04834248027419345,-0.2828638457031174,-0.09329164074508452,0.0,2000,subject,CI excludes zero
full_fusion,svm_rbf,S_R,0,1536,balanced_accuracy,0.5251818759722463,0.5,0.025181875972246304,0.025144770262292674,0.031719649019597354,-0.03947800326424427,0.08632367434199988,0.418,2000,subject,CI includes zero
full_fusion,svm_rbf,S_R,0,1536,roc_auc,0.559535721536101,0.5004591368227732,0.05907658471332777,0.05912405995225835,0.04117575184023145,-0.02459471768137782,0.1390770085654741,0.166,2000,subject,CI includes zero
full_fusion,svm_rbf,S_R,0,1536,mcc,0.05364503165237439,0.0,0.05364503165237439,0.053579273293775896,0.06380206892192966,-0.07518168632902439,0.1761840335779442,0.388,2000,subject,CI includes zero
full_fusion,svm_rbf,S_R,1,384,f1,0.5769253168622068,0.27551228849445814,0.3014130283677487,0.3000501917661967,0.07271778536778803,0.15990518289147299,0.44438468470352044,0.0,2000,subject,CI excludes zero
full_fusion,svm_rbf,S_R,1,384,balanced_accuracy,0.575845055137439,0.5159976908525492,0.05984736428488979,0.05984943636182173,0.019709324535170592,0.020940621508811732,0.1000087755181041,0.004,2000,subject,CI excludes zero
full_fusion,svm_rbf,S_R,1,384,roc_auc,0.6053823284969004,0.5882028726931232,0.01717945580377722,0.017420690736694916,0.01795171256338883,-0.01634862271249177,0.053416312298961544,0.346,2000,subject,CI includes zero
full_fusion,svm_rbf,S_R,1,384,mcc,0.15693542162226828,0.030042486894054973,0.1268929347282133,0.12701132469418516,0.04165646795783709,0.043645317011804026,0.20557859998276642,0.005,2000,subject,CI excludes zero
full_fusion,svm_rbf,S_R,1,768,f1,0.5465588092639132,0.674708136644643,-0.12814932738072982,-0.12919445978501706,0.04841796833843686,-0.23536036422677709,-0.052509578733847914,0.0,2000,subject,CI excludes zero
full_fusion,svm_rbf,S_R,1,768,balanced_accuracy,0.5641071342909431,0.5,0.06410713429094306,0.06372904342044682,0.0239592069985408,0.01778545952919017,0.10954695315010253,0.01,2000,subject,CI excludes zero
full_fusion,svm_rbf,S_R,1,768,roc_auc,0.5814670334209343,0.5248942889449923,0.05657274447594196,0.056278004786695465,0.02613142596277146,0.006525809508008178,0.10642703100630127,0.034,2000,subject,CI excludes zero
full_fusion,svm_rbf,S_R,1,768,mcc,0.12778802812036244,0.0,0.12778802812036244,0.12697454110578002,0.04980501210651201,0.030609574793116483,0.22103417396078523,0.013,2000,subject,CI excludes zero
full_fusion,svm_rbf,S_R,1,1536,f1,0.46783230010022897,0.674708136644643,-0.20687583654441405,-0.20735117965710567,0.07428389319436277,-0.35314433994926003,-0.06919700532275111,0.001,2000,subject,CI excludes zero
full_fusion,svm_rbf,S_R,1,1536,balanced_accuracy,0.5507489473947387,0.5,0.050748947394738675,0.05037604050390381,0.027857222847465536,0.0004188349288196289,0.10879548033964692,0.047,2000,subject,CI excludes zero
full_fusion,svm_rbf,S_R,1,1536,roc_auc,0.5532220372125053,0.5006757546535754,0.0525462825589299,0.052020865319285944,0.04008020138974956,-0.020887051350231257,0.13154723077502575,0.198,2000,subject,CI includes zero
full_fusion,svm_rbf,S_R,1,1536,mcc,0.10604655612865464,0.0,0.10604655612865464,0.10516514864676682,0.059688931760558214,-0.0037484052269184513,0.23091119377741912,0.06,2000,subject,CI includes zero
full_fusion,svm_rbf,S_R,2,384,f1,0.49221462767138696,0.08891328239395171,0.4033013452774352,0.403333511777755,0.052719877549058325,0.29078682389203975,0.49083798233054793,0.0,2000,subject,CI excludes zero
full_fusion,svm_rbf,S_R,2,384,balanced_accuracy,0.5599597803820737,0.5037392470035227,0.05622053337855104,0.05663902551960656,0.010663398690979549,0.03638191168662661,0.07898010296762947,0.0,2000,subject,CI excludes zero
full_fusion,svm_rbf,S_R,2,384,roc_auc,0.5945510516193573,0.5641200079235897,0.030431043695767546,0.030395313026964587,0.020418069440790068,-0.008031731237348783,0.07052233151816958,0.143,2000,subject,CI includes zero
full_fusion,svm_rbf,S_R,2,384,mcc,0.12506239325882582,0.022828355940780153,0.10223403731804566,0.10262859304743145,0.016491260079364085,0.06722936593613546,0.13177887490211843,0.0,2000,subject,CI excludes zero
full_fusion,svm_rbf,S_R,2,768,f1,0.31412777214307974,0.6707415468072906,-0.35661377466421085,-0.35610833211878723,0.05858398899451099,-0.46829961283460836,-0.24491802277401484,0.0,2000,subject,CI excludes zero
full_fusion,svm_rbf,S_R,2,768,balanced_accuracy,0.5083175794812801,0.5,0.00831757948128009,0.008632161069122806,0.017842706283923204,-0.024613666657009557,0.04387199480976901,0.649,2000,subject,CI includes zero
full_fusion,svm_rbf,S_R,2,768,roc_auc,0.5430115371466946,0.542466314761646,0.000545222385048616,0.0006181876189258876,0.021812163915736177,-0.04154666041368404,0.042628421298500425,0.984,2000,subject,CI includes zero
full_fusion,svm_rbf,S_R,2,768,mcc,0.005146205952629736,0.0,0.005146205952629736,0.005759286490954439,0.041003783998793904,-0.07093255038215902,0.08745403686410047,0.885,2000,subject,CI includes zero
full_fusion,svm_rbf,S_R,2,1536,f1,0.35420043442230165,0.6707415468072906,-0.31654111238498894,-0.3172227083146326,0.054841764297783736,-0.4329879583036417,-0.22259710251018555,0.0,2000,subject,CI excludes zero
full_fusion,svm_rbf,S_R,2,1536,balanced_accuracy,0.5379511387316932,0.5,0.0379511387316932,0.038620074277783974,0.013960904486811072,0.009758763475831277,0.06407561960773199,0.007,2000,subject,CI excludes zero
full_fusion,svm_rbf,S_R,2,1536,roc_auc,0.5699694949528673,0.49980345911949686,0.07016603583337044,0.07085405532256243,0.017539051420854334,0.034490166778871886,0.10519762191797391,0.0,2000,subject,CI excludes zero
full_fusion,svm_rbf,S_R,2,1536,mcc,0.08327421708471403,0.0,0.08327421708471403,0.08477726421379003,0.03062098626906626,0.02029952278296672,0.14019055789762205,0.008,2000,subject,CI excludes zero
full_fusion,svm_rbf,S_R,3,384,f1,0.5013766220060402,0.31264926576431296,0.1887273562417272,0.18900073596462927,0.02783278821065748,0.1336799687870369,0.24379410491075587,0.0,2000,subject,CI excludes zero
full_fusion,svm_rbf,S_R,3,384,balanced_accuracy,0.576639318719895,0.5334969539927101,0.04314236472718491,0.04317951026618403,0.009732606914587829,0.02353972243412121,0.060886530905418595,0.0,2000,subject,CI excludes zero
full_fusion,svm_rbf,S_R,3,384,roc_auc,0.6177329135368805,0.5831373383552287,0.034595575181651794,0.03484821247242795,0.007556969745300489,0.019728984719501824,0.04885255111261909,0.0,2000,subject,CI excludes zero
full_fusion,svm_rbf,S_R,3,384,mcc,0.15900896493175395,0.08554876119566193,0.07346020373609202,0.07336811785907071,0.022151055290749642,0.028380894142893756,0.11374106850151865,0.002,2000,subject,CI excludes zero
full_fusion,svm_rbf,S_R,3,768,f1,0.4271388613967141,0.667149992418375,-0.24001113102166094,-0.24078790712546375,0.030614508851354895,-0.3046328452475609,-0.18577953628406393,0.0,2000,subject,CI excludes zero
full_fusion,svm_rbf,S_R,3,768,balanced_accuracy,0.5306139637255852,0.5,0.030613963725585225,0.030171287765981738,0.009881161107908723,0.012222521179499709,0.050568365852412145,0.001,2000,subject,CI excludes zero
full_fusion,svm_rbf,S_R,3,768,roc_auc,0.5792754124366872,0.5612845244551921,0.017990887981495174,0.017979218120479933,0.01090917591996693,-0.0034636925547945224,0.03932398903363844,0.107,2000,subject,CI includes zero
full_fusion,svm_rbf,S_R,3,768,mcc,0.0645154054853889,0.0,0.0645154054853889,0.06356621770152676,0.021333337585232957,0.02553489103976646,0.10851063757774762,0.0,2000,subject,CI excludes zero
full_fusion,svm_rbf,S_R,3,1536,f1,0.45743278781458097,0.667149992418375,-0.20971720460379406,-0.20860133899987898,0.04864291066889232,-0.31503841633659896,-0.12716943564385605,0.0,2000,subject,CI excludes zero
full_fusion,svm_rbf,S_R,3,1536,balanced_accuracy,0.5464923625036027,0.5,0.04649236250360267,0.04706841437658802,0.014729765716917101,0.01617959593076022,0.07296255121813208,0.001,2000,subject,CI excludes zero
full_fusion,svm_rbf,S_R,3,1536,roc_auc,0.5951610329251098,0.5,0.0951610329251098,0.09631299638700776,0.023919792803325967,0.05070070936481069,0.1433678837281202,0.0,2000,subject,CI excludes zero
full_fusion,svm_rbf,S_R,3,1536,mcc,0.10686264040527152,0.0,0.10686264040527152,0.10810209024497427,0.03318088423149673,0.04206725734209942,0.16871046489390765,0.0,2000,subject,CI excludes zero
full_fusion,svm_rbf,S_R,4,384,f1,0.4299570646202685,0.017701515505688017,0.4122555491145805,0.41129500503419286,0.06944279055307141,0.2708865790438749,0.536886487584507,0.0,2000,subject,CI excludes zero
full_fusion,svm_rbf,S_R,4,384,balanced_accuracy,0.5557880824734757,0.49948210852310904,0.05630597395036663,0.05593328140588587,0.014150237293966835,0.028068301043751763,0.08472323421337856,0.0,2000,subject,CI excludes zero
full_fusion,svm_rbf,S_R,4,384,roc_auc,0.6012925992898277,0.5782000219524728,0.023092577337354925,0.023493515893750594,0.02236498129551183,-0.0193718099167464,0.06974034346363782,0.303,2000,subject,CI includes zero
full_fusion,svm_rbf,S_R,4,384,mcc,0.12056505802149822,0.002364894523094704,0.11820016349840352,0.11725157506817763,0.03664854523308174,0.046958519191219315,0.18994449985288853,0.0,2000,subject,CI excludes zero
full_fusion,svm_rbf,S_R,4,768,f1,0.38663260970938396,0.6734057374060001,-0.2867731276966161,-0.28949432937320707,0.0876103823812664,-0.46163196646743543,-0.12677497603992793,0.0,2000,subject,CI excludes zero
full_fusion,svm_rbf,S_R,4,768,balanced_accuracy,0.5527942283582654,0.5,0.052794228358265416,0.052547145398747566,0.022626622253574535,0.012966236458734163,0.09866114378972875,0.001,2000,subject,CI excludes zero
full_fusion,svm_rbf,S_R,4,768,roc_auc,0.5835279768732601,0.5301004979945066,0.05342747887875343,0.05255275182435879,0.0347462097987707,-0.01088195043756737,0.12333803295941931,0.126,2000,subject,CI includes zero
full_fusion,svm_rbf,S_R,4,768,mcc,0.10461686792981109,0.0,0.10461686792981109,0.10418267607753842,0.04998284889229108,0.014329848822947945,0.2069698853304485,0.018,2000,subject,CI excludes zero
full_fusion,svm_rbf,S_R,4,1536,f1,0.3521522564823502,0.6734057374060001,-0.32125348092364986,-0.3207937818737488,0.09213031703134314,-0.514737257934054,-0.15449555723221392,0.0,2000,subject,CI excludes zero
full_fusion,svm_rbf,S_R,4,1536,balanced_accuracy,0.5586673263206755,0.5,0.058667326320675506,0.05876354185538019,0.018883300971067687,0.02059498083340712,0.09435201438880682,0.0,2000,subject,CI excludes zero
full_fusion,svm_rbf,S_R,4,1536,roc_auc,0.5905736203116656,0.5,0.0905736203116656,0.09091579732378635,0.025527562879686244,0.04014447906416317,0.1399520548773668,0.0,2000,subject,CI excludes zero
full_fusion,svm_rbf,S_R,4,1536,mcc,0.13362041535125702,0.0,0.13362041535125702,0.13401206858439893,0.03822443199714716,0.05832648945588572,0.2030184623449261,0.002,2000,subject,CI excludes zero
full_fusion_v2,svm_rbf,R_S,0,384,f1,0.33158456440063805,0.0012044564890093346,0.3303801079116287,0.3281467828804988,0.07422058265312514,0.18866122820137216,0.4792192542316426,0.0,2000,subject,CI excludes zero
full_fusion_v2,svm_rbf,R_S,0,384,balanced_accuracy,0.51533851587204,0.5003027550711475,0.015035760800892528,0.014354477345655476,0.04073755638178577,-0.05869620988671227,0.1009615807618872,0.766,2000,subject,CI includes zero
full_fusion_v2,svm_rbf,R_S,0,384,roc_auc,0.5770408716017417,0.598264597585526,-0.021223725983784303,-0.020680906280988818,0.03640789409254069,-0.09529816504788019,0.04642821692161059,0.587,2000,subject,CI includes zero
full_fusion_v2,svm_rbf,R_S,0,384,mcc,0.03178180105787136,0.005906104523483934,0.025875696534387427,0.024467688384179034,0.08588533826572232,-0.12881562973909258,0.20609637907296027,0.821,2000,subject,CI includes zero
full_fusion_v2,svm_rbf,R_S,0,768,f1,0.2470806389304355,0.0,0.2470806389304355,0.2480253287117365,0.07739047632949236,0.10963007610719239,0.40788317484323044,0.0,2000,subject,CI excludes zero
full_fusion_v2,svm_rbf,R_S,0,768,balanced_accuracy,0.5223140779130584,0.5,0.022314077913058394,0.022301854235942258,0.025117857566129,-0.016364710289975725,0.07980662172916254,0.426,2000,subject,CI includes zero
full_fusion_v2,svm_rbf,R_S,0,768,roc_auc,0.540517893461712,0.5249358264485877,0.015582067013124257,0.01586438165421858,0.042295847341718235,-0.05656560389501162,0.10814349455635373,0.754,2000,subject,CI includes zero
full_fusion_v2,svm_rbf,R_S,0,768,mcc,0.02101068540812051,0.0,0.02101068540812051,0.020832479477960155,0.0575844509127751,-0.07728363812066298,0.14495946147309666,0.788,2000,subject,CI includes zero
full_fusion_v2,svm_rbf,R_S,0,1536,f1,0.2494080387117069,0.0,0.2494080387117069,0.25006633439668235,0.07828511169598987,0.11623613547974224,0.41177922130326655,0.0,2000,subject,CI excludes zero
full_fusion_v2,svm_rbf,R_S,0,1536,balanced_accuracy,0.5372614321985911,0.5,0.03726143219859113,0.037396583268225383,0.025798650739733784,0.0010023889642339682,0.09536583986374511,0.043,2000,subject,CI excludes zero
full_fusion_v2,svm_rbf,R_S,0,1536,roc_auc,0.5866235537731497,0.49863986123528115,0.08798369253786853,0.08850047683488839,0.032038966122228715,0.03467322099109312,0.15849961204502483,0.0,2000,subject,CI excludes zero
full_fusion_v2,svm_rbf,R_S,0,1536,mcc,0.08428002306221169,0.0,0.08428002306221169,0.08474417809999778,0.05276944554852878,0.003739092107925387,0.20182995863713452,0.038,2000,subject,CI excludes zero
full_fusion_v2,svm_rbf,R_S,1,384,f1,0.3819731184656886,0.025495522052836967,0.35647759641285165,0.3568678902331409,0.054541539238161255,0.2424850837424211,0.45325510433115274,0.0,2000,subject,CI excludes zero
full_fusion_v2,svm_rbf,R_S,1,384,balanced_accuracy,0.5384404271762931,0.501617717594258,0.03682270958203515,0.03673495047034635,0.012804728528503128,0.014970025656376723,0.06449464129747004,0.0,2000,subject,CI excludes zero
full_fusion_v2,svm_rbf,R_S,1,384,roc_auc,0.5928020253485881,0.5741319637989654,0.018670061549622696,0.0189604458474275,0.023598273940120193,-0.01986998285964584,0.0699274618627266,0.462,2000,subject,CI includes zero
full_fusion_v2,svm_rbf,R_S,1,384,mcc,0.09460243978451158,0.0027338702053218544,0.09186856957918972,0.09168193350072831,0.026458730806354313,0.04276276338377801,0.14807981197984962,0.0,2000,subject,CI excludes zero
full_fusion_v2,svm_rbf,R_S,1,768,f1,0.3557754833475062,0.0,0.3557754833475062,0.3553957357661054,0.06942827844152158,0.21400468214108123,0.48557140412173433,0.0,2000,subject,CI excludes zero
full_fusion_v2,svm_rbf,R_S,1,768,balanced_accuracy,0.5340487168403396,0.5,0.03404871684033961,0.03420813155492348,0.015197063480925543,0.003884984893779424,0.061901641143928904,0.03,2000,subject,CI excludes zero
full_fusion_v2,svm_rbf,R_S,1,768,roc_auc,0.5818829296963547,0.5414051731333421,0.04047775656301256,0.04098166161523465,0.02122512983921681,-0.0019635477408726544,0.07935139820024167,0.057,2000,subject,CI includes zero
full_fusion_v2,svm_rbf,R_S,1,768,mcc,0.07529641595451973,0.0,0.07529641595451973,0.07577228372286475,0.03302965968320985,0.00856847126044154,0.13341412656388002,0.03,2000,subject,CI excludes zero
full_fusion_v2,svm_rbf,R_S,1,1536,f1,0.34711340860857365,0.0,0.34711340860857365,0.3467507611066651,0.06776254308930137,0.2028856793234081,0.4714196410141861,0.0,2000,subject,CI excludes zero
full_fusion_v2,svm_rbf,R_S,1,1536,balanced_accuracy,0.5225985369908857,0.5,0.022598536990885654,0.023307685374853216,0.016407635906017373,-0.01032427894214965,0.05357494386398921,0.166,2000,subject,CI includes zero
full_fusion_v2,svm_rbf,R_S,1,1536,roc_auc,0.5582938212682801,0.5050611482402024,0.05323267302807766,0.05371502234661034,0.015733511379390542,0.022939926203975218,0.08392578827188717,0.001,2000,subject,CI excludes zero
full_fusion_v2,svm_rbf,R_S,1,1536,mcc,0.04944049651003127,0.0,0.04944049651003127,0.05108705806344031,0.03899457978762826,-0.029113673975848263,0.12213008605790944,0.196,2000,subject,CI includes zero
full_fusion_v2,svm_rbf,R_S,2,384,f1,0.16734064747086758,0.0020920502092050207,0.16524859726166255,0.1651277328075672,0.05193684390374143,0.07080757388695344,0.2720468843492201,0.0,2000,subject,CI excludes zero
full_fusion_v2,svm_rbf,R_S,2,384,balanced_accuracy,0.49810933518329864,0.5001335397999208,-0.0020242046166221717,-0.002472231125810192,0.015450666107415356,-0.03214399830504157,0.02735792649032603,0.868,2000,subject,CI includes zero
full_fusion_v2,svm_rbf,R_S,2,384,roc_auc,0.5173422426256982,0.5168309419414683,0.0005113006842298873,0.00042915916750831183,0.02201225863781498,-0.03755034503389523,0.04756177349770104,0.975,2000,subject,CI includes zero
full_fusion_v2,svm_rbf,R_S,2,384,mcc,-0.009478493743890641,0.0015557335780599958,-0.011034227321950637,-0.012138536195920658,0.041234316345567665,-0.09266829281676496,0.06619436184743857,0.78,2000,subject,CI includes zero
full_fusion_v2,svm_rbf,R_S,2,768,f1,0.18859441588139036,0.0,0.18859441588139036,0.1877706885835044,0.04397928484554057,0.10280373637117245,0.2703093241854317,0.0,2000,subject,CI excludes zero
full_fusion_v2,svm_rbf,R_S,2,768,balanced_accuracy,0.5024056361506153,0.5,0.002405636150615287,0.002421184556683482,0.010836716856310819,-0.01728297018789985,0.023881430317587327,0.849,2000,subject,CI includes zero
full_fusion_v2,svm_rbf,R_S,2,768,roc_auc,0.5129804476413817,0.5100287568254352,0.002951690815946484,0.003494288831666437,0.023001597620049823,-0.038620611163018015,0.052239159114678066,0.901,2000,subject,CI includes zero
full_fusion_v2,svm_rbf,R_S,2,768,mcc,0.0025300596512843714,0.0,0.0025300596512843714,0.002432583006832983,0.03291222146414661,-0.06159035310191303,0.06554151212821499,0.939,2000,subject,CI includes zero
full_fusion_v2,svm_rbf,R_S,2,1536,f1,0.17975149307094077,0.0,0.17975149307094077,0.18084472222848466,0.045033123289796424,0.09392520715957459,0.2688210960990266,0.0,2000,subject,CI excludes zero
full_fusion_v2,svm_rbf,R_S,2,1536,balanced_accuracy,0.5021958972477834,0.5,0.0021958972477833516,0.0022758853558781716,0.008648961150455428,-0.01324725591374106,0.020678210401412305,0.837,2000,subject,CI includes zero
full_fusion_v2,svm_rbf,R_S,2,1536,roc_auc,0.48916179231054896,0.49956348789581473,-0.010401695585265769,-0.009189975760100307,0.028507969895079456,-0.060699893453208024,0.052015893049957136,0.734,2000,subject,CI includes zero
full_fusion_v2,svm_rbf,R_S,2,1536,mcc,0.004472819246597426,0.0,0.004472819246597426,0.004445434533034798,0.024765627973913174,-0.0427907875676942,0.05440674255756804,0.86,2000,subject,CI includes zero
full_fusion_v2,svm_rbf,R_S,3,384,f1,0.41102276668759075,0.007336343115124154,0.4036864235724666,0.40304002047825677,0.037946745067041245,0.3280635091711832,0.47902039137350194,0.0,2000,subject,CI excludes zero
full_fusion_v2,svm_rbf,R_S,3,384,balanced_accuracy,0.5268878634496421,0.5017528558724946,0.025135007577147483,0.02485839965357591,0.0217206687431081,-0.014795145680022635,0.0695770072342157,0.249,2000,subject,CI includes zero
full_fusion_v2,svm_rbf,R_S,3,384,roc_auc,0.5474412946975498,0.5243882953641087,0.02305299933344107,0.02277596585866954,0.034322805099424585,-0.03547622534705881,0.09723452619080214,0.53,2000,subject,CI includes zero
full_fusion_v2,svm_rbf,R_S,3,384,mcc,0.05710950913884064,0.013944374920244692,0.043165134218595955,0.04248605802188047,0.04044486147277336,-0.03341592253639577,0.12289405328147537,0.301,2000,subject,CI includes zero
full_fusion_v2,svm_rbf,R_S,3,768,f1,0.3285558043394088,0.0,0.3285558043394088,0.32915803457960396,0.03948594071269945,0.25179562073169776,0.4034883531920155,0.0,2000,subject,CI excludes zero
full_fusion_v2,svm_rbf,R_S,3,768,balanced_accuracy,0.5307774723066689,0.5,0.03077747230666894,0.03111113370448422,0.020797586276901498,-0.00841332764789622,0.07206682651648845,0.12,2000,subject,CI includes zero
full_fusion_v2,svm_rbf,R_S,3,768,roc_auc,0.5676420046538291,0.5078031325905719,0.05983887206325722,0.059885775686020735,0.0451676158747402,-0.02304914795375721,0.15467812078643114,0.165,2000,subject,CI includes zero
full_fusion_v2,svm_rbf,R_S,3,768,mcc,0.07287514482505314,0.0,0.07287514482505314,0.07365300780514156,0.0521580596675479,-0.026008914261761808,0.1783714461828085,0.146,2000,subject,CI includes zero
full_fusion_v2,svm_rbf,R_S,3,1536,f1,0.265911011070954,0.0,0.265911011070954,0.2656303234138901,0.053354851901478456,0.1663322179899522,0.36895046450108543,0.0,2000,subject,CI excludes zero
full_fusion_v2,svm_rbf,R_S,3,1536,balanced_accuracy,0.5326909804127782,0.5,0.03269098041277818,0.032706809601126624,0.012025027604784107,0.008191572279992924,0.05581157723207138,0.005,2000,subject,CI excludes zero
full_fusion_v2,svm_rbf,R_S,3,1536,roc_auc,0.5633313051628305,0.5,0.06333130516283048,0.06446599766086276,0.03524618358071135,0.0022435779773851334,0.13900982312017246,0.045,2000,subject,CI excludes zero
full_fusion_v2,svm_rbf,R_S,3,1536,mcc,0.08971361322701163,0.0,0.08971361322701163,0.09012267907846007,0.03307372507860446,0.024282799456457695,0.15238451874378026,0.004,2000,subject,CI excludes zero
full_fusion_v2,svm_rbf,R_S,4,384,f1,0.2503147434753314,0.0,0.2503147434753314,0.2504482847154097,0.05594467100358367,0.15081855808506006,0.3689086961752618,0.0,2000,subject,CI excludes zero
full_fusion_v2,svm_rbf,R_S,4,384,balanced_accuracy,0.5191265349960034,0.4990110759493671,0.020115459046636253,0.020198545608531276,0.02065623509577641,-0.017279602942302442,0.06303725588960812,0.338,2000,subject,CI includes zero
full_fusion_v2,svm_rbf,R_S,4,384,roc_auc,0.5481664871329193,0.5307671063655847,0.017399380767334605,0.017286766317046738,0.04863537039414112,-0.07883617392679218,0.11166148599496685,0.727,2000,subject,CI includes zero
full_fusion_v2,svm_rbf,R_S,4,384,mcc,0.04415270163798021,-0.01180004499586435,0.055952746633844565,0.05602325286571067,0.049271725822082516,-0.04478298225337195,0.14912857651717903,0.252,2000,subject,CI includes zero
full_fusion_v2,svm_rbf,R_S,4,768,f1,0.24644050740049073,0.0,0.24644050740049073,0.2481663650433276,0.0550210278857388,0.14059206767431487,0.35459775373592206,0.0,2000,subject,CI excludes zero
full_fusion_v2,svm_rbf,R_S,4,768,balanced_accuracy,0.5236400649921791,0.5,0.023640064992179077,0.024056130597698448,0.01703967286246433,-0.009859954203288524,0.056797465455536815,0.16,2000,subject,CI includes zero
full_fusion_v2,svm_rbf,R_S,4,768,roc_auc,0.5568092382643299,0.5220445959678633,0.034764642296466586,0.03537628744212472,0.03059691431504963,-0.02281207503834257,0.09606080671811006,0.252,2000,subject,CI includes zero
full_fusion_v2,svm_rbf,R_S,4,768,mcc,0.056084740614902616,0.0,0.056084740614902616,0.05711286102199613,0.043289938787232876,-0.02730240861724343,0.1394985021243584,0.203,2000,subject,CI includes zero
full_fusion_v2,svm_rbf,R_S,4,1536,f1,0.2008506471143508,0.0,0.2008506471143508,0.2023460743426279,0.047587897332684835,0.1099553747252126,0.2949011987699517,0.0,2000,subject,CI excludes zero
full_fusion_v2,svm_rbf,R_S,4,1536,balanced_accuracy,0.5259470643548808,0.5,0.02594706435488081,0.026311589825913452,0.012898188916113969,0.003506395335409857,0.05345429227631238,0.011,2000,subject,CI excludes zero
full_fusion_v2,svm_rbf,R_S,4,1536,roc_auc,0.5749134279396033,0.49961946665186174,0.07529396128774157,0.07598602602294849,0.029278241031516723,0.022767661332696115,0.13649297663350757,0.005,2000,subject,CI excludes zero
full_fusion_v2,svm_rbf,R_S,4,1536,mcc,0.07833411384075337,0.0,0.07833411384075337,0.07915516029756174,0.034289476926034346,0.016196397528003868,0.14758782340505922,0.005,2000,subject,CI excludes zero
full_fusion_v2,svm_rbf,S_R,0,384,f1,0.45269454147915955,0.6597108141115813,-0.20701627263242173,-0.20666297239020912,0.05267660572400562,-0.3138818882070148,-0.1070016580906798,0.0,2000,subject,CI excludes zero
full_fusion_v2,svm_rbf,S_R,0,384,balanced_accuracy,0.5383680144965524,0.5389490743018889,-0.0005810598053365146,0.00038027783520753426,0.02988759291689319,-0.060499233341851526,0.058404971772464565,0.989,2000,subject,CI includes zero
full_fusion_v2,svm_rbf,S_R,0,384,roc_auc,0.5487654587103462,0.5355914876733455,0.013173971037000687,0.013693543366598185,0.020695113158714272,-0.02772724914510715,0.052710125067114005,0.507,2000,subject,CI includes zero
full_fusion_v2,svm_rbf,S_R,0,384,mcc,0.083114577124411,0.10663813588487189,-0.02352355876046089,-0.02279560705216561,0.05713791317236968,-0.13306703426593983,0.0912799099501605,0.687,2000,subject,CI includes zero
full_fusion_v2,svm_rbf,S_R,0,768,f1,0.39000245172995995,0.6499336984686949,-0.2599312467387349,-0.2619881294845464,0.05280364048703539,-0.3663029645031825,-0.16026550048958496,0.0,2000,subject,CI excludes zero
full_fusion_v2,svm_rbf,S_R,0,768,balanced_accuracy,0.513795712411654,0.5,0.013795712411654004,0.01280985256304122,0.030344391505707873,-0.045706614909509787,0.07085309075639826,0.688,2000,subject,CI includes zero
full_fusion_v2,svm_rbf,S_R,0,768,roc_auc,0.5224649670378451,0.532082586680596,-0.009617619642750985,-0.011044152978851222,0.029250947617056364,-0.063244036793484,0.05158823142761702,0.652,2000,subject,CI includes zero
full_fusion_v2,svm_rbf,S_R,0,768,mcc,0.02137832239668408,0.0,0.02137832239668408,0.019364453375949338,0.06506680419678394,-0.10682731161590596,0.14214095419040873,0.758,2000,subject,CI includes zero
full_fusion_v2,svm_rbf,S_R,0,1536,f1,0.4446118011850086,0.6499336984686949,-0.20532189728368627,-0.20331943783500808,0.05337273981645744,-0.31310439316294997,-0.10475851372805027,0.0,2000,subject,CI excludes zero
full_fusion_v2,svm_rbf,S_R,0,1536,balanced_accuracy,0.5279945729009087,0.5,0.027994572900908676,0.028924200844242073,0.02445403480219915,-0.016975661065188687,0.07795036961139433,0.245,2000,subject,CI includes zero
full_fusion_v2,svm_rbf,S_R,0,1536,roc_auc,0.5347104321344051,0.5000002195793649,0.03471021255504014,0.03529505852204711,0.034234624434554814,-0.029827861489496996,0.10430747987453486,0.297,2000,subject,CI includes zero
full_fusion_v2,svm_rbf,S_R,0,1536,mcc,0.052092910302286986,0.0,0.052092910302286986,0.05406357847933229,0.05079314214976652,-0.04218955308665,0.15560578670248365,0.297,2000,subject,CI includes zero
full_fusion_v2,svm_rbf,S_R,1,384,f1,0.5245460586597795,0.6665807337428068,-0.14203467508302725,-0.14125015971618926,0.05086823387764233,-0.2519367139866079,-0.05433578664006621,0.0,2000,subject,CI excludes zero
full_fusion_v2,svm_rbf,S_R,1,384,balanced_accuracy,0.5563931750847441,0.5631545144336774,-0.006761339348933304,-0.006240202476064637,0.017270151641312927,-0.03888196391552246,0.02847855257164248,0.716,2000,subject,CI includes zero
full_fusion_v2,svm_rbf,S_R,1,384,roc_auc,0.5834305282343962,0.5857278266040806,-0.0022972983696843974,-0.001732328303989639,0.018927048233795842,-0.03616347084979858,0.035930223011044676,0.917,2000,subject,CI includes zero
full_fusion_v2,svm_rbf,S_R,1,384,mcc,0.1177287250844019,0.15193189588236822,-0.03420317079796632,-0.03282583621598787,0.043948325101118416,-0.11434955361550542,0.0566178034671654,0.462,2000,subject,CI includes zero
full_fusion_v2,svm_rbf,S_R,1,768,f1,0.4991571056048484,0.674708136644643,-0.17555103103979464,-0.17595325453601743,0.05465438527561163,-0.2930238054177445,-0.08610338592903435,0.0,2000,subject,CI excludes zero
full_fusion_v2,svm_rbf,S_R,1,768,balanced_accuracy,0.5407670069285822,0.5,0.04076700692858215,0.0414192041824438,0.018929446321259095,0.0077924430003994466,0.08089948614090002,0.009,2000,subject,CI excludes zero
full_fusion_v2,svm_rbf,S_R,1,768,roc_auc,0.5678004454100554,0.5264984530494643,0.04130199236059107,0.041588198166013314,0.018060541614794087,0.00939606813027539,0.07890238851360633,0.014,2000,subject,CI excludes zero
full_fusion_v2,svm_rbf,S_R,1,768,mcc,0.08462522433433842,0.0,0.08462522433433842,0.08597453917568301,0.039256529904528034,0.0142587115024512,0.166225895859677,0.014,2000,subject,CI excludes zero
full_fusion_v2,svm_rbf,S_R,1,1536,f1,0.4990450058407515,0.674708136644643,-0.1756631308038915,-0.17548467002121065,0.0568481652062923,-0.2939529055846327,-0.07474037048395048,0.0,2000,subject,CI excludes zero
full_fusion_v2,svm_rbf,S_R,1,1536,balanced_accuracy,0.5586486093869658,0.5,0.05864860938696581,0.05859004503854457,0.024344007523195384,0.015504314546535038,0.10903598366347751,0.003,2000,subject,CI excludes zero
full_fusion_v2,svm_rbf,S_R,1,1536,roc_auc,0.5745055439187832,0.5003415300546448,0.0741640138641384,0.0744226890293015,0.03544040149150318,0.005729685285105913,0.14289544983262392,0.037,2000,subject,CI excludes zero
full_fusion_v2,svm_rbf,S_R,1,1536,mcc,0.12103237896878502,0.0,0.12103237896878502,0.12110953646225744,0.051339872631541064,0.030321782390231578,0.22728483060061266,0.009,2000,subject,CI excludes zero
full_fusion_v2,svm_rbf,S_R,2,384,f1,0.4759084158486153,0.06869990301777093,0.40720851283084436,0.40952081469272683,0.0469353380716999,0.31193780927510917,0.49208623406282553,0.0,2000,subject,CI excludes zero
full_fusion_v2,svm_rbf,S_R,2,384,balanced_accuracy,0.5622906173918286,0.4964209170827488,0.06586970030907979,0.0666351773261998,0.015411954257587417,0.04096048184421652,0.10024201518204683,0.0,2000,subject,CI excludes zero
full_fusion_v2,svm_rbf,S_R,2,384,roc_auc,0.6061927032400054,0.5572752779796631,0.04891742526034226,0.049339947387147136,0.013148502601554495,0.023940532139786953,0.07492645387697226,0.0,2000,subject,CI excludes zero
full_fusion_v2,svm_rbf,S_R,2,384,mcc,0.13114523080613064,-0.013600027220200752,0.1447452580263314,0.1463776501581891,0.03498881735470095,0.08739780969861376,0.22152020773116354,0.0,2000,subject,CI excludes zero
full_fusion_v2,svm_rbf,S_R,2,768,f1,0.3182105779509756,0.6707415468072906,-0.35253096885631496,-0.3523406820403693,0.06147706668355672,-0.4729937303413762,-0.2395546814233783,0.0,2000,subject,CI excludes zero
full_fusion_v2,svm_rbf,S_R,2,768,balanced_accuracy,0.5077193568702683,0.5,0.007719356870268257,0.007711648298272742,0.01753144453644699,-0.02523640479310637,0.0412826473878876,0.657,2000,subject,CI includes zero
full_fusion_v2,svm_rbf,S_R,2,768,roc_auc,0.5341219422727523,0.5277624383578252,0.006359503914927123,0.006319173804138075,0.030964770789489445,-0.057011360381607264,0.06237086324830801,0.818,2000,subject,CI includes zero
full_fusion_v2,svm_rbf,S_R,2,768,mcc,-0.004516351796236396,0.0,-0.004516351796236396,-0.004446965210638352,0.04348209020215461,-0.08507763639569739,0.07849479779553717,0.911,2000,subject,CI includes zero
full_fusion_v2,svm_rbf,S_R,2,1536,f1,0.35140388574318154,0.6707415468072906,-0.31933766106410905,-0.31888385777417194,0.060350232407675175,-0.44221900256929236,-0.21047804236242867,0.0,2000,subject,CI excludes zero
full_fusion_v2,svm_rbf,S_R,2,1536,balanced_accuracy,0.5194676286222647,0.5,0.0194676286222647,0.019472381518535788,0.016073350509286134,-0.011095846775465639,0.052091069511715535,0.221,2000,subject,CI includes zero
full_fusion_v2,svm_rbf,S_R,2,1536,roc_auc,0.5363957256350576,0.5,0.03639572563505755,0.03654397810962825,0.02239848746610968,-0.008993412619009246,0.07955668046202623,0.109,2000,subject,CI includes zero
full_fusion_v2,svm_rbf,S_R,2,1536,mcc,0.028494582628901532,0.0,0.028494582628901532,0.028579029675812776,0.03737929385393212,-0.04341248794429401,0.10368165101639115,0.457,2000,subject,CI includes zero
full_fusion_v2,svm_rbf,S_R,3,384,f1,0.4155548349162987,0.6056049790332826,-0.1900501441169839,-0.18902478702125944,0.033651345157984965,-0.26122313210689135,-0.12988127819285297,0.0,2000,subject,CI excludes zero
full_fusion_v2,svm_rbf,S_R,3,384,balanced_accuracy,0.543851913166588,0.525368082189735,0.018483830976853022,0.018835881396277763,0.013830365379362042,-0.008659085290717967,0.045488097016035546,0.179,2000,subject,CI includes zero
full_fusion_v2,svm_rbf,S_R,3,384,roc_auc,0.5817407535133446,0.5318189181747528,0.04992183533859185,0.050274612238749114,0.00929237207585731,0.03197277484392587,0.06776385307169938,0.0,2000,subject,CI excludes zero
full_fusion_v2,svm_rbf,S_R,3,384,mcc,0.09361648212376,0.05724372174994411,0.03637276037381589,0.036969805978084226,0.030902027216507352,-0.025838812833800663,0.09563917618704347,0.226,2000,subject,CI includes zero
full_fusion_v2,svm_rbf,S_R,3,768,f1,0.4467988289770597,0.667149992418375,-0.22035116344131533,-0.22065731761319812,0.04441725704574721,-0.31612134564252276,-0.14755614272432077,0.0,2000,subject,CI excludes zero
full_fusion_v2,svm_rbf,S_R,3,768,balanced_accuracy,0.5414373452735635,0.5,0.041437345273563464,0.04161126003104591,0.01784534445191765,0.007096885877920813,0.07617087350759258,0.013,2000,subject,CI excludes zero
full_fusion_v2,svm_rbf,S_R,3,768,roc_auc,0.5771411862441309,0.5459013424041061,0.03123984384002476,0.032014425466202215,0.02271613579888688,-0.012596992857152284,0.07734331481437567,0.132,2000,subject,CI includes zero
full_fusion_v2,svm_rbf,S_R,3,768,mcc,0.09044331335933381,0.0,0.09044331335933381,0.09087313528827673,0.03662753360205135,0.019818468294080283,0.16164431660187223,0.008,2000,subject,CI excludes zero
full_fusion_v2,svm_rbf,S_R,3,1536,f1,0.4548224338319426,0.667149992418375,-0.21232755858643243,-0.213373922467843,0.027940456456552482,-0.27143074791669036,-0.16403369732049114,0.0,2000,subject,CI excludes zero
full_fusion_v2,svm_rbf,S_R,3,1536,balanced_accuracy,0.5397376594428014,0.5,0.03973765944280139,0.039535144661516,0.013705838502275802,0.012821546390551265,0.06690297268436225,0.002,2000,subject,CI excludes zero
full_fusion_v2,svm_rbf,S_R,3,1536,roc_auc,0.5771381597079844,0.5005871754242486,0.07655098428373586,0.07614431658827937,0.027434433240624678,0.026399685851894703,0.13136288331821938,0.001,2000,subject,CI excludes zero
full_fusion_v2,svm_rbf,S_R,3,1536,mcc,0.08818239839292029,0.0,0.08818239839292029,0.08776012716856584,0.03242509115645502,0.025455541279905056,0.15306630161330956,0.002,2000,subject,CI excludes zero
full_fusion_v2,svm_rbf,S_R,4,384,f1,0.43548266855779094,0.01465328162203149,0.42082938693575944,0.4207040215753248,0.07526879764173311,0.263592509120308,0.5563864618284983,0.0,2000,subject,CI excludes zero
full_fusion_v2,svm_rbf,S_R,4,384,balanced_accuracy,0.5595839277155499,0.4994355644631585,0.06014836325239137,0.0602684814377683,0.01700203087210035,0.02894068221623499,0.09417738743602208,0.0,2000,subject,CI excludes zero
full_fusion_v2,svm_rbf,S_R,4,384,roc_auc,0.5942520768382832,0.5350558780068049,0.05919619883147831,0.060566936385203336,0.03602774186461103,0.002808746950516373,0.14081689993658272,0.031,2000,subject,CI excludes zero
full_fusion_v2,svm_rbf,S_R,4,384,mcc,0.1387567291103696,0.005080585880642403,0.1336761432297272,0.1342660626773834,0.04496513186914327,0.05384996191527327,0.22525345744472636,0.0,2000,subject,CI excludes zero
full_fusion_v2,svm_rbf,S_R,4,768,f1,0.3991425035554135,0.6734057374060001,-0.2742632338505866,-0.27479825989335205,0.0896868844826857,-0.45687636363988793,-0.10532333699357926,0.0,2000,subject,CI excludes zero
full_fusion_v2,svm_rbf,S_R,4,768,balanced_accuracy,0.5606126771282381,0.5,0.060612677128238146,0.0607172308801267,0.02177204433137653,0.020801102324332525,0.10625747430054877,0.001,2000,subject,CI excludes zero
full_fusion_v2,svm_rbf,S_R,4,768,roc_auc,0.58025674933464,0.5404732105151168,0.039783538819523234,0.04010040155994667,0.03834337604743078,-0.030633613637645822,0.11802225371136967,0.285,2000,subject,CI includes zero
full_fusion_v2,svm_rbf,S_R,4,768,mcc,0.12380153512567121,0.0,0.12380153512567121,0.12389788704502612,0.04589047059615912,0.03802334764210098,0.2191967411663094,0.004,2000,subject,CI excludes zero
full_fusion_v2,svm_rbf,S_R,4,1536,f1,0.36015847807520684,0.6734057374060001,-0.3132472593307932,-0.31345787637609657,0.07210759172331237,-0.45914769719109944,-0.17796655877394368,0.0,2000,subject,CI excludes zero
full_fusion_v2,svm_rbf,S_R,4,1536,balanced_accuracy,0.5319480793686552,0.5,0.03194807936865518,0.03171312041847772,0.015283442409611958,0.0029399063296779277,0.06198269707128102,0.023,2000,subject,CI excludes zero
full_fusion_v2,svm_rbf,S_R,4,1536,roc_auc,0.5608823982176481,0.5,0.06088239821764807,0.06068359261004037,0.019200333403247546,0.023324557243072364,0.09849180955096816,0.0,2000,subject,CI excludes zero
full_fusion_v2,svm_rbf,S_R,4,1536,mcc,0.07130524202106972,0.0,0.07130524202106972,0.07099166066588,0.03265842500384265,0.006763327327572635,0.13580688145263564,0.021,2000,subject,CI excludes zero
