representation,protocol,fold,feature_dimension,accuracy,balanced_accuracy,precision,sensitivity,specificity,f1,macro_f1,mcc,cohen_kappa,roc_auc,tn,fp,fn,tp,n
full_fusion_pca_384,S_R,4,384,0.4877229258206255,0.49983489454908697,0.5,0.006559031281533804,0.9931107578166402,0.012948207171314742,0.3335247144059017,-0.0020202602376233995,-0.0003222066380306199,0.5765204273544038,1874.0,13.0,1969.0,13.0,3869.0
full_fusion_pca_768,S_R,1,768,0.5035087719298246,0.5,0.5035087719298246,1.0,0.0,0.6697782963827305,0.3348891481913652,0.0,0.0,0.5406759938680783,0.0,1981.0,0.0,2009.0,3990.0
full_fusion_v2_pca_1536,R_S,2,1536,0.4977307110438729,0.5,0.0,0.0,1.0,0.0,0.3323232323232323,0.0,0.0,0.49975153908440245,1974.0,0.0,1992.0,0.0,3966.0
full_fusion_v2_pca_1536,R_S,3,1536,0.5020151133501259,0.5,0.0,0.0,1.0,0.0,0.3342277377159148,0.0,0.0,0.5,1993.0,0.0,1977.0,0.0,3970.0
full_fusion_pca_1536,S_R,1,1536,0.5035087719298246,0.5,0.5035087719298246,1.0,0.0,0.6697782963827305,0.3348891481913652,0.0,0.0,0.5007571933366987,0.0,1981.0,0.0,2009.0,3990.0
full_fusion_v2_pca_768,S_R,3,768,0.49798488664987406,0.5,0.49798488664987406,1.0,0.0,0.6648730452328905,0.33243652261644524,0.0,0.0,0.5649561020476066,0.0,1993.0,0.0,1977.0,3970.0
full_fusion_pca_1536,S_R,3,1536,0.49798488664987406,0.5,0.49798488664987406,1.0,0.0,0.6648730452328905,0.33243652261644524,0.0,0.0,0.5,0.0,1993.0,0.0,1977.0,3970.0
full_fusion_v2_pca_384,R_S,1,384,0.49874686716791977,0.5021379059251038,0.5671641791044776,0.018914883026381283,0.9853609288238263,0.036608863198458574,0.34892773783229164,0.01663811942690908,0.004246800051010524,0.5707761564630037,1952.0,29.0,1971.0,38.0,3990.0
full_fusion_pca_768,S_R,3,768,0.49798488664987406,0.5,0.49798488664987406,1.0,0.0,0.6648730452328905,0.33243652261644524,0.0,0.0,0.5600094767701117,0.0,1993.0,0.0,1977.0,3970.0
full_fusion_pca_768,R_S,2,768,0.4977307110438729,0.5,0.0,0.0,1.0,0.0,0.3323232323232323,0.0,0.0,0.5023055748831191,1974.0,0.0,1992.0,0.0,3966.0
full_fusion_pca_1536,R_S,0,1536,0.5066200349737696,0.5,0.0,0.0,1.0,0.0,0.33626264301110925,0.0,0.0,0.5004930966469427,2028.0,0.0,1975.0,0.0,4003.0
full_fusion_pca_384,S_R,3,384,0.5410579345088161,0.5399520476447536,0.5865921787709497,0.26555386949924126,0.814350225790266,0.36559888579387184,0.5030441153515531,0.09560749619649546,0.08008002024669936,0.6125225593573461,1623.0,370.0,1452.0,525.0,3970.0
full_fusion_pca_384,S_R,0,384,0.5328503622283287,0.5346540833395751,0.5206286836935167,0.6708860759493671,0.398422090729783,0.5862831858407079,0.524925872897405,0.07200775667402909,0.06904777006296625,0.5675249045015354,808.0,1220.0,650.0,1325.0,4003.0
full_fusion_pca_768,R_S,4,768,0.4877229258206255,0.5,0.0,0.0,1.0,0.0,0.3278318276580959,0.0,0.0,0.5239013869927387,1887.0,0.0,1982.0,0.0,3869.0
full_fusion_v2_pca_768,S_R,4,768,0.5122770741793745,0.5,0.5122770741793745,1.0,0.0,0.6774910271748419,0.33874551358742094,0.0,0.0,0.543670993365301,0.0,1887.0,0.0,1982.0,3869.0
full_fusion_v2_pca_384,R_S,4,384,0.4864306022227966,0.49867514573396926,0.0,0.0,0.9973502914679385,0.0,0.3272474352286559,-0.03686653475330754,-0.002584807306006187,0.5280501460681909,1882.0,5.0,1982.0,0.0,3869.0
full_fusion_pca_1536,S_R,0,1536,0.4933799650262303,0.5,0.4933799650262303,1.0,0.0,0.6607561057209769,0.33037805286048844,0.0,0.0,0.500240056924575,0.0,2028.0,0.0,1975.0,4003.0
full_fusion_v2_pca_1536,S_R,4,1536,0.5122770741793745,0.5,0.5122770741793745,1.0,0.0,0.6774910271748419,0.33874551358742094,0.0,0.0,0.5,0.0,1887.0,0.0,1982.0,3869.0
full_fusion_pca_768,R_S,3,768,0.5020151133501259,0.5,0.0,0.0,1.0,0.0,0.3342277377159148,0.0,0.0,0.5177538430536214,1993.0,0.0,1977.0,0.0,3970.0
full_fusion_pca_1536,S_R,4,1536,0.5122770741793745,0.5,0.5122770741793745,1.0,0.0,0.6774910271748419,0.33874551358742094,0.0,0.0,0.5,0.0,1887.0,0.0,1982.0,3869.0
full_fusion_pca_384,R_S,2,384,0.4977307110438729,0.5,0.0,0.0,1.0,0.0,0.3323232323232323,0.0,0.0,0.5440191617533965,1974.0,0.0,1992.0,0.0,3966.0
full_fusion_pca_384,S_R,2,384,0.49848714069591527,0.5004554692935878,0.5057034220532319,0.06676706827309237,0.9341438703140831,0.11796008869179601,0.3837994912368615,0.001830427829219213,0.000907347922332824,0.5758487343497598,1844.0,130.0,1859.0,133.0,3966.0
full_fusion_v2_pca_768,S_R,0,768,0.4933799650262303,0.5,0.4933799650262303,1.0,0.0,0.6607561057209769,0.33037805286048844,0.0,0.0,0.5282911392405063,0.0,2028.0,0.0,1975.0,4003.0
full_fusion_v2_pca_384,S_R,4,384,0.48823985525975705,0.5003013341589942,0.5294117647058824,0.009081735620585268,0.9915209326974033,0.017857142857142856,0.33591214360613175,0.003227706180915925,0.0005881180327320656,0.5537737090090624,1871.0,16.0,1964.0,18.0,3869.0
full_fusion_pca_1536,R_S,1,1536,0.4964912280701754,0.5,0.0,0.0,1.0,0.0,0.33177022274325907,0.0,0.0,0.5060505112154317,1981.0,0.0,2009.0,0.0,3990.0
full_fusion_v2_pca_1536,S_R,1,1536,0.5035087719298246,0.5,0.5035087719298246,1.0,0.0,0.6697782963827305,0.3348891481913652,0.0,0.0,0.5002523977788995,0.0,1981.0,0.0,2009.0,3990.0
full_fusion_v2_pca_384,R_S,2,384,0.49798285426122035,0.5002441376448041,0.5714285714285714,0.002008032128514056,0.9984802431610942,0.00400200100050025,0.33421067520107606,0.005816225238400927,0.00048606696635744573,0.5175515893360677,1971.0,3.0,1988.0,4.0,3966.0
full_fusion_v2_pca_768,R_S,3,768,0.5020151133501259,0.5,0.0,0.0,1.0,0.0,0.3342277377159148,0.0,0.0,0.5090158752396159,1993.0,0.0,1977.0,0.0,3970.0
full_fusion_v2_pca_384,S_R,0,384,0.5306020484636522,0.5361931690510074,0.5130081300813009,0.9584810126582278,0.11390532544378698,0.6683142100617829,0.43283288461226693,0.13479965492520765,0.07157419710806467,0.5559216538087034,231.0,1797.0,82.0,1893.0,4003.0
full_fusion_v2_pca_768,S_R,1,768,0.5035087719298246,0.5,0.5035087719298246,1.0,0.0,0.6697782963827305,0.3348891481913652,0.0,0.0,0.5408555241946325,0.0,1981.0,0.0,2009.0,3990.0
full_fusion_v2_pca_768,S_R,2,768,0.5022692889561271,0.5,0.5022692889561271,1.0,0.0,0.6686807653575025,0.33434038267875127,0.0,0.0,0.5295299739993408,0.0,1974.0,0.0,1992.0,3966.0
full_fusion_pca_768,R_S,0,768,0.5066200349737696,0.5,0.0,0.0,1.0,0.0,0.33626264301110925,0.0,0.0,0.5192830749257233,2028.0,0.0,1975.0,0.0,4003.0
full_fusion_v2_pca_1536,R_S,1,1536,0.4964912280701754,0.5,0.0,0.0,1.0,0.0,0.33177022274325907,0.0,0.0,0.5070266838097817,1981.0,0.0,2009.0,0.0,3990.0
full_fusion_pca_768,S_R,4,768,0.5122770741793745,0.5,0.5122770741793745,1.0,0.0,0.6774910271748419,0.33874551358742094,0.0,0.0,0.527911778342122,0.0,1887.0,0.0,1982.0,3869.0
full_fusion_pca_384,S_R,1,384,0.5195488721804511,0.5214652438584673,0.5507726269315674,0.24838227974116475,0.7945482079757699,0.3423670668953688,0.4819436519077041,0.05123618026625301,0.042764558399167485,0.5840301178769238,1574.0,407.0,1510.0,499.0,3990.0
full_fusion_v2_pca_1536,R_S,0,1536,0.5066200349737696,0.5,0.0,0.0,1.0,0.0,0.33626264301110925,0.0,0.0,0.5,2028.0,0.0,1975.0,0.0,4003.0
full_fusion_v2_pca_384,S_R,1,384,0.5684210526315789,0.5665107721964939,0.5465455724943237,0.8387257341961175,0.2942958101968703,0.6618224666142969,0.5327810394013313,0.15869519816677977,0.13352601258123697,0.583098168288135,583.0,1398.0,324.0,1685.0,3990.0
full_fusion_pca_384,R_S,0,384,0.5068698476142893,0.500253164556962,1.0,0.0005063291139240507,1.0,0.0010121457489878543,0.33682448083469296,0.01601813255264972,0.0005130295075448377,0.6147056400269643,2028.0,0.0,1974.0,1.0,4003.0
full_fusion_pca_1536,S_R,2,1536,0.5022692889561271,0.5,0.5022692889561271,1.0,0.0,0.6686807653575025,0.33434038267875127,0.0,0.0,0.4997467071935157,0.0,1974.0,0.0,1992.0,3966.0
full_fusion_pca_768,S_R,2,768,0.5022692889561271,0.5,0.5022692889561271,1.0,0.0,0.6686807653575025,0.33434038267875127,0.0,0.0,0.5334098552263766,0.0,1974.0,0.0,1992.0,3966.0
full_fusion_pca_1536,R_S,2,1536,0.4977307110438729,0.5,0.0,0.0,1.0,0.0,0.3323232323232323,0.0,0.0,0.5005172666349288,1974.0,0.0,1992.0,0.0,3966.0
full_fusion_pca_384,R_S,4,384,0.4877229258206255,0.5,0.0,0.0,1.0,0.0,0.3278318276580959,0.0,0.0,0.5419097794298127,1887.0,0.0,1982.0,0.0,3869.0
full_fusion_v2_pca_768,R_S,2,768,0.4977307110438729,0.5,0.0,0.0,1.0,0.0,0.3323232323232323,0.0,0.0,0.5155187619780032,1974.0,0.0,1992.0,0.0,3966.0
full_fusion_pca_384,R_S,1,384,0.4964912280701754,0.4999366806965827,0.5,0.008959681433549029,0.9909136799596163,0.017603911980440097,0.33955174537522426,-0.0006696205101690076,-0.00012576572988654,0.5762560401464485,1963.0,18.0,1991.0,18.0,3990.0
full_fusion_v2_pca_1536,R_S,4,1536,0.4877229258206255,0.5,0.0,0.0,1.0,0.0,0.3278318276580959,0.0,0.0,0.4994700582935877,1887.0,0.0,1982.0,0.0,3869.0
full_fusion_pca_1536,R_S,4,1536,0.4877229258206255,0.5,0.0,0.0,1.0,0.0,0.3278318276580959,0.0,0.0,0.5005299417064123,1887.0,0.0,1982.0,0.0,3869.0
full_fusion_pca_768,R_S,1,768,0.4964912280701754,0.5,0.0,0.0,1.0,0.0,0.33177022274325907,0.0,0.0,0.519907136713663,1981.0,0.0,2009.0,0.0,3990.0
full_fusion_v2_pca_384,R_S,0,384,0.5071196602548089,0.500506329113924,1.0,0.0010126582278481013,1.0,0.0020232675771370764,0.3373858251967623,0.022655891047786997,0.0010260521366537434,0.6170929768057324,2028.0,0.0,1973.0,2.0,4003.0
full_fusion_v2_pca_1536,S_R,2,1536,0.5022692889561271,0.5,0.5022692889561271,1.0,0.0,0.6686807653575025,0.33434038267875127,0.0,0.0,0.5,0.0,1974.0,0.0,1992.0,3966.0
full_fusion_v2_pca_768,R_S,4,768,0.4877229258206255,0.5,0.0,0.0,1.0,0.0,0.3278318276580959,0.0,0.0,0.518706781810005,1887.0,0.0,1982.0,0.0,3869.0
full_fusion_v2_pca_1536,S_R,0,1536,0.4933799650262303,0.5,0.4933799650262303,1.0,0.0,0.6607561057209769,0.33037805286048844,0.0,0.0,0.49999350860110353,0.0,2028.0,0.0,1975.0,4003.0
full_fusion_v2_pca_384,S_R,2,384,0.49495713565305094,0.4969826112962488,0.47417840375586856,0.05070281124497992,0.9432624113475178,0.09160997732426304,0.3709315819919726,-0.013384446407158026,-0.006010304899500385,0.557900294185862,1862.0,112.0,1891.0,101.0,3966.0
full_fusion_v2_pca_768,R_S,1,768,0.4964912280701754,0.5,0.0,0.0,1.0,0.0,0.33177022274325907,0.0,0.0,0.5388149842618867,1981.0,0.0,2009.0,0.0,3990.0
full_fusion_v2_pca_384,S_R,3,384,0.5465994962216625,0.5475707718542465,0.5300918055083305,0.7885685381891755,0.3065730055193176,0.6339975599837332,0.5191827641083457,0.10856053579867785,0.0949556887974865,0.5455759295115098,611.0,1382.0,418.0,1559.0,3970.0
full_fusion_v2_pca_1536,S_R,3,1536,0.49798488664987406,0.5,0.49798488664987406,1.0,0.0,0.6648730452328905,0.33243652261644524,0.0,0.0,0.5007526342197692,0.0,1993.0,0.0,1977.0,3970.0
full_fusion_pca_1536,R_S,3,1536,0.5020151133501259,0.5,0.0,0.0,1.0,0.0,0.3342277377159148,0.0,0.0,0.5,1993.0,0.0,1977.0,0.0,3970.0
full_fusion_pca_768,S_R,0,768,0.4933799650262303,0.5,0.4933799650262303,1.0,0.0,0.6607561057209769,0.33037805286048844,0.0,0.0,0.543108381394652,0.0,2028.0,0.0,1975.0,4003.0
full_fusion_v2_pca_768,R_S,0,768,0.5066200349737696,0.5,0.0,0.0,1.0,0.0,0.33626264301110925,0.0,0.0,0.536789628741917,2028.0,0.0,1975.0,0.0,4003.0
full_fusion_v2_pca_384,R_S,3,384,0.5050377833753149,0.5030369317395913,0.9285714285714286,0.0065756196256954984,0.9994982438534872,0.013058764439979909,0.341375574857408,0.05123064820040081,0.006098168485474509,0.5459967244993288,1992.0,1.0,1964.0,13.0,3970.0
full_fusion_pca_384,R_S,3,384,0.506801007556675,0.5048113516173578,0.88,0.01112797167425392,0.9984947315604616,0.02197802197802198,0.3461186842796813,0.06082198197984674,0.009660992548180758,0.5811346287626318,1990.0,3.0,1955.0,22.0,3970.0
data2vec_fusion,R_S,0,1536,,0.538381394652086,,0.1448101265822785,0.9319526627218936,0.2384326802834514,,0.1247109234262917,,0.603576261453574,,,,,
data2vec_fusion,R_S,1,1536,,0.5339162813276651,,0.2722747635639622,0.795557799091368,0.3694697737250929,,0.0795715965241934,,0.5744187752790384,,,,,
data2vec_fusion,R_S,2,1536,,0.5322147251620464,,0.267570281124498,0.7968591691995948,0.3643198906356801,,0.0759214739267044,,0.5657522440318519,,,,,
data2vec_fusion,R_S,3,1536,,0.608477800780222,,0.5245321193727871,0.6924234821876568,0.5718224427901847,,0.2201110710629405,,0.6541681926195402,,,,,
data2vec_fusion,R_S,4,1536,,0.5055273561684199,,0.1488395560040363,0.8622151563328034,0.2325581395348837,,0.0157638566713673,,0.5450195105178188,,,,,
data2vec_fusion,S_R,0,1536,,0.5270147055151924,,0.2749367088607595,0.7790927021696252,0.366149696561025,,0.062586900962259,,0.5548538186902354,,,,,
data2vec_fusion,S_R,1,1536,,0.5788923343188865,,0.6938775510204082,0.463907117617365,0.6244120940649496,,0.1621698620255773,,0.6065682721544067,,,,,
data2vec_fusion,S_R,2,1536,,0.5236180283443805,,0.3197791164658634,0.7274569402228976,0.4022734449005368,,0.0517241097808996,,0.5703904778180604,,,,,
data2vec_fusion,S_R,3,1536,,0.5203736598580616,,0.1380880121396054,0.9026593075765178,0.2234042553191489,,0.0632379120143126,,0.6022280561631872,,,,,
data2vec_fusion,S_R,4,1536,,0.5061843020678422,,0.1437941473259334,0.8685744568097509,0.2266401590457256,,0.0179383229934405,,0.5409363925568591,,,,,
full_fusion,R_S,0,3840,,0.4936422989538861,,0.0794936708860759,0.9077909270216964,0.1354031910306166,,-0.0226823056026005,,0.5657533767757721,,,,,
full_fusion,R_S,1,3840,,0.5033119513426331,,0.1742160278745644,0.8324078748107017,0.2601263470828688,,0.00879774179637,,0.5841958285142402,,,,,
full_fusion,R_S,2,3840,,0.5190267147617826,,0.1601405622489959,0.8779128672745694,0.25,,0.0546381151493213,,0.5497471140895904,,,,,
full_fusion,R_S,3,3840,,0.5973216576683034,,0.3702579666160849,0.8243853487205218,0.4785877737822818,,0.218566829473304,,0.6428046975745407,,,,,
full_fusion,R_S,4,3840,,0.5147684486290767,,0.1185671039354187,0.9109697933227344,0.1970649895178197,,0.0483321200167548,,0.5535301283357317,,,,,
full_fusion,S_R,0,3840,,0.5403516590517564,,0.2389873417721519,0.841715976331361,0.3410404624277456,,0.1012324637138901,,0.5972733627942975,,,,,
full_fusion,S_R,1,3840,,0.5536288116901504,,0.3758088601294176,0.7314487632508834,0.458131067961165,,0.1147223618475717,,0.607122064792231,,,,,
full_fusion,S_R,2,3840,,0.5422197910181761,,0.1842369477911646,0.9002026342451874,0.2871674491392801,,0.1208808790444184,,0.60043008915093,,,,,
full_fusion,S_R,3,3840,,0.545604481644278,,0.2362164896307536,0.8549924736578023,0.3417489937797292,,0.1161477147898743,,0.6163735441267502,,,,,
full_fusion,S_R,4,3840,,0.5480438145749478,,0.3335015136226034,0.762586115527292,0.427693303138143,,0.1062147763207173,,0.588443313616935,,,,,
hubert,R_S,0,768,,0.595779342371358,,0.4430379746835443,0.7485207100591716,0.5208333333333334,,0.2013305425965714,,0.6218012383591741,,,,,
hubert,R_S,1,768,,0.526179014223978,,0.2956694873071179,0.756688541140838,0.3850891410048622,,0.0589881235906091,,0.5971482694356969,,,,,
hubert,R_S,2,768,,0.5173322469208139,,0.0873493975903614,0.9473150962512664,0.1533039647577092,,0.0678867863288074,,0.5724060120929513,,,,,
hubert,R_S,3,768,,0.5340000065987152,,0.2827516439049064,0.7852483692925238,0.3771929824561403,,0.0786648607065249,,0.604026332934111,,,,,
hubert,R_S,4,768,,0.5063546213750998,,0.1054490413723511,0.9072602013778484,0.176669484361792,,0.02124664916553,,0.5480665416410653,,,,,
hubert,S_R,0,768,,0.5305206850922528,,0.3356962025316455,0.72534516765286,0.4150234741784037,,0.066298740858966,,0.5517556737323046,,,,,
hubert,S_R,1,768,,0.5682045635629068,,0.3847685415629666,0.7516405855628471,0.4722052535125229,,0.1465706858276785,,0.6179146139193418,,,,,
hubert,S_R,2,768,,0.5519196848183006,,0.2233935742971887,0.8804457953394124,0.3329592218481107,,0.1376699140762669,,0.5914415005513441,,,,,
hubert,S_R,3,768,,0.60830724937382,,0.4820435002529084,0.7345709984947315,0.5510263081815554,,0.2239212017475335,,0.6517372005864736,,,,,
hubert,S_R,4,768,,0.5675361507408756,,0.4223007063572149,0.7127715951245363,0.4980660517703064,,0.1409685615953767,,0.6169232686119965,,,,,
