sample_id,subject_id,device,label,duration_sec,rms,spectral_centroid_hz,spectral_bandwidth_hz,spectral_rolloff_hz,zero_crossing_rate,spectral_flatness
c6b09f089466728b_R,48,R,1,19.5,0.007711519730362587,935.5613483464643,1035.9622909029868,2190.3944672131147,0.062381531762295085,0.00015105927013792098
0620657407db80e6_R,47,R,1,15.802633,0.0005961244415360104,977.6522294210384,1010.0226324420537,2181.5378289473683,0.0745370223937247,0.00043864332837983966
3a0e899738999477_R,10,R,1,47.8,0.009484286669015329,908.215293696272,955.8463784545617,1951.5248493975903,0.06762662629685408,0.00013768386270385236
f87eae4e917aada6_R,20,R,1,15.2,0.0009129544667641494,893.8983215043475,1008.8586968293566,2064.059217436975,0.05778439305409664,0.0002997901465278119
e071289d669cf743_R,26,R,1,32.0,0.008935503874733524,1037.4577906451402,1005.2347736996929,2206.6683316683316,0.07980837521853147,0.00022512898431159556
b6598b874c8f7434_R,30,R,1,20.203367,0.004654724926377147,1009.5800799454424,974.214578702242,2129.8333662974683,0.08415434632120253,0.00043712937622331083
f50c48e257473907_R,18,R,1,16.3,0.007314914205527579,967.9345336459924,1014.1950969063842,2163.250612745098,0.07037568933823529,0.00019121167133562267
2c0ef6b33feaf52e_R,26,R,1,23.0,0.014846326095434483,964.8091814065486,966.4948980474578,2028.8921244784424,0.0738364101616829,0.0001687780168140307
de95d8fc24c3a7fd_R,02,R,1,22.7,0.021986553827633065,872.692864840096,891.2072720809371,1753.6091549295775,0.07122029049295775,0.00013449623656924814
538ee72a90418be9_R,42,R,1,12.202033,0.0015467945076523563,1095.6428275295937,945.1320932441695,2158.111092931937,0.10026893815445026,0.0004957171622663736
0a7210a3b583741c_R,09,R,1,47.0,0.007064619716799258,1014.3144750419082,1005.703681858427,2178.0228897208985,0.0790736417205582,0.00021556190040428191
785c5cdec34db197_R,06,R,1,26.5,0.010053384883206985,943.8689893402833,980.3421219503462,2046.5451598311217,0.07164305168124246,0.0001540111261419952
eccc401b6ee91896_R,20,R,1,18.703117,0.001130872144747648,916.9360304677174,995.8530241962693,2051.0016025641025,0.06456914396367522,0.0003018041024915874
3b5e7613e4de2705_R,38,R,1,17.602933,0.0006041640890240642,1014.2199776502691,1085.440679980419,2373.7664473684213,0.06321071063974591,0.00041593381320126355
6ba9715107d2715a_R,19,R,1,37.4,0.009421273998798923,943.8730530774757,1043.4457889407968,2210.7570573139437,0.05812050564050471,0.00014055604697205126
43a7d9fb6b290123_R,02,R,1,20.0,0.03461309705657088,816.9234712213829,871.5536621130678,1654.0160742811502,0.06197427865415336,0.00013375948765315115
445f448f2f74486a_R,42,R,1,17.4029,0.004367974392933208,1041.3994869902053,910.557057090028,2058.7086397058824,0.09176097196691177,0.0003604961384553462
aaaf129be348c613_R,13,R,1,23.4,0.0011202842701958377,960.7517608344274,1056.3514412765771,2240.7359972677596,0.05781463456284153,0.00033951844670809805
26c23a9e71f3856c_R,46,R,1,13.5,0.004473181045912904,1187.6666926439864,1108.2742909439696,2587.0667950236966,0.09983963085011849,0.00034868024522438645
51eca8771b808ad9_R,27,R,1,13.7,0.01540554192112273,1101.0194708565348,939.251391705247,2176.810168997669,0.10637360686188811,0.00028222883702255785
ab1a3ed83598308b_R,14,R,1,20.6,0.006326059744035757,1005.0109073814572,1047.7600923546397,2290.0936529503106,0.07618097340838509,0.0002166664053220302
eb6fecfed1a61cd8_R,08,R,1,19.1,0.011948488953445177,919.5495104249,976.4839087341106,2030.7265494137353,0.06775577104271356,0.00015727432037238032
7b020d6920cea2eb_R,26,R,1,16.0,0.017824016754459073,970.4333539685997,988.9715602168146,2101.1570608782436,0.06941585578842316,0.00019690796034410596
0287699e9ee545fd_R,02,R,1,18.30305,0.026489518936895384,850.8153798722464,882.9245725863797,1717.425152972028,0.06701147973120629,0.00015946361236274242
b70f4fd1b733fe81_R,47,R,1,12.90215,0.0005555690143383141,1001.1721053212733,1025.8339934836417,2239.9056311881186,0.0782736598855198,0.000545679940842092
f91e9cd49a8f791d_R,48,R,1,19.7,0.007737595414140843,938.2492658651454,1041.8881481385956,2208.1346387987014,0.06195306158685065,0.00016651350597385317
d72f09b6557f4987_R,29,R,1,18.2512,0.0008364582599192928,1110.0519668796376,953.663759045601,2202.9197679509634,0.10506170643607705,0.0004746808554045856
dcea5c1bbb57f510_R,19,R,1,23.4,0.010457317203375815,959.4919129170183,1054.8102348429675,2250.3522028688526,0.06007727117486339,0.00014603414456360042
fb486e2a37178062_R,38,R,1,32.4054,0.0007481901361916404,966.2297630756209,1062.0941109054686,2269.990128331688,0.05692067574654491,0.00033769168658182025
91fe5c2f10a54896_R,47,R,1,16.702783,0.0006140840554824285,982.403741412903,1010.335921566182,2176.6493055555557,0.07437402717911877,0.0004562496324069798
629dc336c49652f7_R,26,R,1,16.7,0.02607934418234437,937.2829908417826,951.6689233341056,1974.2875957854405,0.068813046276341,0.00015495243133045733
b16d20eea6eb0c67_R,48,R,1,17.802967,0.012796591300203908,862.2381274944413,965.1440574467492,1905.1980475763016,0.05596386894075404,8.960397099144757e-05
ea39e932fe4bb86c_R,50,R,1,15.1,0.03619763162613872,927.7090584837186,963.9665433548306,2028.3865201271187,0.066162109375,0.0001743869943311438
f58fa4e1fec2afe2_R,36,R,1,36.5,0.0009015524189619692,845.7587899411616,977.491680910874,1935.9867988606486,0.05346658290425066,0.00024243314692284912
49ab1944d26e4673_R,09,R,1,20.9005,0.00758623455156705,1025.7952923277714,988.7988759535186,2133.5650802752293,0.08375591313073394,0.0002091759379254654
11cc014ca0f37537_R,19,R,1,28.2,0.009263763997408615,947.2784999498634,1051.8436729816494,2231.8505527210887,0.05790561667375283,0.00012762505502905697
540362f1d123690b_R,06,R,1,21.103517,0.013037534509109307,929.7974249777564,1011.1244169889605,2109.493371212121,0.06383463541666666,0.00016060390044003725
01f3cf468eb9deb5_R,40,R,1,20.903483,0.0006109521359529565,1014.1177036330387,1074.125924928147,2352.3628631498473,0.0689484482511468,0.0004554656916297972
bbb8c1b76db249fb_R,19,R,1,17.1,0.012479999331576114,905.7042361833156,1031.920221177506,2129.8481308411215,0.053805855724299065,0.0001157794613391161
0e8355b31582aae7_R,05,R,1,30.8,0.014738941602313729,1044.413875657434,949.9730650589587,2096.727349428868,0.0935862254997404,0.00022395572159439325
f2690c48141f3db4_R,33,R,1,16.8,0.009792903754985934,899.4738023901086,1019.513686613032,2116.2220769961978,0.0569599572243346,0.00013251234486233443
244a74cc7d18ea6e_R,19,R,1,19.4,0.028992873598716655,869.9777220954177,975.3371045366993,1949.855848434926,0.05498996087314662,0.0001186856025015004
66dbf8a798f43aad_R,50,R,1,18.90315,0.007837841692972502,959.024977702485,1014.508485503048,2152.442893401015,0.06418461162225042,0.00016006146324798465
29780a5349ddd9fa_R,28,R,1,19.3,0.000653135922216543,1008.8426555059777,1054.7085981157757,2297.043149834437,0.0723788027731788,0.0004656087839975953
6c8791dcfc46c960_R,41,R,1,13.9,0.035875588864036315,848.1030785714808,926.38035056554,1845.3663793103449,0.059337957974137934,0.00010943647794192657
0ac8cb7d396c818a_R,28,R,1,13.4,0.0008340008388530408,955.6322217351656,1068.1959025554677,2267.0420644391406,0.052702910575775655,0.00031371237128041685
af036ac08a4a1ebb_R,08,R,1,18.2,0.008553043179105897,891.7365365939427,982.1480956822058,2009.3090949033392,0.06199369782513181,0.00013774755643680692
c8a80eee594e2764_R,21,R,1,40.1,0.007301290871078693,1007.9310541984142,988.3304811910161,2128.6321271929824,0.08190158679724881,0.00020422595844138414
0ab5ea69ffc45ce6_R,48,R,1,25.6,0.008159956791506788,914.6800936974304,1033.753055567193,2160.4829900124846,0.05878333235799001,0.00012786283332388848
244b4f4c75b4e918_R,40,R,1,20.7,0.0005097579496789516,1068.108894165294,1090.9950902702403,2439.359544049459,0.07988115219281298,0.0006294897175393999
37ce2d9ba26184cc_R,41,R,1,17.8,0.008335206089431856,926.8815312706746,1046.3337429649382,2200.572262118492,0.056645884762118494,0.00013225495058577508
486b00231388f4ab_R,02,R,1,48.2,0.017324089827052813,912.7095207963254,930.9728107391821,1898.6604180491042,0.07304421812790311,0.0001509614521637559
e63211cab34ac70a_R,15,R,1,27.6,0.0005279295774432447,1048.3065309292217,1087.3907820490808,2415.9907300115874,0.07319183172798378,0.0005220493185333908
0a81ac0dd8c4953e_R,40,R,1,17.4,0.0005744629258269033,1046.7442713932235,1084.2329887769204,2402.5160845588234,0.07549061494715073,0.0005235840217210352
989f9448a54922b6_R,44,R,1,14.70245,0.000292523550632613,1294.3484197732746,1108.0662431648634,2695.295516304348,0.1304496433423913,0.0014204424805939198
3585b28a9af43b8b_R,19,R,1,34.004333,0.007742738574301874,949.9541379555916,1058.1771565413878,2253.593896989652,0.05816793935206961,0.0001253974623978138
b7416485cb64333b_R,36,R,1,42.4,0.0008753003486852905,852.958742446368,974.8168942866398,1939.4560708898944,0.05566074837386878,0.00024635426234453917
a1f829211520333c_R,42,R,1,31.6,0.0006479978350217234,1114.4770964957115,961.1977354655418,2211.119369939271,0.1068139944964575,0.0005494458600878716
57fcb24467560788_R,08,R,1,27.6,0.008454380191257917,905.0643140457114,982.9539500094023,2026.4248986095017,0.0641662668380649,0.000155294532305561
11d3a0cbed0bc179_R,37,R,1,12.7,0.0004952926322817074,1098.7800722587701,1028.286482198716,2322.7133186397987,0.09570066514483627,0.0006719429511576891
70be4180b7cf5ec3_R,37,R,1,16.002667,0.0004807760825672726,1076.8936215489832,1046.9076654087667,2344.935129740519,0.08905723708832336,0.0006509582744911313
d368ba51e5d04ce9_R,47,R,1,17.10285,0.0006728265823921297,992.5540845694908,1041.579222018984,2260.908294392523,0.07266355140186916,0.000485477561596781
900b8f1132551a61_R,20,R,1,26.6,0.000769777054095122,900.8943861505692,1018.6004975128224,2111.149714543269,0.05881089430588942,0.000313142198137939
bbd6d46836993f25_R,49,R,1,20.5,0.007234465234879617,983.0458898865389,1071.4151529216533,2311.719968798752,0.060997830538221526,0.0001396667503286153
c96da97aab27400a_R,09,R,1,13.402233,0.008776673903072029,1019.8311322821437,1002.4903664850145,2174.8582935560858,0.07821007048031026,0.0002509349724277854
a89d51df55363444_R,46,R,1,19.903317,0.004207300827830098,1206.5855465060952,1107.2367025446913,2607.0639067524116,0.1052622902431672,0.0003475378325674683
642621a45317017f_R,18,R,1,18.0,0.007924131014342566,936.4056735936562,998.562970154673,2085.6183392539965,0.06692748806616342,0.00016146840061992407
1026b8165710b148_R,46,R,1,17.002833,0.006063618945683509,1114.3519339897296,1100.2174680877597,2493.7294407894738,0.07229591312265038,0.00021851545898243785
51a1b61f91b296d3_R,41,R,1,17.802967,0.0078081470002953545,956.4007107428812,1058.021628540434,2260.210951526032,0.057296342010771995,0.00015383929712697864
0252ab33bdddffc5_R,02,R,1,18.3,0.025460624242785914,850.7260943736034,895.8084466832313,1733.4462412587413,0.06548432036713286,0.00013906748790759593
1bdc6e96def96e22_R,50,R,1,29.4049,0.007313432783346836,977.4836576197272,1020.9067531635557,2185.5362486398258,0.06900120715451578,0.00017406213737558573
d2d3da343de73bfd_R,44,R,1,23.3,0.0005514648855543213,1249.1813019316542,1089.2065566355961,2600.8659122085046,0.12223508230452675,0.0012933234684169292
d114c1fb5ecf2753_R,42,R,1,14.202367,0.0008678937614774966,1114.6306079697906,983.2879933035344,2246.3752815315315,0.10479901288006757,0.0006694376934319735
1a565cd56265ec15_R,27,R,1,21.803633,0.032987090396752766,1083.4072265818795,914.5457758557467,2089.935392228739,0.10516303725256598,0.00024600751930847764
9a24f54b2c1cc446_R,48,R,1,26.6,0.007922675069780767,927.297099556423,1038.1308717014322,2187.6126802884614,0.0605779794546274,0.00014420831575989723
364ffdc4dddb1d58_R,02,R,1,21.1,0.016942923423363482,900.2600460078352,912.4909515784319,1826.0298295454545,0.07347819010416666,0.00014011353778187186
11d5e4ae8c76857c_R,14,R,1,25.0,0.008182542028353088,979.1996758366157,1036.8521497340523,2230.2989130434785,0.07232868945812021,0.0002017814840655774
e9fdfbfa2350342f_R,38,R,1,23.2,0.0008470837926333865,950.051762555014,1044.1733602379727,2206.6115702479337,0.05754791343836088,0.00033062463626265526
dc446ef3f2d3d622_R,48,R,1,14.602433,0.008250780080225091,920.6076319278009,1031.9691213337894,2160.934080962801,0.05938974459792123,0.00016299454728141427
523bdd2c6a01d271_R,39,R,1,20.903483,0.000556610974891583,1010.4999399327802,1073.2681244726318,2348.313264525994,0.06951661649464831,0.00045983950258232653
6123753aed622bf2_R,10,R,1,28.5,0.019084304645519586,832.661407041234,928.7928638726911,1800.0315656565656,0.057673633031705945,0.00012630096171051264
a3e328e56033bb67_R,27,R,1,12.3,0.01154907708713799,1120.1330489449522,946.516311728055,2197.159090909091,0.11031985592532467,0.00030431748018600047
01752788a02409a9_R,02,R,1,26.7,0.022563408264311448,895.2479521181021,852.336235935397,1672.3334580838323,0.08002491111526946,0.00012166140368208289
172ceb39efda67ca_R,08,R,1,13.8,0.008533412334404368,893.7400518567331,982.7022031756832,2013.3282696759259,0.06308661566840278,0.00014255459245759994
fd094de879407b61_R,48,R,1,18.4,0.008812562937721521,900.7220156928399,1029.465374001689,2137.2341579861113,0.05498080783420139,0.00013008719542995095
ac2fbd08e489d09c_R,02,R,1,46.4,0.027169575702453975,898.0052958343107,926.2924150528844,1867.69900068918,0.06989219449948311,0.00014678800653200597
5383be85c2fa093f_R,20,R,1,13.8,0.001134915959010375,926.1041252470068,1027.6328627033006,2159.8849826388887,0.0631702564380787,0.0003727955336216837
e4921d8360003618_R,09,R,1,40.006667,0.010172298691900786,1008.8942837182221,997.2117794397421,2150.904276578737,0.08027406200039967,0.00018917908892035484
75676e1dd3a1a1c2_R,08,R,1,0.8952,0.008367006370919926,904.1714503049453,999.1134802622389,2030.6919642857142,0.0584716796875,0.0007486097747460008
0ec70fd7b78daa16_R,20,R,1,15.3,0.0013370558309877686,791.5590375611762,939.2155895343138,1756.0510177453027,0.05032966629697286,0.00021599790488835424
01d3020ed2b1a693_R,28,R,1,20.303383,0.000697441372338084,983.8016690834228,1070.618026729861,2306.902066929134,0.06372493233267716,0.0003934934502467513
c49feb98a75328b4_R,19,R,1,16.2,0.008574954740698493,936.1471071326409,1058.7138909732819,2241.278353057199,0.052046736316568046,0.00011063190322602168
1c62ad8902273fb5_R,43,R,1,30.105017,0.007353661037804511,995.3983342195678,1072.3947672774057,2328.257837407014,0.06380865601753453,0.0001431884738849476
05fac17154b13bae_R,09,R,1,58.1,0.007937695122794769,1016.8555090900769,991.8067334708571,2137.110235407489,0.08164514213931719,0.00019543016969691962
122cc7bf3ec912b1_R,49,R,1,16.5,0.00997438381306215,933.8825532824176,1028.9060019694355,2143.531976744186,0.060531734496124034,0.00013330478395801038
ac3d87c6625df394_R,09,R,1,16.3,0.009203429378752567,1035.7727322403362,972.9249990896733,2099.954044117647,0.08711799172794117,0.00022959019406698644
2f7edbf6ee23b753_R,49,R,1,20.203367,0.0071653036273446515,985.7244511933858,1073.879713637925,2316.8883504746836,0.06291488454311708,0.0001653420040383935
ea240708e02ba617_R,44,R,1,23.40195,0.00032233668868462213,1262.0651695010013,1115.9117277499126,2673.337175546448,0.11843421810963115,0.0011916313087567687
2e8d6952a2073daa_R,06,R,1,48.708117,0.009350716433678892,947.51226222047,993.3482554213065,2081.767071569271,0.06999221571323047,0.00015150995750445873
dd4a0c98903256bf_R,09,R,1,32.9,0.01142125982136075,1032.2927793388587,968.2449663777912,2088.7998056365404,0.08655959593658892,0.00022272669593803585
9dfb58e195e03511_R,45,R,1,38.9,0.006601193635756205,1137.1348862511454,1097.8776760045248,2511.4681846217104,0.08218745181435033,0.00023170206986833364
056c62f5b6d3c6fb_R,02,R,1,13.9,0.02614376371730429,862.5825959706522,859.0283139715547,1617.1875,0.0740032327586207,0.00012389714538585395
49148dc7d07b824c_R,48,R,1,14.3,0.008962830463891285,891.9634010805271,1026.361642530347,2119.756711409396,0.0527824384787472,0.00011040984827559441
310d03d2df03ffea_R,46,R,1,20.70345,0.0045135593808556815,1176.553360079745,1102.8735411357052,2566.726236476043,0.09788944769126738,0.00032176950480788946
ce9138de60a055e3_R,45,R,1,52.1,0.004935426912041513,1169.1931230766659,1105.5442228962627,2564.7972298956415,0.09092702098680172,0.00027964997570961714
6d0709fc7cf3f8af_R,06,R,1,81.9,0.016467929937809565,850.5577470675249,965.6896927265418,1891.8609619140625,0.05759696960449219,0.00012234518362674862
05ccf816ae596326_R,09,R,1,25.404233,0.008701659623037964,1020.9867833318957,991.815125416853,2142.927424433249,0.08293832159162469,0.00020970437617506832
23cfb3d1b178790c_R,15,R,1,34.303833,0.0005112908776357107,1054.3309876296562,1089.4918834052469,2429.425139925373,0.07445742479011194,0.0005268273525871336
e2c1f0c8745f6932_R,42,R,1,13.402233,0.003362411224742895,1123.9927614593898,950.579303186,2214.368287589499,0.10633693503878282,0.0005001176614314318
b09b6f582e436527_R,50,R,1,17.1,0.0305931409858794,909.7573984074315,916.3879171979697,1894.8452102803737,0.07007155373831776,0.00012801060802303255
99a688b6009f9819_R,20,R,1,18.9,0.0012889696224166005,910.9430892691788,1000.537954271136,2072.9695431472082,0.06261979827622674,0.0003189411654602736
d25dea21d5b15cca_R,47,R,1,12.9,0.0008245779268750882,962.365279079824,1028.2369141233246,2188.215501237624,0.06683047455136139,0.0004485679091885686
80a2de0d37a70ad3_R,40,R,1,20.987467,0.00050666110667382,1063.8375535392597,1086.376432688224,2429.973323170732,0.07798655440167683,0.000547973089851439
34e70bcfaab54583_R,20,R,1,11.4019,0.0007972926031068333,870.211829169491,1015.4605144650983,2060.1365546218485,0.05262769170168067,0.0002997254196088761
65bbf4f2c1e4b720_R,20,R,1,22.8,0.0013708519191886718,886.6457911307142,995.4546692348302,2043.0399719495092,0.05859238034712482,0.0003109383396804333
735e8e74c8404034_R,39,R,1,31.1,0.0006301273534259589,961.5934020762057,1046.962489336272,2231.9235468106995,0.06306262860082304,0.0003721346438396722
06e088c504b131b7_R,28,R,1,17.4029,0.0004755889526808526,1076.1590546242535,1087.8852010527373,2440.171185661765,0.08204291848575368,0.0006970730610191822
ccdc01a2e11598a3_R,13,R,1,35.4,0.0005652174129231318,1038.0151241603282,1091.5217779322866,2411.7759146341464,0.06896189730126467,0.00046113223652355373
5001f8b72639c2a5_R,20,R,1,13.527467,0.0007526077053274972,897.2429537683566,1012.0173772819096,2090.794917257683,0.05896428967198582,0.0003492491669021547
0cc5d3d89a95b1ee_R,40,R,1,24.8,0.0005890635915465664,1044.3592612470409,1076.0343300032605,2383.9400773195875,0.07612153672680412,0.0005339841591194272
582b62a378700a7c_R,39,R,1,20.9,0.0005817630793263602,984.4837393420713,1048.6109375661017,2265.5891628440368,0.06926874283256881,0.00045697332825511694
f722552a9d755d4f_R,01,R,1,21.1,0.007503204585337952,1129.4799487802945,981.7726858762009,2226.171875,0.10640832149621213,0.00029087107395753264
b0f0be229865e215_R,16,R,1,14.502417,0.0007570480085956405,948.2771806259749,1042.7801904130472,2208.1669878854627,0.061256711178414094,0.0003893829125445336
5f196a04008c8bd3_R,15,R,1,16.002667,0.0005000607192072012,1059.9579252330236,1088.9477966816753,2432.8530439121755,0.07669816616766467,0.0005503493011929095
230d24778bd79ce4_R,45,R,1,10.901817,0.018197521242851327,1032.0571146045988,1084.03098187817,2378.390762463343,0.058300208486070385,0.0001957723288796842
2960872d2fbd6a95_R,47,R,1,35.4,0.0009013672661868484,926.5329706137161,1012.6102406651971,2108.789238934056,0.06424625606933153,0.0003886512422468513
e1fbc2a186cfed7a_R,33,R,1,14.3,0.008950437555365131,924.331532058815,1048.558119418209,2214.2058165548096,0.058494345987136466,0.000129398686112836
16d5b31ebd1bebec_R,38,R,1,32.805467,0.0004959046872668123,1062.166341080616,1086.111481968368,2425.7127192982457,0.07982779757553607,0.0005767715047113597
37d2fa6f1c6c648f_R,39,R,1,24.16635,0.0005978395390020877,984.6720845130379,1070.2710668813052,2310.908564814815,0.06341907965443122,0.0004235078813508153
6d3b5002d66cc60f_R,08,R,1,29.2,0.009114169950221282,891.6514103667946,969.8716461356012,1976.5453860898137,0.06317546464266155,0.0001383104536216706
48f947f4d493e5e0_R,30,R,1,33.205367,0.004980175780544727,1099.3173446533776,914.4741442809363,2089.15883911368,0.10794261425216763,0.0003497528668958694
bcf7d522e5bee5c4_R,50,R,1,41.806967,0.020268837760668654,863.6439247634347,940.3970569822728,1873.6251912777352,0.05943021650248661,0.00012447098561096936
68000e64c8666014_R,30,R,1,22.303717,0.004064456876753832,996.211401790357,956.4216302728215,2060.0452833572454,0.08374548847740315,0.0003813297371380031
74e185beba03095d_R,36,R,1,16.8028,0.0006809589187120607,918.0101401088378,1023.0350216195375,2145.3184410646386,0.06350719611454372,0.0003437211853452027
5f22751f9fc84e97_R,27,R,1,15.6,0.01346051425011307,1113.7213900035906,938.3492341608992,2163.0058913934427,0.10926693775614754,0.0002512118371669203
506484194c6a8612_R,09,R,1,29.6,0.008565029388364913,1102.0685100582916,984.046821405577,2173.5792386609073,0.10066503273488121,0.00022940972121432424
0a02383b1b35d461_R,20,R,1,15.6,0.0017158352643347515,890.3232815433857,961.7602923729258,1962.826588114754,0.0647703076972336,0.00026531179901212454
f257998036d01bfe_R,20,R,1,16.3,0.0021190012754236333,852.2967524861718,935.364628633902,1838.9705882352941,0.06021082261029412,0.00022936606546863914
5e1ed00e2a808ea0_R,47,R,1,20.2,0.0009432223875079969,930.5416682401116,991.6317162483994,2063.85977056962,0.0685084862045095,0.00038964903797023
1cffbe88b75edc25_R,49,R,1,18.0,0.007278267762871763,985.0173687622175,1075.4076983664909,2316.66296625222,0.06163531721802842,0.00015005278692115098
0a0a330f6ce4b4b3_R,39,R,1,13.8,0.0005898407684468993,977.8490480226957,1052.379336364881,2269.097222222222,0.06721327039930555,0.00042376667261123657
4af68d7d8b7b4746_R,45,R,1,22.903817,0.009264789008553972,1073.1929065439815,1089.072868359168,2431.0732367318437,0.06815069614175978,0.00019665526633616537
4f0eda210834b17b_R,43,R,1,39.506583,0.016260497607098884,981.8705758645716,1074.2454065433278,2315.4288967611337,0.05991507464574899,0.00013687575119547546
0dd0afc0815326f0_R,15,R,1,24.004,0.0009465470575014993,959.071735844855,1046.4017218941246,2231.503828229028,0.060190579227696404,0.00035106684663333
b51bdbabac57b81a_R,08,R,1,26.204367,0.016293181137100904,850.0012190120801,941.4943830914023,1853.546626984127,0.05991550766941392,0.00013439430040307343
69e6c0cf69a9c497_R,21,R,1,28.8,0.007215258181141185,1078.4435721384923,966.3732284467469,2146.9981270810213,0.09736360640954494,0.0002622156171128154
55044d005476c2d9_R,43,R,1,23.2,0.007604663040174751,976.9005800036309,1073.8062609205124,2312.833591597796,0.057335383307506885,0.00013821132597513497
9cae15b7648abaef_R,37,R,1,20.4,0.0006366147318522851,1081.3374615175887,1014.1254010983257,2274.306916144201,0.08986364860893417,0.0005962331197224557
ca074ffd232de234_R,09,R,1,18.5,0.007092463715683277,1018.2955134145183,1004.6245073500581,2175.936420552677,0.08047532788212436,0.000213969629839994
f45e79d1d1964e6f_R,20,R,1,17.6,0.0014160315637970484,930.6493005802907,956.3967236556339,1957.4069872958257,0.0710152350839383,0.00027031448553316295
c9ec1b6a6951b7fd_S,18,S,1,15.4,0.013131017858384001,501.44249220997193,757.5459421223085,1042.774247925311,0.023114342907157675,2.7168131055077538e-05
9b0ebfc9eac6b586_S,28,S,1,15.1,0.005949965238015257,321.37214237754273,557.6554001750189,481.85911016949154,0.016005693855932205,1.0430278052808717e-05
501c5ce0e493183c_S,27,S,1,13.4,0.04426885891608078,662.8686959640635,817.7818220013729,1311.8846957040573,0.03587177431384248,7.991347956703976e-05
8cc35280ede86d68_S,26,S,1,34.8,0.026767987696607463,560.1980688088042,772.6344060473315,1141.5153952205883,0.02404964671415441,1.8469156202627346e-05
d7a52a36b0482056_S,09,S,1,19.8,0.01846962013150822,434.52058958230833,758.8143816388232,867.4020597738288,0.016337306896203555,1.433620673196856e-05
69a930621295f0c2_S,13,S,1,12.7,0.0036079908319453227,268.2405883862377,524.015845353487,292.860516372796,0.015554894127833754,1.2655366845137905e-05
c2a6e8ee1d078447_S,33,S,1,13.7,0.019363280098459112,304.29072461690157,596.4110652035489,423.67788461538464,0.013808457167832168,6.89289981892216e-06
67dfb903f42d5971_S,30,S,1,21.4,0.06708937644832842,498.4765324418148,715.2440226266027,1016.8161434977578,0.025965760463378177,1.790526948752813e-05
af8e52b685560412_S,38,S,1,24.4,0.017897871612023136,341.5232666198755,659.8527002979437,545.6258191349934,0.013218790956749672,9.516123100183904e-06
7c90540db3e204ca_S,50,S,1,18.5,0.03282820040176563,355.8837228344578,631.3481109201603,599.2147020725389,0.013903787510794473,3.032675158465281e-05
d16de822d568eb6d_S,37,S,1,21.6,0.012443389218791427,550.9276247847466,805.723422671273,1284.8095414201184,0.025591427052514795,2.3607743059983477e-05
6a49dbf33714562a_S,33,S,1,17.6,0.01882958630156528,507.9272629007682,820.1668001588657,1050.915948275862,0.02318228221415608,2.1841655325260945e-05
bb459434f95b7493_S,20,S,1,18.4,0.009900423185841918,387.70662431025335,570.3414770677653,634.8198784722222,0.024376763237847224,1.3219718312029727e-05
61eb5b7b00260a7d_S,33,S,1,37.9,0.019345977984100825,310.28963004471615,613.5492989300249,428.03270042194094,0.013555676424050632,1.1500370419526007e-05
e682d0becfb558a0_S,36,S,1,58.2,0.008603123423732775,280.33302085883355,435.80344482137923,423.116238317757,0.018599784393897745,3.5061325434071478e-06
afd4c798a0d3ac94_S,14,S,1,39.0,0.013186404522099085,343.3670830367236,663.7848909807082,510.3504409351928,0.014611986643765382,7.0399619289673865e-06
17475ab816e5b869_S,48,S,1,14.8,0.012973264210784069,247.41460425309947,433.3731621959962,334.1657667386609,0.01660472630939525,3.52000497514382e-05
ccd19a080f3eff7e_S,10,S,1,36.7,0.02020100442400381,387.980262984202,658.4937499371239,647.8926002615518,0.017968494578247604,1.0970564289891627e-05
f58fa4e1fec2afe2_S,36,S,1,36.5,0.008450771762588532,267.9851791883224,433.4869493128146,398.9784180543383,0.01784216490468887,6.495944944617804e-06
1562777ba70f2aa1_S,33,S,1,21.1,0.021661713171898113,302.7333034642439,598.5477082997281,427.0714962121212,0.012892104640151515,5.402880560723133e-06
b2c782feea7ee907_S,20,S,1,13.1,0.008758746118240037,257.9146026692402,412.398688695973,388.4336890243902,0.018465367759146343,4.578110747388564e-06
aa149d0c3a1c26ca_S,48,S,1,20.3,0.013530794869669833,265.0067613379104,447.8754517180533,359.2273622047244,0.01915523499015748,4.301999069866724e-06
4922ff37c6252b85_S,38,S,1,20.1,0.019336159177455455,307.315471241645,626.2337609533905,414.63384340222575,0.010582273449920509,4.009470558230532e-06
6dad196f7869e9df_S,26,S,1,18.1,0.04803980963130334,663.9893310630982,857.7981711156485,1388.195671378092,0.02901650149072438,2.6178464395343326e-05
b07951c0e741fae0_S,21,S,1,18.6,0.013871266234527873,451.8350376692919,729.5396907587698,988.4826030927835,0.01933241382087629,1.3198196938901674e-05
a218e5b75f5f4004_S,28,S,1,20.7,0.006956518050363041,531.4117451342278,665.7479787191465,1007.4381761978361,0.03653656902047914,2.853523983503692e-05
618653378da48e58_S,30,S,1,27.4,0.06297803530690871,571.0341642021863,777.4677101033637,1163.5519982497083,0.03018911355017503,2.374235373281408e-05
9cb5abbb019695e0_S,45,S,1,26.4,0.0020616981258959276,325.2956468068511,647.6176509829136,369.3818099273608,0.015799386160714284,1.6122759916470386e-05
e484373f4084b1f3_S,19,S,1,33.1,0.014740693247533132,538.0607207971807,811.87098384911,1222.1014492753623,0.022321765549516908,2.5369943614350632e-05
dac480920f9895fd_S,42,S,1,29.1,0.04603014180347366,889.5712608090167,1004.975551856734,2011.9677197802198,0.056924472012362635,0.00010670693154679611
acb21468f4917685_S,37,S,1,40.1,0.012463188646257084,549.5372926636144,803.8462130896825,1269.6807715311004,0.025674092902711325,2.0877567294519395e-05
5ff1a534003d71d4_S,46,S,1,29.7,0.0009357276058924458,389.74958077649904,749.667530997705,416.63583153928954,0.019051903928955866,4.624342909664847e-05
0ab5ea69ffc45ce6_S,48,S,1,25.6,0.005766872641526015,243.50679886690378,432.82569903698294,325.0624219725343,0.01710935061641698,1.136769697041018e-05
f9c69e682687a0e6_S,02,S,1,25.0,0.025870242716766217,846.6093825606529,907.8662787920166,1729.479699488491,0.0634622012867647,0.00010338373976992443
aa8e4a9c5db4db86_S,06,S,1,62.6,0.015652871691239228,444.18401959807414,697.0812007254076,926.8331630045989,0.017017237800204393,1.1469584023870993e-05
98a19badbdc5111d_S,21,S,1,23.4,0.014014484241023785,448.81180446266256,725.8334059650165,977.1601775956284,0.018953583931010928,2.2023152268957347e-05
11ad44280e6d3a80_S,27,S,1,13.5,0.05661122031343683,741.1045396828036,845.6024095005636,1451.2181575829384,0.0474292339306872,7.696605462115258e-05
c6548b2c70c408ee_S,42,S,1,14.0,0.016247248831663296,633.9779891334299,847.1831989116453,1429.27725456621,0.032919966466894976,3.38974132318981e-05
8f9aa29d6106e05c_S,20,S,1,24.2,0.015504548366406258,342.94835606873255,521.7604022589292,557.2366248348745,0.02177463465984148,5.493500793818384e-06
b081394045050eb0_S,36,S,1,44.9,0.007103812676202473,260.7446544831892,417.8067475482211,390.73628917378915,0.018799523682336183,4.28209295932902e-06
e5aec8155e36d542_S,07,S,1,18.2,0.02082745101500903,737.4336437940369,888.5704838569764,1663.51329086116,0.04934215042838313,5.393744504544884e-05
5b3f78fe2fb82722_S,38,S,1,35.7,0.02031726929056771,312.69024752292745,627.9123020083535,425.480230734767,0.011958077816980286,4.2650253817555495e-06
64a043aa8db8113e_S,49,S,1,13.3,0.017493827019993413,306.60589427679616,657.5046659031619,452.52403846153845,0.009370070237379808,4.380088284960948e-06
aa8d355a905fd01c_S,26,S,1,19.2,0.015729620790028154,628.7761674919358,839.7845207629833,1317.543677204659,0.02677909863768719,2.372693234065082e-05
75809bbcc5853ec4_S,30,S,1,27.1,0.06483790167412658,486.7888118086576,727.7968816204025,1007.9877508854781,0.022997066853600943,1.766042441886384e-05
9302ccb773a7fb40_S,02,S,1,26.9,0.0035895219285150717,800.7562732948123,873.9419874948096,1549.132357312723,0.05977816587395957,0.00011396257468732074
17891c0aa39dbc3b_S,33,S,1,16.0,0.022798459339627562,292.0733980510838,579.503393209766,424.3700099800399,0.012523780563872256,6.0804995882790536e-06
cadf0890444e1cf9_S,50,S,1,37.6,0.02089243886890359,348.7929935188998,635.2730772171333,593.4311224489796,0.013563921662414966,6.533058240165701e-06
733c9c3c82da9d41_S,48,S,1,25.8,0.005830017280779386,248.44814607577976,438.1619436685788,335.92781908302356,0.01695733619888476,6.302761903498322e-06
63b75e0c96616661_S,40,S,1,13.9,0.004512503230720681,255.6064316624289,487.67299401009194,316.98994252873564,0.015141208692528735,1.5485718904528767e-05
e0cbb7ccd6ccca28_S,30,S,1,21.6,0.018642671725318142,416.48698263737174,696.5477298988087,840.883875739645,0.015470425758136095,2.4739803848206066e-05
6c5664abab3b0213_S,38,S,1,18.0,0.01794342788668523,307.45254811556373,634.8046126440495,405.8059502664298,0.010736116507548845,5.203503860684577e-06
14054938bcc4fed9_S,32,S,1,14.5,0.006689182141614567,264.944291484679,456.3136972519068,365.7420154185022,0.01691991327092511,2.8358062991173938e-05
b5011e85c182cda8_S,32,S,1,14.1,0.005992956850320989,261.6554869739327,459.0941257272322,359.60530045351476,0.015860836522108842,4.063121377839707e-05
a31b077e08b5a5a6_S,20,S,1,25.9,0.0100065402030929,397.0573962614221,570.7113720757336,671.9810956790124,0.025501543209876545,9.616334864404052e-06
467a37cdb3831b1d_S,36,S,1,40.4,0.009485629217323918,272.6850713253701,430.34167092903596,401.5055918448139,0.018731365672011085,3.037596798094455e-06
0e4d394cc204afb7_S,26,S,1,25.7,0.028429302234360777,653.0642963164586,837.178868802286,1320.6428793532339,0.02992666064210199,3.0573537515010685e-05
0f7d206539f4b57f_S,27,S,1,18.8,0.016511379580061526,671.9725696959259,833.2362696005106,1324.8697916666667,0.03712681361607143,3.666628981591202e-05
22c8fa656b7cc990_S,30,S,1,27.1,0.019730759642794613,434.1836861695566,703.3326346548347,874.0499557260921,0.0181471138946281,1.224377137987176e-05
e11daf072bb31192_S,41,S,1,24.8,0.006524187940590319,255.81194659912353,490.4924283661445,306.09697164948454,0.014657875926224227,4.364168034953764e-06
6e0a527e2becc5d2_S,36,S,1,42.0,0.007472388744000241,285.2272578921023,437.1929238130956,430.4134139375476,0.019525299885757807,3.836185896943789e-06
5f41484717111054_S,37,S,1,15.8,0.014443622859750075,589.1137080399595,839.2041288191778,1389.3440030364372,0.027560214764676114,2.7652387871057726e-05
fe77ed79827244c8_S,38,S,1,29.1,0.020744124412647103,335.4606487423909,643.736758179082,506.99690934065933,0.012944818853021978,5.975362910248805e-06
265ffffea913e5cc_S,39,S,1,27.8,0.021448276261243803,271.08955900359916,597.0062899616319,363.6004027617952,0.009418939693613348,8.979576705314685e-06
a7c4cb8f169b90f8_S,27,S,1,13.7,0.0341469157692486,628.8717994386512,793.8188930822771,1217.0017482517483,0.03489674388111888,4.7803670895518735e-05
211eb049f2407121_S,02,S,1,36.6,0.009287443259324644,872.0201107883802,901.017119494229,1762.4972683566434,0.06848912805944056,0.00012911776138935238
0baeabc3c28aa1d7_S,30,S,1,12.7,0.01958641206539153,446.3878524832053,714.9096247717212,916.8175377833753,0.01743545340050378,4.146990249864757e-05
e1e7720c1bafc6e7_S,45,S,1,34.2,0.0010698064953943097,367.0799165527191,729.650217680011,355.2239242282507,0.01752605384705332,3.0252858778112568e-05
a173455fdf03957b_S,26,S,1,17.1,0.03374063056612425,499.7745595645264,737.6040181829737,1020.8382009345794,0.0189982476635514,2.9417287805699743e-05
472358b428ad8651_S,40,S,1,11.7,0.004829313475969346,249.88689935586552,478.4267050149945,308.9139344262295,0.014993969859972677,1.303690532949986e-05
39d9215eb8406223_S,26,S,1,36.7,0.01623194193299696,627.3517294756815,842.7511006586317,1334.5548169136878,0.02374741172624237,2.4234088414232247e-05
e2f320959ec6e103_S,16,S,1,16.0,0.00456060564812551,234.79928831464147,489.2321979037248,247.48939620758483,0.014012989645708582,2.393559225311037e-05
ea02c4f820764103_S,02,S,1,31.8,0.0034410731284161573,812.4480392998902,876.4068326579156,1606.3804703219316,0.061644279740945676,0.00010670562187442556
85fa66793023d1b3_S,36,S,1,92.6,0.007851166817007146,289.60953058074415,445.5318047041912,435.35385711817554,0.019453637914651004,4.217379682813771e-06
cbf4b4ef0eba1623_S,45,S,1,25.6,0.0062230861466567285,302.700204777131,635.8920069632776,309.5739700374532,0.01261240831772784,2.098174263664987e-05
901bfdf6344f2ff1_S,39,S,1,19.4,0.02182852263786189,264.7267347221322,590.493232052027,333.82670922570014,0.009072217359967051,1.624605465622153e-05
115d1d1261f1085a_S,39,S,1,14.5,0.02159168245491746,270.54402289938787,591.5263486859002,354.7632158590308,0.009944159553964757,2.2301488570519723e-05
302c53740a4f96c1_S,37,S,1,19.7,0.01248079125438946,516.9973773181572,784.901752098831,1187.1195211038962,0.023187018060064936,2.3530317776021548e-05
563a7592a246ae7b_S,06,S,1,41.1,0.015608598184255298,442.8416573010462,714.0188936380798,890.2176556420234,0.017070844479571985,1.3152041901776101e-05
d12eae0eb907c95e_S,26,S,1,23.0,0.048152044619876454,553.2020408203874,780.7503439754427,1095.1516863699583,0.022593364264603615,1.7433198081562296e-05
846325bf5fba5aa0_S,42,S,1,12.0,0.04063479889948934,627.3409698126346,817.6650154187561,1350.7106050531916,0.03412384682513298,3.932020263164304e-05
bf661d9ff792f816_S,31,S,1,12.5,0.0038331383249973375,255.95488042011468,516.1724587980493,276.8342391304348,0.014260060342071612,7.468731837434461e-06
95d6d100ad222af0_S,20,S,1,15.2,0.008298404034778186,384.49833351810105,581.2394952122256,602.4980304621848,0.023908342633928572,9.273479918192606e-06
05307b1b76b86c4b_S,30,S,1,36.4,0.022608357068755146,471.07374407007745,727.094665241881,973.9812170474517,0.019899820820518454,1.84865748451557e-05
90cc6967334b0b16_S,37,S,1,24.1,0.012214883817705547,561.4487069754692,815.5880208281133,1315.8881797082229,0.025763635610079577,2.7651331038214266e-05
f4f518a2397a288c_S,27,S,1,11.4,0.024998552935832693,668.8663556678073,837.5011157341752,1368.609943977591,0.0380531118697479,4.8225399950752035e-05
19796db854b9c598_S,26,S,1,16.0,0.022610333224010678,570.1464627793846,777.1954692640949,1139.7049650698602,0.0234375,2.8771763027179986e-05
bab2fd097551e14c_S,08,S,1,12.4,0.019950397637413818,471.2782741535874,729.2602296653449,962.0046713917526,0.02094701393363402,1.587916267453693e-05
e9f22506fca41dd2_S,48,S,1,28.1,0.005680157037549846,273.66327378027506,463.05353197373057,369.14284698521044,0.018659120804891922,7.0528708420170005e-06
15cd1b8a26812796_S,26,S,1,13.4,0.016899512622910663,482.5748222120209,720.7853063434688,1032.3873806682577,0.015302198314439141,1.1698479283950292e-05
d46e29ab5e2de698_S,15,S,1,66.5,0.01561722238237297,315.20047850487265,638.5403785610825,423.8891895141895,0.01283763979076479,6.434160241042264e-06
6a1df182e7f5b87a_S,49,S,1,18.0,0.018669701405229056,309.3464536722694,646.1900318909805,475.99356127886324,0.0090770009991119,1.3265092093206476e-05
b4a73fad9e563906_S,26,S,1,17.6,0.021600963572632418,572.3378833494439,801.7984615754476,1191.1864791288567,0.02353320666969147,1.8372005797573365e-05
1f90d66be700fa01_S,33,S,1,14.6,0.024173989688299362,353.05302283435236,659.4187821917702,498.9742888402626,0.01689645445842451,1.4160084901959635e-05
be8d01bc4099bf51_S,09,S,1,37.8,0.013234005939850114,475.5281759652693,793.759404649099,992.9475994077834,0.019123935860829104,1.533641989226453e-05
e1a45b0a0839f947_S,45,S,1,18.4,0.0014503981623146462,342.3534248158884,715.774555676375,335.6662326388889,0.013648139105902778,3.268051295890473e-05
ccc9dd817957acd5_S,39,S,1,14.9,0.023919719380580653,267.0516258477978,591.9980469769796,343.7332349785408,0.00826410776555794,9.227227565133944e-06
34d28ca27da43c77_S,46,S,1,50.6,0.001453168890597077,348.4357461365034,706.485581809512,341.64625474083437,0.015108631775442478,2.85290225292556e-05
68df1eebc8e41d56_S,37,S,1,24.6,0.012746448135893262,507.307793296499,776.5747389978319,1128.0376300390117,0.022403156493823146,2.2566602638107724e-05
9c61394093a981b8_S,27,S,1,23.9,0.04868987972450837,743.9833793495047,849.7109307753399,1507.5510374832663,0.0461965047690763,4.520743095781654e-05
df897cd45c5f23fb_S,45,S,1,26.0,0.007975171758654656,277.26799151255267,557.7396183480117,282.05719557195573,0.014232227283210332,1.6078627595561557e-05
d88f915d97a94813_S,38,S,1,23.8,0.019614149259601536,338.80457702959956,639.016860447813,510.47967069892474,0.013687626008064516,1.2671575859712902e-05
fc0dd50fed7dd1fe_S,13,S,1,14.3,0.004496351905133365,239.28848939939996,497.64608382422506,257.41051454138704,0.01356591687639821,5.1241171604488045e-05
55defe77f47f2e00_S,39,S,1,18.9,0.023059563717265655,277.3123110621248,587.6443001990065,411.35258037225043,0.009894511421319797,6.43622570350999e-06
b1c251a2b6ed7974_S,30,S,1,17.9,0.018884521658455868,428.8869962708219,712.1664198648668,881.5011160714286,0.01676112583705357,1.7930860849446617e-05
df5f67249a36129e_S,48,S,1,16.6,0.005758456877253665,251.94992541575823,438.45092588698026,343.78010597302506,0.01729117744460501,1.1422098395996727e-05
e5e35e23e67a5f1f_S,37,S,1,20.7,0.013273588725538504,534.2897214870419,795.7524408600111,1243.3104714064914,0.023894084476429676,2.7884900191565976e-05
da553e7737b577a5_S,33,S,1,28.1,0.022500504550039397,293.7861105263938,575.2377484746875,421.47504266211604,0.013138598549488055,4.866681592829991e-06
11a4731706c96924_S,42,S,1,16.2,0.013937598987634832,632.101922779912,853.5829702953131,1450.289694280079,0.03131067400147929,5.5271488236030564e-05
e2c1f0c8745f6932_S,42,S,1,13.4,0.0316669476122858,623.1884076397367,814.5587861594607,1385.1991348448687,0.03242700253579952,4.416702358867042e-05
258d826593b8635b_S,26,S,1,15.3,0.04148724720641189,532.6426224162399,772.3886189028074,1034.7892745302713,0.023111299582463465,1.4925317373126745e-05
370c677a188de4fe_S,09,S,1,29.6,0.014729440986031014,468.1214034518841,781.3006422747186,963.2238795896328,0.018465046233801297,1.3251896234578453e-05
16b35bb19a3feac9_S,33,S,1,32.8,0.02026637291460457,316.1131559839519,632.0046605444153,441.52808235867445,0.013199774610136453,4.707894731836859e-06
dc6251fb2ffaca3d_S,26,S,1,25.0,0.029042286310804268,652.3990764006996,855.3952097572894,1359.2151534526854,0.03177949168797954,2.595746991573833e-05
b2c1c88c4dc1381e_S,41,S,1,35.2,0.004080066595850568,252.84958110667554,505.8572299908028,280.7745799273388,0.015053342841734787,7.296145213331329e-06
83e46917285f9e4d_S,48,S,1,20.9,0.005679186738009857,256.4748890725491,439.87472877462204,353.2468463302752,0.017803600439602447,4.394629741000244e-06
4ee3b32a06e6efea_S,46,S,1,26.4,0.003548000816395859,356.3986690053085,704.2845670851096,358.67509079903147,0.017192702027845036,3.117180312983692e-05
0df8ac7a130b8772_S,42,S,1,15.1,0.0387498097134241,720.301930712855,891.505865086836,1648.1230137711864,0.04315082097457627,5.437619984149933e-05
8dff5e7f1e9c31fd_S,48,S,1,29.1,0.005889771947654474,246.26866024608893,432.3809926470941,335.0103021978022,0.017232572115384617,3.964098141295835e-06
0a8d9271f4e4188f_S,47,S,1,10.0,0.015242123767334385,370.04383594827567,653.4678578294312,691.3688099041534,0.015160118809904153,1.3154711268725805e-05
4198913ef76d7b0a_S,37,S,1,17.4,0.01314072986680867,552.4524099618164,812.6432844998201,1287.942325367647,0.02512673770680147,3.3921336580533534e-05
1e48e07e41e62e5a_S,39,S,1,20.2,0.020383212265520402,276.320671708104,599.6303556707298,369.9317642405063,0.0098822871340981,6.090206625231076e-06
840cede417d56712_S,46,S,1,19.5,0.0019678434906018932,295.90767176315785,654.6008047380412,235.75819672131146,0.011098392674180328,1.729492396407295e-05
6efc902f85bb9315_S,27,S,1,14.1,0.07855661286576915,688.1041667729024,815.8224883698442,1305.9452947845805,0.042312172264739226,4.342776082921773e-05
367bc7bf88aa4179_S,33,S,1,20.3,0.021794790164061915,300.5055758139237,582.0844903446094,423.1053149606299,0.014158618356299212,1.8382301277597435e-05
b5bb0defe7f4752f_S,46,S,1,24.0,0.009434583347988421,321.0091339497322,635.0059740294439,346.34029627163784,0.014307095747336884,3.0890216294210404e-05
7014ee850465c382_S,26,S,1,49.9,0.016657056886492813,568.1675400511992,807.8398446593944,1203.761017628205,0.01867707081330128,1.5087680367287248e-05
4a0afd2784d37852_S,45,S,1,12.5,0.0027262646642177615,261.24127706340323,614.3830209528211,207.22106777493607,0.00918243486253197,7.473523055523401e-06
400e21721a46626b_S,32,S,1,15.6,0.007147332323585597,296.42440723313257,493.39517778812933,452.1004098360656,0.017740218365778687,3.82274083676748e-05
736c77b6eee0d7ca_S,06,S,1,23.2,0.016055154535106583,441.48963798052546,684.3497487856005,906.0670626721763,0.01861790848829201,1.4953943718865048e-05
7b5d5b51cc1176a1_S,19,S,1,27.6,0.021816280518860646,517.7763888385894,802.224069931363,1161.3828939745076,0.02014683516801854,1.9513474398991093e-05
a044d8828af5b2b8_S,10,S,1,18.2,0.018597939889893042,367.2614934737016,626.0670798706878,580.4728690685413,0.017891345836994726,1.9234825231251307e-05
9c4323290a6273eb_S,26,S,1,14.8,0.03113130090391838,571.2199700832018,788.3847100886177,1169.2933315334774,0.023457537459503238,5.1404877012828365e-05
61a575850e7f6cea_S,30,S,1,20.2,0.025715786784462593,439.45420808385614,705.1339485214381,896.9417523734177,0.016329608386075948,9.5280220193672e-06
75676e1dd3a1a1c2_S,08,S,1,0.9,0.015310976467242148,442.42915665691254,717.9605691084967,854.5258620689655,0.019834321120689655,0.00011684159107971936
e23f7955cfdf231e_S,27,S,1,10.4,0.016205613212047505,696.0943829834927,862.1298968493797,1440.6633435582821,0.03692664398006135,7.034174632281065e-05
9e0889bde860fdf0_S,18,S,1,12.9,0.016338151773719653,458.21238180862235,735.3990032297697,946.1440284653465,0.01679735844678218,3.0434952350333333e-05
d66fc89ee346b4f1_S,20,S,1,16.5,0.007258534631867439,261.6701637516458,423.3597017390509,390.64014050387595,0.018614303234011628,1.6383844922529534e-05
7616e61140737a3e_S,37,S,1,13.9,0.012268241742947607,552.2377555651087,809.2674638324044,1293.0495689655172,0.024735093390804597,6.338255479931831e-05
b42ff42566f3566c_S,20,S,1,19.3,0.014815650313220092,364.0729729610842,511.28735660465986,592.0167632450331,0.026240266711506623,1.1271235962340143e-05
1b42b35bed5a6bc8_S,33,S,1,13.3,0.019114852610402758,302.85919693271677,592.8989306479523,436.2605168269231,0.013582669771634616,4.974949115421623e-05
7b2ba462e92ac014_S,20,S,1,18.7,0.015103165104609299,345.7390609432767,508.04563332631085,550.6009615384615,0.023391593215811964,1.5461688235518523e-05
1ce0fcd8dadb1645_S,50,S,1,28.7,0.018078411363951528,349.9508952353442,628.75616676912,601.9021739130435,0.0143419688893534,1.1367058505129535e-05
fa69edf5791e8cb3_S,49,S,1,17.8,0.020202130490677813,282.9677384597376,628.5280645075185,380.848855475763,0.008296398114901257,9.422399671166204e-06
60c994e5e587008b_S,19,S,1,17.3,0.018018255411508567,490.8431929171078,784.6569052664211,1119.266982439926,0.017178293957948242,1.2582895578816533e-05
6b5fb29177d31dbc_S,28,S,1,37.8,0.004546355472268039,443.84299751303473,643.9784406104719,783.7748519458545,0.02567772776543993,1.6369071090593934e-05
b96eb15a1c7828cb_S,39,S,1,23.3,0.0203190948837707,271.0986285809659,610.9473001493366,332.9153806584362,0.0087890625,3.018260031240061e-06
df031104b56ff165_S,02,S,1,30.4,0.00636410197335629,909.7029186429252,936.9567705892146,1862.2502628811776,0.07284735229363827,0.0001490003924118355
9ca531fd13a81f8a_S,14,S,1,32.5,0.013153237828034521,353.717849669148,662.9706799712474,547.7669783464567,0.015415942575049213,1.0145884516532533e-05
a737c7bf3dce334f_S,49,S,1,25.1,0.01862161431465062,306.95026152795305,643.0409370377811,474.2137738853503,0.009133658439490445,6.106489308876917e-06
ff06ba4e9e02c8ea_R,30,R,0,25.104183,0.004847373116025984,1062.4493866662617,915.6382413361399,2023.1986464968154,0.10034397392515923,0.00032040223595686257
8f872ddb827567c2_R,45,R,0,23.0,0.00941453132958149,1035.3798635706667,1086.5522343419912,2391.418202364395,0.06995936196105702,0.00018897143309004605
acf3209393f3f8df_R,45,R,0,35.4059,0.021638686022877815,1116.8228511617665,1052.9417699260707,2394.3301151761516,0.08982125465785908,0.00024002596910577267
f2f2274c47a2bab2_R,28,R,0,26.204367,0.000614562912618704,1011.0641650446765,1076.0551744897398,2346.287393162393,0.06742096878815629,0.000461961462860927
254a6eb927f668ab_R,49,R,0,21.3,0.00865328663355763,953.5762140955143,1055.5215293712547,2240.533502252252,0.05956664672484985,0.0001391264668200165
5a987ad2f2f2f45c_R,08,R,0,21.3,0.012069805579905921,857.2401045202973,941.2749663404846,1843.2221283783783,0.06226539039039039,0.00010727129119914025
de3d7cbfc3e53dc9_R,50,R,0,15.8,0.008137644421869405,935.4179789196718,1009.0735405698246,2118.674089068826,0.06271745318825911,0.00014242225734051317
228c2ac7bdfabb7f_R,38,R,0,14.6,0.0006893103663678606,996.8345415221906,1068.5014506290413,2319.3380743982493,0.06209398933260394,0.0003905773919541389
e12655a48f0404c5_R,08,R,0,22.2,0.008659826621315632,891.0194731922397,986.0747614750632,2022.1766930835736,0.06229455601585014,0.0001419096370227635
0ca9a7fd8846f145_R,26,R,0,24.8,0.024055008180044486,852.1747553888721,909.816564932293,1768.1721166237114,0.06082184781733247,0.0001611052139196545
8db418a22c91a49d_R,02,R,0,31.5,0.021747324203127562,895.6779074486597,918.708582718626,1851.3721446700508,0.0720539538388325,0.00016085701645351946
11595d360c080333_R,14,R,0,18.103017,0.0069308156049406495,994.4570185563636,1036.5244490669525,2245.9971289752652,0.07526691558083039,0.0001989647571463138
6bf65a311cf41656_R,48,R,0,15.802633,0.01839960286030787,902.2208828618524,995.8323816206291,2022.8365384615386,0.061189350328947366,0.0001361729810014367
8069ceb5217722de_R,49,R,0,20.2,0.014441042758821767,871.2935431384846,999.7064597451974,1993.1393393987341,0.052849491940268986,0.00013130683510098606
437e91076ca56bbb_R,30,R,0,20.2,0.0018372520504564445,1110.4785202257399,967.7976047039657,2209.0709058544303,0.10221997997428797,0.00041421197238378227
d6abe9f1f329be0a_R,13,R,0,23.3,0.000567235212087368,1030.238936905761,1083.7764509107437,2384.7843792866943,0.06996219671639232,0.00047568566515110433
6a2f9f039301f497_R,26,R,0,16.7,0.01662817888318446,841.6929715065099,902.6028429456568,1737.8322557471265,0.05909044989224138,0.00012906454503536224
049a937a7bdb03b7_R,02,R,0,26.504417,0.012201376017337959,961.7922057394356,951.6572022543255,2008.7925965018094,0.07837296912696019,0.0001864286750787869
2ce4cd37f063c012_R,09,R,0,25.1,0.00926357861592115,999.6762955535885,970.8323100338711,2063.0672770700635,0.0800227657245223,0.00018374646606389433
ad316fee066c70f1_R,37,R,0,15.1,0.0008417394809294126,1047.5677987065785,981.3914479289213,2170.0046345338983,0.09438828290519068,0.0006071433308534324
86eea30d82d187a5_R,14,R,0,29.4,0.015216660284308495,1049.6077005426794,946.03808810985,2090.8936343852015,0.09517871412540806,0.00021443462173920125
6e9a56905f89c74f_R,10,R,0,29.8,0.009576557428084274,912.0531239341148,953.3481737642977,1962.9157725321888,0.0681749597639485,0.00015672817244194448
bbcb34854d78ecb2_R,07,R,0,16.302717,0.03235704481989447,1339.480491180967,945.0693277890309,2342.5704656862745,0.1508090150122549,0.0001948448916664347
0ec3243bc9e4b07f_R,27,R,0,16.702783,0.0147934736569008,1207.6681679710264,995.9082770594503,2350.8291427203067,0.12353889786877395,0.00042514936649240553
35a777be32ac460e_R,48,R,0,43.8,0.008084959440966823,930.7319564259657,1033.9282754474766,2180.7660701241784,0.062449352857925494,0.00013991733430884778
6d54f7a0aba3788b_R,09,R,0,25.1,0.007486480500281139,1038.992645444687,1001.8580142017113,2171.666003184713,0.08636357981687898,0.00021859804110135883
3e69551681370a25_R,49,R,0,40.006667,0.007802165265062922,982.7730785511347,1053.9034671529105,2273.4624800159872,0.067373054681255,0.0001699952408671379
f8626b7c61d6de23_R,50,R,0,11.4019,0.012162386321177589,971.6800910359054,1010.639336968415,2162.2680322128854,0.06905008096988796,0.0001982750545721501
6901dee8951be466_R,50,R,0,37.102491,0.007971973289247598,934.4032416981512,1007.0048880793247,2115.4835668103447,0.06455246497844827,0.00015009673370514065
ecb42740ec8b9395_R,37,R,0,27.4,0.0005749755678126858,994.7456590213011,1050.8013818306772,2279.6455659276544,0.07077913050612603,0.0004699169658124447
2e9405115b66bb21_R,27,R,0,17.9,0.036194604203118985,1131.9843746949539,985.2892369870375,2287.3883928571427,0.10371878487723214,0.0002396374475210905
57ca1e3103611861_R,08,R,0,27.850667,0.013901545769382231,850.4104875843968,936.0709943156705,1819.2899684270953,0.06161929983495982,0.00011913474008906633
7270080d9c433d43_R,38,R,0,22.703783,0.003314991926365688,1273.2861791063576,985.6112541526936,2431.646126760563,0.1333344795334507,0.0004270525532774627
4aeb475a653f55fc_R,38,R,0,11.10185,0.0004925672049236334,1058.6978491662346,1097.3578542768555,2445.4701008645534,0.07808700693443804,0.0005674585700035095
d5fdd7f4547ca443_R,19,R,0,18.0,0.0077615294279364195,947.1060927724418,1050.6874291791662,2235.013321492007,0.05876980878108348,0.00013020476035308093
edcc91d79bf9f9cf_R,38,R,0,22.1,0.001617988031229474,938.4485735652333,1002.7806414254874,2096.112970332851,0.06272046852387844,0.0002909047470893711
fc3287c439540207_R,36,R,0,38.3,0.0007862612177956171,874.7667257368188,996.4760035004925,2023.8878446115289,0.057811357821637425,0.00028388958889991045
c34761af2ef9eb69_R,02,R,0,41.5,0.00866272598084912,950.1756618346107,950.9833076273255,1998.735061680802,0.07739803693619893,0.0001696681574685499
2876cfd1b3633147_R,20,R,0,15.1,0.0007140566577122198,911.953184419942,1025.7773979264018,2136.040121822034,0.06066066935911017,0.00033406971488147974
ca8795c43d31301b_R,39,R,0,17.4029,0.0008665840938879809,930.7211035833064,1035.4461368545653,2176.3987821691176,0.05663254681755515,0.00033326807897537947
8627486c3b615091_R,48,R,0,14.602433,0.009597925901662894,909.4398766536568,1015.2434058631927,2099.8187910284464,0.06095181721827134,0.00013772178499493748
c8939d804df539e8_R,10,R,0,28.5,0.012395008660026345,939.6532640596029,998.4226866061219,2096.0911195286194,0.06762448705808081,0.00015682274533901364
b0c8d060744dde63_R,33,R,0,22.3,0.011810348680804333,860.0053483887066,977.4905971160821,1950.7263271162124,0.05813068844153515,0.00011092922795796767
26bd4c2893734f5e_R,06,R,0,30.105017,0.007194573598991444,964.9111831037544,1029.7952412095985,2204.9432120085016,0.06910347203772582,0.00016681563283782452
bc145a11ac81692a_R,02,R,0,31.1,0.020387350927386288,923.7914611810824,933.0719264890918,1921.071244855967,0.0747753504372428,0.00015866081230342388
9b2ec5d418b3778a_R,15,R,0,11.1,0.0013105187232337141,1004.3093050201326,1039.6331540273557,2253.3546469740636,0.07326329475864553,0.0004591318720486015
dd0fd3ed3c3d18a3_R,21,R,0,38.506417,0.007334140576920224,1065.62935912433,968.6338238005543,2137.6920681063125,0.09582032872196844,0.00024310714798048139
3d489c7af7b563b5_R,18,R,0,14.002333,0.007758513517788195,952.8611013430776,1013.7615472172554,2149.1866438356165,0.0659792826055936,0.00016466790111735463
710132ca68f40c4c_R,44,R,0,26.5,0.0015020260262152937,1182.5332410900169,1061.7361130870447,2473.0756182147165,0.11170390719240048,0.0010813561966642737
253fb497950d29d9_R,48,R,0,27.303508,0.008716368480854601,922.6391453789901,1021.8865563350887,2131.7330210772834,0.061232412726873534,0.00016376053099520504
b00461ecade8e5e1_R,27,R,0,10.4,0.0076463653778888864,966.0248061768315,993.7495796170698,2108.7758819018404,0.07247381853911043,0.00022498751059174538
51453fc5fa7b3e12_R,40,R,0,21.1,0.0005093662942054227,1053.0381143123657,1088.679650120665,2423.1178977272725,0.07594031131628788,0.0005347987171262503
b55e9cc80e7fe241_R,44,R,0,20.0,0.0008308974107467615,1180.7715540333231,1059.327669031009,2465.580071884984,0.11121580471246006,0.0010953753953799605
91c72c20c892efca_R,45,R,0,12.632267,0.06578627575146635,989.8872166750585,972.4652819705373,2091.8117088607596,0.07057209256329114,0.00014460641250479966
e190b32375493698_R,26,R,0,23.7,0.027965832267941672,937.4336594079175,950.2287359879338,1923.256157219973,0.06991778951585695,0.0001466948597226292
ed067230ebce77de_R,37,R,0,18.6,0.0007434216894122302,1085.2944315463953,989.0956451622185,2205.554660652921,0.09391024350300688,0.0005454891361296177
a4bc405150c35e6c_R,48,R,0,18.203033,0.0082448863665086,911.5870809219082,1035.649748452262,2165.6552065026362,0.058688145320738135,0.00014140509301796556
9bee8c90d62a70e6_R,27,R,0,17.4029,0.014861223069613062,1206.1401853505347,996.6851107145044,2350.112017463235,0.12329640107996323,0.00030709305428899825
14707853aa85c539_R,50,R,0,13.8023,0.02869092346829906,913.1355361332351,920.824585072164,1902.615017361111,0.07177508318865741,0.00014881472452543676
5ce7888cada687ca_R,37,R,0,24.6,0.000533336415807404,1097.4545453665246,1002.894302332422,2270.938312743823,0.09995669599317296,0.0006591112469322979
da51d9b0d3628377_R,39,R,0,29.8,0.0009051098656599943,928.8808531944701,995.0532887442382,2086.2225053648067,0.06360806313707082,0.00031293401843868196
ee18764144cd20ba_R,26,R,0,42.2,0.022936658893962,873.242268750805,930.9499391260964,1842.3343915845337,0.06125060711239575,0.00013241334818303585
3f10ea674b470765_R,44,R,0,20.201683,0.0003113121518872421,1285.2013105795247,1098.2249296261373,2667.0787183544303,0.12833221049248417,0.0013606073334813118
6664d6ea12fa5300_R,03,R,0,26.341,0.013189442575041115,907.6091668018153,993.5273869114085,2055.3322208737864,0.059556090716019416,0.00012473783863242716
aa102e65ffac6fd1_R,14,R,0,24.8,0.017270709732943375,867.6196241230278,972.8650519830825,1927.5128865979382,0.059786767074742266,0.00014015268243383616
94107df35e48182b_R,39,R,0,22.903817,0.0006665820188308212,936.3888754175632,1042.0281905969491,2193.7303596368715,0.06035183528282123,0.0003599607734940946
bd12c42240d1bb60_R,50,R,0,36.0,0.09424377881452893,805.3759123697189,859.1127629908748,1640.2642095914744,0.058903804257326824,9.235700417775661e-05
899ad198e84f9741_R,50,R,0,17.1,0.019669934382031032,959.0207086578245,1005.8362190585623,2142.7278037383176,0.06925562207943925,0.00019880257605109364
cca044428fc3bcf3_R,44,R,0,16.901408,0.0005239736820350887,1184.47771970958,1103.1208549588118,2570.1057419659737,0.10249475720699433,0.0009881416335701942
92c656a555329824_R,05,R,0,26.70445,0.019492307975770288,1061.91269263541,969.6025948069198,2188.323353293413,0.0961604135479042,0.00021823604765813798
5dd924705c40c636_R,19,R,0,19.6,0.019698225770360053,927.887554764372,995.7683379068411,2081.922920065253,0.06379040069331159,0.00018063749303109944
05691353f5dc00a0_R,10,R,0,21.1,0.012316581544364637,881.1913045243421,940.6423582937831,1887.9261363636363,0.06310295336174243,0.00013571370800491422
e07a57fcd1f2b966_R,08,R,0,29.1,0.011061517352047835,893.048151066078,959.9141424509103,1958.902815934066,0.06506750085851648,0.00016258610412478447
71b25c1f1fa264cc_R,19,R,0,19.3,0.007748359557381376,951.5703730117236,1052.0125834617604,2242.433257450331,0.059976944070778145,0.00017545497394166887
8e9e6a0dba56b38b_R,49,R,0,15.1,0.014009826043670862,957.4187513132083,1042.3034825110528,2207.213320974576,0.06223620398569915,0.0001463495718780905
b50a97320c64b381_R,47,R,0,18.5,0.002049746336717225,828.5467300477262,913.9237269847847,1751.9430051813472,0.05708927029360967,0.00027850797050632536
d98baac1c9f210b5_R,47,R,0,12.7,0.0008837696212832577,966.9678611370675,1010.3961129729399,2158.0998110831233,0.07350662193010075,0.00045543620944954455
3bfca9ed8f466664_R,49,R,0,26.2,0.006976454263631158,991.2530220586706,1058.5208462367655,2295.3773656898657,0.06775125915750915,0.00016290710482280701
cc8f788d0d1f0c30_R,49,R,0,18.0,0.0072543968796594084,975.8571297328565,1072.415544219755,2301.190608348135,0.06214441329928952,0.0001999247760977596
ebdd80383a5be81a_R,36,R,0,46.1,0.0008510053605158178,854.9492818799935,981.0790661290055,1956.7574600971548,0.05519306254337266,0.00024596243747510016
72b9b693e7085c8a_R,37,R,0,18.1,0.0005915914714647564,1125.295726785069,1012.5554437815699,2326.6756846289754,0.10380807613736749,0.0006545571377500892
b907c27a1177e5fe_R,30,R,0,23.003833,0.0025798542372158025,1221.9301654184019,961.9151695141778,2322.1379520166897,0.12780201451668985,0.0004610493779182434
e1c4a929a47e73ad_R,26,R,0,16.002667,0.006924764023207094,1056.4830357948892,1002.3436170668226,2215.4129241516966,0.08592190618762476,0.0002154494432033971
c6803683ab38770d_R,20,R,0,13.302217,0.0011422201738635204,860.1289882870412,980.1421567818013,1969.8768028846155,0.05657606858473558,0.0002852317993529141
d144625f29bf7ad5_R,30,R,0,27.4,0.003237036090681404,1050.9009850724412,929.0552374369514,2053.2836201866976,0.09663695576866978,0.00040978865581564605
bb0ca1b3e206e966_R,32,R,0,12.3,0.008027621925508772,928.1977229200845,1035.9391722552264,2176.5625,0.05981635551948052,0.00014621953596360981
432d3805a7e71b47_R,46,R,0,14.5,0.015042708172694189,1018.9769815004219,1023.2630892715072,2183.404460352423,0.07893700956773128,0.0002371554437559098
e779a7be5ca3a5aa_R,38,R,0,45.5,0.0007291577155635952,987.0934002513765,1059.2023387161084,2280.54676511955,0.06534899404447961,0.0004153958288952708
cf6aaee45389425d_R,44,R,0,20.5,0.00029859382741598105,1290.1143457973583,1105.4545577138665,2686.622464898596,0.12956211607839313,0.0013774964027106762
6079a94f119c34a7_R,27,R,0,17.2,0.03541185667326741,1296.684561741331,1072.3355547488995,2581.711779739777,0.1301206000232342,0.00031486619263887405
97c8f1d116932ed3_R,39,R,0,25.404233,0.0006239129562985937,961.1849045719815,1045.2885402108805,2234.0109414357685,0.06477106127991183,0.00039843135164119303
21a780628514826f_R,37,R,0,31.605267,0.0005965556150010143,1068.8050413641565,1009.4903062957223,2242.5828694331985,0.09144054829832995,0.0005798902129754424
71e538a9119788e5_R,15,R,0,39.206533,0.0005778954104219694,1015.3159200862677,1082.039050687733,2373.1392740619904,0.06749114243474715,0.0004349879454821348
2111323c91c19957_R,45,R,0,34.0,0.0059906969545286395,1069.8752487606544,1097.9035004736156,2451.794743650047,0.07514708152046096,0.00022102182265371084
c933f4c5967b0619_R,44,R,0,23.6,0.0003002278961810579,1283.275094335233,1104.111588187124,2678.6924119241194,0.12871173145325204,0.001366456039249897
fc3d91414466138b_R,03,R,0,14.700015,0.008012195271362536,943.6342019540448,1023.0894324593708,2158.8315217391305,0.0632080078125,0.00022628335864283144
29f5f4337adbe27a_R,20,R,0,11.0,0.0014388253706864632,849.3081610429342,961.4376056924431,1900.912972383721,0.05488905795784884,0.0002290003321832046
fb8542af93bc7c55_R,48,R,0,16.2027,0.008043846233078342,922.6013101226747,1033.5295120217122,2168.3154585798816,0.06094847910502959,0.0001453002041671425
3d1bc60d6e6b2b38_R,39,R,0,16.902817,0.001037545208896354,893.1075836104382,1009.895775422853,2063.061200378072,0.05603327327504726,0.00031252551707439125
83c8324421fe10fd_R,50,R,0,24.2,0.007947224645190726,936.9581673102499,1004.3794957017959,2111.470029722589,0.06445635010733157,0.00015576646546833217
5fb0138f77eaa8a2_R,49,R,0,25.6,0.007977860502301648,982.852910563038,1066.9898539055162,2293.8806960049938,0.06489324867353308,0.00016185335698537529
b5607f00ef92137f_R,30,R,0,25.0,0.008165348380823551,1114.9328249644282,912.6152405066243,2090.293318414322,0.110065587036445,0.00036599813029170036
cbf8e091a62bd421_R,28,R,0,27.104517,0.0006107096397283897,1108.8091200989475,1053.5694223125236,2387.8150795990564,0.09319492556014151,0.0005775063182227314
17bffb3b2146dc30_R,48,R,0,16.602767,0.023899491374788726,810.9496315956989,926.8129328047195,1731.4848265895953,0.0514332324783237,8.393629104830325e-05
416b250417a1d65e_R,02,R,0,30.9,0.01627089481310198,906.5625352589428,931.4212835120741,1898.7933488612837,0.07095242138975155,0.00017474143533036113
1541b95a2aea00ab_R,50,R,0,20.903483,0.054875993549174926,818.0527833380152,893.5020813367058,1696.7579319571867,0.05597465118501529,0.00010902484791586176
1538bded36b8ebb9_R,48,R,0,12.1,0.023849667811257913,962.1475743595805,1028.639147262878,2180.656332453826,0.06704011378627968,0.00019685212464537472
fb04fea0565fede6_R,08,R,0,22.5,0.01984405220564474,808.2029165948733,869.8922072891157,1638.4943181818182,0.06133963844992898,0.00011532989447005093
d7d2cf8a063f4ec4_R,44,R,0,20.9,0.0008914914394970841,967.11444274478,902.0745808970543,1913.0112767584098,0.08849911004396024,0.00039305092650465667
314694751dccb4b7_R,15,R,0,31.4,0.0005372919732520743,1034.2485865933334,1086.3684744376621,2402.924516293279,0.07055912678207739,0.0004752138047479093
3b059f68bcb89bbc_R,39,R,0,20.5,0.0007860164428379628,918.31583387754,1047.5596696417622,2179.6509360374416,0.053512882702808115,0.00032258577994070947
05a66d39c016808c_R,47,R,0,15.1,0.0008201227332503011,1055.1236963899366,936.3937233653833,2077.3470603813557,0.09721555548199153,0.0004442919744178653
83a9c2ef4efd3207_R,26,R,0,14.202367,0.04213020973396659,839.1566742839279,900.8380129710215,1744.2461993243244,0.059178807713963964,0.00017247413052245975
25fb0a1088d2bd85_R,39,R,0,14.3,0.0008702681285606954,956.936487098298,1039.6577343597282,2202.9851789709173,0.06169930613814318,0.0004358321020845324
56d7e882a231830d_R,50,R,0,18.9,0.00920697111962112,974.0189724178072,1019.3753916927946,2180.96975465313,0.06803137558164128,0.00019082460494246334
70b9e2dddf3ffd38_R,10,R,0,21.4,0.009475842198758477,908.2765499417401,951.9702891247088,1954.1643310911809,0.06740908772421525,0.00013621855759993196
115f61b43866e2ce_R,02,R,0,31.604363,0.02469646735860505,876.9026045263339,891.1421881422609,1766.9297191295548,0.07157471691548584,0.00013977548223920166
b89c5bc25eaf5563_R,49,R,0,31.6,0.0068293498423824634,1004.5451134401496,1072.6297922569586,2335.225835020243,0.06682633002277327,0.00019488578254822642
9448ca31f665c694_R,49,R,0,29.4,0.00633825270377118,1012.8400585315845,1065.7863739239824,2336.141526115343,0.0713714167913493,0.00018222325888928026
16ee9f0fa6b381b7_R,27,R,0,13.702283,0.01928589119937449,1221.9313944859603,1001.4336338694379,2354.5855186480185,0.1273526278409091,0.00033439736580476165
5e9bfac60f5dc038_R,15,R,0,34.0,0.0010408991722373523,1008.1493838527462,1066.3873275600388,2323.053857008467,0.0717382996237065,0.00044606142910197377
c4d2425b4a3f40e7_R,26,R,0,15.6,0.026055693300828603,882.4407856784748,881.652577388959,1745.66150102459,0.07025846887807377,0.00010296719119651243
146a28a7d445deb0_R,09,R,0,21.103517,0.00800517348464938,1047.6345249935928,980.5509736868581,2116.678503787879,0.09023215553977272,0.0002322441287105903
3e25cdf48a09bba8_R,14,R,0,14.10235,0.006197198392101046,1015.0876446515147,1063.4492560619196,2333.2270408163267,0.07586849844104308,0.0002360880607739091
bf6dd6042ee93c11_R,39,R,0,19.8033,0.0006378861222916034,947.8499911299614,1043.557676344797,2209.157915993538,0.06217658269386107,0.00037366486503742635
30af8f4670636657_R,20,R,0,12.702117,0.0011861815944504601,874.2192852080221,970.3535073021511,1942.4590680100755,0.05764301597921914,0.0002419210650259629
f34cae9703ca2b8a_R,33,R,0,15.8,0.024196074957065584,691.191191941704,863.8810462558306,1463.8948633603238,0.042011955971659916,7.641479896847159e-05
7c45eef7ac4edb1a_R,42,R,0,12.5,0.0006158269720450251,1130.6550710475378,975.6260949524117,2252.5775255754475,0.10880055147058823,0.0006153653375804424
34bf6a33a11993e1_R,02,R,0,17.6,0.009937873448386933,959.7887908556288,947.5044140368427,1998.2701905626134,0.07939399954627949,0.0002112209767801687
fb3193933b579f89_R,18,R,0,11.8,0.007276711967159551,973.9500282359364,1017.9145626052883,2176.4269986449863,0.07017223492547425,0.00023905343550723046
04edffa3a10884f3_R,19,R,0,10.7,0.008580568860331308,933.250302899566,1061.641379374756,2242.6772388059703,0.050657357742537316,0.0001281165168620646
4b07800f002f3543_R,45,R,0,16.0,0.00581321282062926,1114.8105263589653,1097.668912725854,2489.9108033932134,0.0779710111027944,0.00026066473219543695
02e583b6dfaf5516_R,42,R,0,17.802967,0.0006213852584833928,1139.731469917071,976.5924638170152,2270.7304757630163,0.10958100734964094,0.0006217571208253503
cb054bbdce9c7d55_R,26,R,0,25.8043,0.008356084946981425,1005.9247095254063,1015.5708718797292,2202.805529739777,0.07042201537329616,0.00019741721916943789
51ce00f7184a0f88_R,29,R,0,20.7,0.0007949067372395672,1102.3776016874715,959.7221074354899,2203.016325347759,0.10253604375965997,0.0004550785233732313
9848cb58eafb0f6e_R,50,R,0,14.202367,0.008016759145967133,931.121739680214,1006.6107019806507,2109.269425675676,0.06301907376126126,0.0001423180365236476
aa6bcc0632f634ee_R,29,R,0,28.50475,0.0013546140628192037,1082.6168393986684,968.1829754721501,2233.270202020202,0.09253231095679013,0.0003675857442431152
3f1e0e0281be8aa7_R,42,R,0,31.1,0.003165181641263724,1255.7534804857164,994.7045683685292,2359.495563271605,0.12939252186213993,0.0004576405917759985
2b30070fbd471b8b_R,33,R,0,44.10735,0.008879204392763778,923.4328683317397,1037.5279391620736,2189.1372824510513,0.059469044597534444,0.00012897046690341085
9decb4137155de21_R,37,R,0,14.6,0.0005399402657548382,1066.5433193149318,1009.5819911964585,2255.1969365426694,0.09188448782822757,0.0006675439653918147
a7809b756df8ec3c_R,33,R,0,24.004,0.012207636069960448,823.1702601155258,1010.8825172678321,2003.4121171770971,0.04675211696904128,9.892696107272059e-05
aed3b9402a378df1_R,18,R,0,24.0,0.0071908136108427825,978.115558215713,1018.3297646515861,2186.490928761651,0.07165901194241012,0.000189836006029509
34e27811fadd9ae6_R,49,R,0,14.3,0.006363254366856258,1013.3824642224988,1065.9069810566127,2334.014960850112,0.07240544602908278,0.0002255230792798102
98fa0c9adff6143b_R,26,R,0,17.6,0.013959707527275857,932.5317987377585,952.8269133040172,1958.598003629764,0.07134489139065336,0.00015980321040842682
f38cbed1f5f856f6_R,37,R,0,16.002667,0.0012240679246866325,1007.795804762768,975.218604585003,2111.24625748503,0.07831310036177645,0.0005038235685788095
47b4e8aa9e384747_R,37,R,0,34.8,0.0009709059383910865,1037.6920012168157,978.6201961514007,2160.931755514706,0.08895021326401654,0.0005317375180311501
9ae93c9b6b697f76_R,31,R,0,19.7,0.007703395943698069,970.9636061916935,1029.3896433842851,2195.9339488636365,0.06517999822443182,0.00019651398179121315
b94db86a4b38d4ef_R,50,R,0,19.303217,0.050921454226435625,827.0539891740877,884.2671023677499,1716.6028559602648,0.057862136537665566,0.00011673949484247714
daba68bb253fc7bf_R,33,R,0,13.50225,0.010602024918604002,850.9466920955015,982.0676624297498,1963.8810722748815,0.05265569460900474,0.00014606001786887646
8e4860a279eaa78c_R,37,R,0,13.702283,0.0012516907075076945,1006.3753556348441,976.0299470187198,2109.775641025641,0.07751834753787878,0.00044303518370725214
88a0ee58eb635565_S,44,S,0,16.2,0.005192661355894311,594.8893195753652,887.3999228138719,1430.1805966469428,0.028515817615877712,3.5692071833182126e-05
3ddee8c7624d104a_S,21,S,0,28.8,0.013299044817602695,330.44349886000316,674.7169249784163,464.70067980022196,0.012399959246670367,1.1015224117727485e-05
37018eeb78c53ac3_S,08,S,0,41.6,0.02844140333270472,422.3398540448047,643.4533829095159,783.6760184473482,0.021988419364911607,1.0266094250255264e-05
1c792263cbeca061_S,20,S,0,23.7,0.01308643805308346,470.92023739683117,621.5108130514319,790.5701754385965,0.03274581435560054,2.134484748239629e-05
281efeba05090690_S,30,S,0,18.5,0.07515075377822104,579.6873850599497,779.6475264168929,1200.8581606217617,0.02906749244386874,3.4634485928108916e-05
958785fa88f857bf_S,26,S,0,19.3,0.04326363712248564,522.3965735867705,761.8146631155294,1068.1006829470198,0.017392190086920528,1.770685958035756e-05
09fec178d80e007c_S,27,S,0,19.2,0.10435544876023033,784.836259403919,854.0277142863514,1477.628431780366,0.05393111090890183,6.220484647201374e-05
293e84ac7c035634_S,50,S,0,27.4,0.021193281491044883,365.1588768737079,639.55307541272,639.047914235706,0.014906537157234539,1.6656173102091998e-05
36656658d7a95fdb_S,43,S,0,28.7,0.004023364525397067,259.9149655337619,504.648093632694,301.02947324414714,0.014922789506688964,1.8012686268775724e-05
645c4cc905c1899e_S,27,S,0,10.5,0.06869531398559976,672.9236404723067,833.1583421265816,1294.5003799392098,0.0388443317819149,4.850168261327781e-05
b9e3d73fddaa6eb9_S,29,S,0,21.6,0.0243313400913015,381.19549134670046,644.2376729813353,735.2648853550296,0.01581930126664201,1.2347080883046146e-05
d47b823d2dffb4f0_S,45,S,0,30.9,0.006249235050179412,276.6331717322126,613.4907949845771,262.35766045548655,0.010882201895703934,9.362795935885515e-06
dcf6fdfaba465e3c_S,47,S,0,10.2,0.02786978208866521,333.0395703869638,603.2306596986433,597.6195141065831,0.014406592868338558,5.81474841965246e-06
3a92ec93cb89eefe_S,20,S,0,19.1,0.007511253761161943,256.4546523819604,416.2843258154559,396.3829564489112,0.017921639447236182,2.1277634004945867e-05
51649aa36319b13e_S,13,S,0,19.1,0.012447492878187692,353.9271371028243,572.1260937404494,574.5131909547739,0.020349959432579563,1.5090424312802497e-05
ca4f38f0fc9153c0_S,06,S,0,35.3,0.01765477518469459,430.6963946964325,697.9692931007223,842.7026721014493,0.017413153164628624,1.602978227310814e-05
fab131d92f5d6537_S,14,S,0,14.8,0.021138374493225098,835.1364517036094,955.440679576051,1883.2174676025918,0.04741601140658747,7.943595119286329e-05
e9d9899d94518d17_S,06,S,0,36.7,0.02362689507835923,421.628146247398,667.8695311646521,839.6836857018309,0.018911000844594593,1.1911604815395549e-05
dc225e06ce7d584d_S,45,S,0,19.7,0.004142686834987451,353.78511502285994,651.1446381523376,427.6075487012987,0.020403180803571428,1.7598293197806925e-05
4e05ae0f099dc79d_S,14,S,0,13.0,0.013680244368217399,340.8721883431771,660.5544338835953,493.8191031941032,0.01442409206081081,8.892147889127955e-06
f5bb3c17daecbab2_S,19,S,0,12.2,0.01622381728778558,497.56724374425715,787.9572508746904,1131.053664921466,0.01869657027159686,2.9164282750571147e-05
8ea3b7fc1db2c86d_S,44,S,0,14.9,0.005778228566758869,665.3532507866174,917.3691312823172,1525.5163626609442,0.03767519447424893,6.565874355146661e-05
70fa57c24451b8dc_S,42,S,0,13.1,0.013756908256621458,602.1588093173526,822.3463692091253,1367.2256097560976,0.029574361661585367,5.031958062318154e-05
e9be278f638b0a96_S,30,S,0,24.8,0.022567032256893604,419.83522489942715,698.6679169329993,873.1676868556701,0.016372523356958765,9.630377462599427e-06
61f420c60010ca5e_S,27,S,0,20.9,0.04224848010543616,683.3241176499298,891.4584536978997,1403.383027522936,0.03481729023318043,3.7249421438900754e-05
845a42aa3da37a1a_S,39,S,0,30.5,0.02044552334363371,285.5083329585989,611.8770841984629,387.90618448637315,0.009640227823637316,4.9494501581648365e-06
40158940d754803c_S,14,S,0,19.9,0.01265002676440784,359.72475695125087,683.187818418263,568.3907757234726,0.0146578577170418,1.0920767635980155e-05
02aa6d57585da0b9_S,39,S,0,30.2,0.023882786645291202,274.8499620218858,583.5312992042858,361.2619173728813,0.011074777376853813,3.6363355775392847e-06
8dab09a0772f6bd0_S,42,S,0,10.4,0.013432781615823284,605.6640700789644,823.653889425507,1366.4685582822085,0.030262952933282208,7.784128683852032e-05
2d56c3aa88c71de4_S,07,S,0,24.3,0.016130671275297378,400.61944913165337,683.2982041140543,725.1439144736842,0.017814555921052633,2.551770376157947e-05
b99cecc5489742ba_S,38,S,0,28.3,0.0321940740699751,369.41655608531386,653.8058975131169,674.2408192090395,0.014320709745762711,7.0956475610728376e-06
63a6175473dc95ba_S,50,S,0,16.5,0.06521968369335664,406.9844891304763,622.0765381340046,653.2218992248062,0.022940702216569766,1.8220425772597082e-05
e994cb6c910b8168_S,37,S,0,22.3,0.01905690350938953,460.9461674826057,713.1508810231086,983.8706061692969,0.019904641544117647,1.6589943697908893e-05
a6f41cc9b5a38d2e_S,48,S,0,20.1,0.016220413978401946,328.9301153790808,550.9121197364196,506.7070747217806,0.01971988647655008,8.124902706185821e-06
ddadb8bb58d820e0_S,09,S,0,14.3,0.014834446832734183,455.516682358339,781.3466000406428,940.2789429530201,0.01801506571588367,3.061481038457714e-05
befd5bf67d1b1d39_S,46,S,0,42.4,0.013335428919683602,292.1681122823504,577.3369343952869,268.4766214177979,0.01517648826357466,1.6089747077785432e-05
1d475c8556c7ecda_S,28,S,0,38.7,0.011109875771216724,1053.8759872659607,874.2642826928461,1959.142561983471,0.11088504003099174,9.961157775251195e-05
8abc00c43bef3a42_S,33,S,0,23.8,0.01935362274333962,291.5223792286598,595.5915853467844,397.9754704301075,0.012398668514784945,4.698910743172746e-06
2ce4cd37f063c012_S,09,S,0,25.1,0.016375175514597714,489.9635679616343,806.0505634737482,1061.7137738853503,0.01975766321656051,2.080025296891108e-05
71f0a11a70753b83_S,38,S,0,29.1,0.01634147492648863,375.8930415797151,677.9330273097044,659.4179258241758,0.01534437242445055,1.3192668120609596e-05
df36940b1ce7dc04_S,48,S,0,13.7,0.006127872807162871,290.74575045642246,499.3813700005893,405.90399184149186,0.0189086629516317,7.541296781710116e-06
1c91a275b27ca100_S,27,S,0,13.7,0.01637709088962375,369.79018936886445,655.0215525039905,666.0474941724942,0.015861742424242424,1.15566926979227e-05
24b7717f47db424a_S,47,S,0,15.6,0.019813774205211868,323.34662471330626,621.2045403341987,546.3627049180328,0.012926445632684426,6.746033704985166e-06
b262aa4069762ee2_S,30,S,0,21.1,0.0675872318309714,572.8554231984835,774.2736577212061,1188.3404356060605,0.030693655303030302,2.556028266553767e-05
e42d75424834bf22_S,50,S,0,15.1,0.023884188645572336,353.50111704167597,625.0819194067661,618.5778601694915,0.014478780455508475,1.562688521516975e-05
712117b512ff2781_S,19,S,0,24.3,0.01559747285655874,527.3458678987276,818.0790186686492,1215.1315789473683,0.020291940789473686,1.7401043805875815e-05
f458f19f291e60f4_S,37,S,0,46.8,0.013949676764747888,506.35071616017655,775.6100319011591,1120.824077238551,0.02249564785543404,2.2107466065790504e-05
62545cd09bffd47e_S,33,S,0,19.9,0.030308953428837493,330.19400776225916,644.0704351083025,420.22960209003213,0.015559843498794213,5.508465164894005e-06
caf749fbe3853b6d_S,10,S,0,55.8,0.018429452552477445,456.1338293632155,692.7301080530725,924.3970398509174,0.029138127598193807,1.5937886928441003e-05
e5d10020be67d6c0_S,46,S,0,13.5,0.010618075714764242,558.6700001011344,800.2813544326893,1018.3464158767772,0.03266277584419431,5.776412217528559e-05
baa253cd9c69e301_S,50,S,0,18.2,0.0210036077097176,331.33908536681935,616.4939353755327,572.4544156414763,0.01246533117311072,1.6013606000342406e-05
ab22700c9eae8361_S,37,S,0,28.3,0.013206721620677238,580.35665288923,832.738639305028,1378.4604519774011,0.02761464954096045,3.0371398679562844e-05
4900457986efcfdb_S,46,S,0,20.1,0.0031487554057856,392.6568539292609,689.0725295618374,622.7643084260732,0.01981847426470588,2.6228331989841536e-05
4a6716b31a092694_S,50,S,0,14.9,0.04109299314537447,370.86927312512694,630.2716552856758,687.0976394849786,0.015858662486587984,6.461596512963297e-06
8dc1c8637ab0f677_S,50,S,0,11.1,0.01946238995225118,345.17274173739725,628.3154494755754,601.5625,0.013116050522334294,1.3164514712116215e-05
5a3880443d1affd0_S,42,S,0,14.5,0.014691357762812074,632.0822064263517,855.7952119196821,1454.1058645374449,0.029976596916299558,3.8446432881755754e-05
f03f9defd7d21db4_S,09,S,0,30.3,0.016320264994170518,483.5768004855947,803.5867639064096,1000.9899683210137,0.0196916042436642,2.821513407980092e-05
c6a59672d48ebafd_S,48,S,0,18.0,0.015978451522349807,316.4668841120939,477.4321052072501,483.40364120781527,0.020690809558170514,6.20550326857483e-06
c388b98cccab9981_S,50,S,0,33.8,0.02873086158513629,341.5424862802474,610.6801310513127,587.327045884579,0.014040511175496689,7.609763542859582e-06
b72b92462b31efcc_S,20,S,0,28.6,0.008393599039014875,394.70050553637157,594.6009843238539,693.4161772930648,0.02224902125279642,2.442537333990913e-05
3e94a9c0aa736008_S,27,S,0,32.3,0.06944575494646353,628.3454367787729,782.0665142347573,1239.9597772277227,0.03361695544554456,3.12719312205445e-05
f8bb40d1071ea71a_S,06,S,0,21.4,0.015616102305872369,466.21999430544804,710.8117139577082,994.1026718983558,0.020014422178624813,1.2232433618919458e-05
27b49c789fa78f43_S,50,S,0,37.4,0.019620648126778453,344.2874356455266,617.7625799903101,599.965248075278,0.01318651758982036,5.755820438935189e-06
9f056ed799c60ec1_S,37,S,0,23.0,0.013624809388041125,574.0204368196834,823.8832500240068,1329.71140472879,0.027978040246870655,4.2266419768566266e-05
60989c49c401badf_S,06,S,0,20.0,0.02332047754750813,418.8160846392955,654.9656383086692,817.142571884984,0.01774114541733227,2.41571160586318e-05
b9d90505cd92d13c_S,16,S,0,42.0,0.005085008739309922,239.05999278184186,470.73502093993596,269.593726199543,0.014635421625095202,5.688217697752407e-06
6e0511fb5b840dde_S,44,S,0,13.4,0.02930343089721355,553.6877253366706,862.1760701888882,1298.5531026252984,0.02480095838305489,3.9614897104911506e-05
f1f2a3d97833e6ec_S,20,S,0,14.7,0.00957699591111159,283.3524679440783,465.4536974868079,410.9205163043478,0.017641813858695652,1.2112038348277565e-05
e5aa62af9348b56d_S,10,S,0,29.2,0.023218636196904712,385.038757885166,652.6905679039913,637.0225219058051,0.018389966114457833,1.0643126188369934e-05
a9ce6804629adb56_S,41,S,0,25.8,0.004565133523214336,241.80234518128754,489.92222732001477,271.6078066914498,0.013953226649628253,2.2296540919342078e-05
fa2bc388b05a04f8_S,20,S,0,17.6,0.01150407421771131,349.2623448380711,535.1223987552274,512.0235934664247,0.0213736033915608,1.3418613889371045e-05
980e85a3fefad15a_S,32,S,0,16.4,0.005740166268546543,261.87342371707746,465.39792191286966,335.23696393762185,0.016751949317738792,5.9585581766441464e-06
32634f65d77560b3_S,47,S,0,16.9,0.015393086296041978,472.06641756394714,721.1452866949755,991.2866257088847,0.022820918005671077,1.7116246453952044e-05
0b26e61d0671965b_S,05,S,0,25.8,0.03047968762814932,347.96076298076497,596.5697874762793,639.1535006195787,0.016043094601920695,5.140770554135088e-06
b3d8847aea0bab18_S,36,S,0,43.9,0.010245489846363455,288.48708477480693,453.94334323953484,446.7018950437318,0.01890986584365889,4.342838110460434e-06
5f4d64ec25557701_S,38,S,0,33.2,0.023986451426832582,310.09359531017617,617.529243537107,452.04871146435454,0.01168488078034682,5.370610324462177e-06
b27e2807dbeb6f8b_S,50,S,0,16.5,0.02480552747876266,366.3370488909293,641.7261219236026,640.2616279069767,0.014431739038275194,1.3192204278311692e-05
1a2d895ce366b25c_S,14,S,0,24.8,0.012799110320231165,336.3214965811191,676.0319900521798,475.15302835051546,0.013143952359858248,7.364007160504116e-06
cd777a1ca530c9c6_S,48,S,0,16.8,0.0055527347626214115,289.7747024046935,515.8703530800168,398.9573431558935,0.017934588878326996,1.3394088455243036e-05
86f7dc7c883b5d76_S,05,S,0,19.2,0.029855194467903624,356.3215236365558,607.9651506422704,671.5890183028287,0.01584192361688852,2.6754916689242236e-05
9bce3170a5edc076_S,38,S,0,19.9,0.014331275696400494,527.187236398809,777.0089753209951,1137.3593247588424,0.02737044061495177,2.793855128402356e-05
ca70d70de78f8f5a_S,37,S,0,16.3,0.019170073307044306,588.5039374309498,820.7682063268601,1304.4883578431372,0.0275601256127451,3.986633601016365e-05
57acc9e905ece07b_S,50,S,0,13.1,0.022400987933791205,400.90243245783455,678.4133225246431,740.7774390243902,0.015012862042682927,1.762049760145601e-05
273c9173e0a267fc_S,13,S,0,20.3,0.010817602818058597,243.79520873583306,494.99586285358805,265.0959645669291,0.013721856545275591,1.041137602442177e-05
96225221cfb7ac80_S,10,S,0,31.1,0.020499962255976403,477.3994687597711,725.6144238359618,936.1657664609054,0.025236404481738684,1.4391371223609895e-05
4ddf88f87e52387e_S,42,S,0,16.3,0.029664584145365637,670.3208974670019,871.3356241783889,1443.3976715686274,0.034090647977941174,4.839531175093725e-05
2e9131352a336344_S,26,S,0,17.8,0.021654254807272018,673.0197546402954,873.5149899613292,1417.5269299820466,0.03106678495287253,3.417357220314443e-05
aa9dfbf8bcc9aaa4_S,50,S,0,15.6,0.021319902514591853,386.30793562728604,670.473616372276,728.3715420081967,0.014014072105532786,2.4579114324296825e-05
27f108786fb0c605_S,50,S,0,26.2,0.031133312871129012,416.86834155124257,700.7869585839935,801.2915903540903,0.016352950434981684,1.911222716444172e-05
1f9db65b0c3b5112_S,28,S,0,24.2,0.006639886328748154,848.2261891431675,893.8370629063716,1760.5577113606341,0.0673692670492074,5.899881580262445e-05
a00b20b33431672a_S,15,S,0,70.1,0.017741195834470033,300.4635762842734,624.8475323250894,387.38732314011867,0.01258967794386125,9.518654223938938e-06
2fd6bd45975e1d69_S,06,S,0,67.9,0.018223467689834467,438.84454260081014,688.6643378267229,893.2021677662583,0.019440588919651274,1.5417439499287866e-05
0f7fdf470aa11e4a_S,26,S,0,58.2,0.025054583104264987,558.1773039308412,808.8684132484526,1172.437637438153,0.02387021543430456,1.8613032807479613e-05
5b01e805d140b833_S,39,S,0,25.6,0.02576474694268992,263.66275418361937,572.9067009584205,333.87952559300874,0.010873249258739077,7.088634902174817e-06
aa5b95e3c8a875e8_S,33,S,0,33.0,0.02290329084745158,299.58627205891133,598.541663653841,417.49182412790697,0.012998595718265504,3.561914809324662e-06
15820f1824581347_S,45,S,0,14.6,0.02421332650460231,486.13524899181107,707.5646038180603,935.2434354485777,0.029911233246717725,3.375881351530552e-05
e2856a3eb0b0d7e2_S,09,S,0,18.3,0.013766410476101151,466.6748210769745,783.8167044829089,995.9435096153846,0.0193673513986014,1.4825423022557516e-05
8251ffd3395c70bb_S,43,S,0,19.5,0.004600813992319089,234.57567327194533,482.091901355676,264.4211065573771,0.013597432120901639,2.9839449780411087e-05
97671d67c1448451_S,45,S,0,25.8,0.004115582594483865,340.92986478783786,531.9402612029007,539.8176115241636,0.02016413994733581,1.4327459211926907e-05
069091d971da1835_S,39,S,0,24.5,0.024588479199445373,256.19322406578004,579.6801666382762,319.802545691906,0.009001968423629244,1.2894136489194352e-05
658fc2c376b92253_S,28,S,0,27.6,0.008002525354421215,502.5288157809566,627.2735397233419,971.4929750869061,0.035044788347334876,1.53727760334732e-05
477c56d08ea61e43_S,15,S,0,26.9,0.03480590600551968,319.8427772224369,579.860120340681,450.45890309155766,0.01675948461652794,2.171056803490501e-05
9c3c7dae7ef39932_S,20,S,0,14.9,0.00481666134717323,265.389312108809,468.6069761356534,363.36507510729615,0.017335032188841203,1.871423410193529e-05
04eadc634097b971_S,14,S,0,16.7,0.012679370271505962,351.99765481531574,674.1147148504494,537.7753831417624,0.014684918283045977,2.5589741198928095e-05
718f61b1dd6c4eaa_S,36,S,0,16.4,0.007609889253144569,269.9932458025406,431.817082997951,416.43823099415204,0.018887822855750486,1.3902748833061196e-05
2e87f6b1ed433b97_S,33,S,0,26.8,0.023247874692476213,429.83776701149577,735.5892104543059,824.5916616945108,0.017069450141706445,1.7242078683921136e-05
4e7324705827d8e1_S,15,S,0,51.6,0.01629841876469856,308.4066594610466,633.5768703108461,402.22992870427777,0.012782797485275884,3.7618883652612567e-06
99e78a616f2f2119_S,41,S,0,21.5,0.006000994749556102,319.10635215800073,495.3219661435492,520.4264322916666,0.018336704799107144,8.629942385596223e-06
c37586d03ceb6231_S,09,S,0,20.9,0.015626093204315884,463.9368429680765,798.0596576308754,965.5127102446484,0.017893939936926607,1.169217921415111e-05
c0dedd9c3d4d15e5_S,41,S,0,23.0,0.0038431326470278093,263.0784657172864,518.7112980931144,299.3632649513213,0.014932306154381085,1.9492777937557548e-05
568312abc81d6887_S,28,S,0,29.6,0.0067540615014587664,580.3784238088517,723.0196097756533,1060.888566414687,0.03738409911582073,2.5541519789840095e-05
c3fc386dd5405906_S,13,S,0,19.8,0.01303580764459414,255.3252266114475,503.597633363596,269.39872778675283,0.01494109072092084,7.10744234311278e-06
ef1aa3e1a6845d23_S,27,S,0,36.9,0.0365769994568946,733.7600838082446,909.9415265646444,1520.4790402946273,0.04418099071165511,5.334609159035608e-05
1b1d2e3f8c45a607_S,19,S,0,20.0,0.01534684680281823,557.4493972844434,847.9848186289836,1270.3549321086261,0.023145779253194887,2.4845130610628985e-05
7b91e72808e6e1c3_S,15,S,0,20.3,0.023665218563098563,279.6254932715656,583.5307931096474,349.61860236220474,0.012156280757874015,2.4803409814921906e-06
7bd137e63e91f2aa_S,38,S,0,26.0,0.016704613532884178,619.8333148717671,868.3724610451472,1420.9621002460024,0.03159413918357933,4.6627512347185984e-05
320580d31d3285d4_S,10,S,0,42.1,0.0190650918986217,554.8176645821696,799.6607231129393,1264.942296732523,0.028465386944338904,2.0170358766335994e-05
d143c99d503a6082_S,08,S,0,22.2,0.04729125031015467,708.7866577929578,886.7399401180849,1565.719560518732,0.04276893461815562,4.2255112930433825e-05
498f273344cab13b_S,33,S,0,21.9,0.02252645935908412,275.15963615583,565.2504696738598,374.23585766423355,0.012718835538321168,8.179146789188962e-06
14c914910bd7b60b_S,50,S,0,20.2,0.06502743823587882,438.96997368298366,695.0151875023839,814.032832278481,0.020201091524920885,1.52275988511974e-05
0e4f3112953d7c9a_S,49,S,0,17.1,0.01795653320623623,303.25183504009726,646.4252687040653,438.75584112149534,0.009005366530373832,4.60260389445466e-06
d4cbba7061ea07fb_S,05,S,0,26.7,0.040745043131240485,349.28348311896355,617.0370017849336,667.1126497005988,0.014627970621257485,5.2018772294104565e-06
f48e80f8ef25d933_S,10,S,0,45.8,0.0251700312139047,344.1512208498833,595.5985407192078,500.0054556564246,0.01734966938722067,6.4928472056635655e-06
381177cef8f2e517_S,03,S,0,28.9,0.014559384015253562,492.3299746389401,760.6025236304167,1019.0818584070796,0.022501447559457963,1.862517456174828e-05
44ef39d7b6127861_S,45,S,0,17.8,0.0240131393451168,569.1593524511729,747.9717160248741,1217.3894748653502,0.03799389166292639,2.6125113436137326e-05
f408f034d6942a45_S,15,S,0,25.4,0.017660975968354538,303.81474732394224,625.7707188250022,403.3375314861461,0.011719364963790932,1.8844131773221307e-05
285b56d25a350be0_S,30,S,0,29.0,0.021104827632457402,883.4448898669916,1003.6614301802609,2030.061328555678,0.05363556883958104,9.146463708020747e-05
d662f2d4c72b512e_S,40,S,0,26.0,0.0043990590959965955,257.99536217000053,487.1681030379327,308.41597478474785,0.015100683233394833,5.1993656597915106e-06
7de873cd93d50e18_S,27,S,0,16.3,0.10423458918710576,782.7033542078038,860.4940269407476,1487.515318627451,0.05421836703431373,6.037446655682288e-05
ae7889d28822da33_S,27,S,0,17.2,0.036726275391754694,667.5325929250324,822.3305947949558,1333.0767890334573,0.03671003717472119,9.507850336376578e-05
edd417da126f12be_S,02,S,0,20.7,0.004140639671285536,858.6166683831677,914.0870612243124,1746.184312210201,0.06592023280525502,0.0001305399346165359
0e7580420f611624_S,16,S,0,19.8,0.0051917465996258625,232.43309619027266,460.0433979723675,258.41831583198706,0.014416523626817447,4.089125013706507e-06
5ce7888cada687ca_S,37,S,0,24.6,0.012179243295349479,573.6952257931677,826.0682306476687,1329.090133289987,0.027498679291287385,4.004990478279069e-05
12f55f6c5fd2fff3_S,18,S,0,29.1,0.013719797053999214,495.5478084423719,754.1328626180106,1033.3791208791208,0.02306404532967033,1.551941386424005e-05
2dc83bba47173a86_S,26,S,0,40.1,0.0386413159670923,599.0058677684503,795.93281276594,1239.7577751196172,0.028689054400917065,2.9029321012785658e-05
65c9a3c2018b3e64_S,45,S,0,19.7,0.0021358528285970887,286.8760147370333,639.8139348646014,237.24127435064935,0.011415159547483766,1.7654978364589624e-05
b42a882143b0aec2_S,32,S,0,12.5,0.006390221802906886,255.10322472389225,448.8192313795725,345.1886189258312,0.01635679747442455,4.5700753616984e-06
c24a4e4e617ba80f_S,16,S,0,43.8,0.010113276258761192,223.89578512249955,439.24353617008035,248.5276661796932,0.014663774310628196,6.832307008153293e-06
3d4fc06e0c9a7fec_S,26,S,0,41.8,0.015172144862650566,635.1841717393414,846.5741850183151,1341.962748661056,0.0249494160051645,2.7527621568879113e-05
21fadbfb8aeee0e8_S,07,S,0,46.0,0.018243967693883718,1205.4158060534987,1121.9135286946064,2561.940412030598,0.10022702701234354,0.0001173630662378855
f8e329aa7865384f_S,44,S,0,18.2,0.00784872948720449,775.3648962109656,1000.9474236785646,1908.9685852372584,0.04299706859622144,8.769075066084042e-05
93c591db57c9c808_S,50,S,0,18.7,0.023179033044056146,431.208621921082,688.9587122316004,789.0758547008547,0.02265040731837607,3.440780710661784e-05
43775144bcc35f19_S,09,S,0,10.7,0.018097865025428806,686.6969576647385,933.1036599087325,1631.553171641791,0.036103661380597014,7.174502388807014e-05
a05cee55f04c054e_S,08,S,0,12.0,0.0209279202092362,462.8452067683027,721.4561845946597,931.5367353723404,0.01959228515625,1.5044325664348435e-05
7f4ea47b018e8e1d_S,09,S,0,17.8,0.015869900482719374,458.4009035577415,779.4951357143731,979.5079667863555,0.017248513240574505,1.1576596989471e-05
483ee1a8f3cc8589_S,26,S,0,43.1,0.01536830396636229,494.7928943994419,732.7707710694993,1056.9494710467707,0.01609624396807721,1.3233820027380716e-05
22630c2b382ec80b_S,45,S,0,26.6,0.023156165062509202,328.8502413593472,594.0916574067526,476.59067007211536,0.016701331505408652,1.495868491474539e-05
d2944a331febba7c_S,14,S,0,29.0,0.014975173519605178,394.83241256990374,688.4692706089074,738.0443770672547,0.017388088306229326,1.3646157640323509e-05
00b8aeea32afb78c_S,47,S,0,16.5,0.024463862313757287,319.22762894327536,619.4781861660097,527.7374031007752,0.011976138565891473,4.619827450369485e-05
f42e78c0012d7976_S,02,S,0,28.1,0.015171633658632984,810.18791148945,876.1446710881493,1606.6019624573378,0.060842954529294654,0.00010209505853708833
