pc1,pc2,device,label
-3.0592244,2.2835658,R,0
-5.030602,2.5544112,R,0
3.915217,1.8614141,R,0
3.371327,-0.45144084,S,0
-3.2686589,2.5573847,R,0
0.77555007,2.3566725,R,0
0.0048384494,1.2756557,R,0
1.3454802,2.077359,S,0
-5.226581,2.0926762,S,1
-0.6596336,1.5579281,S,1
-5.374083,2.4204907,S,1
-2.7026732,2.3238926,S,1
-1.785462,2.4987383,S,0
-2.5077834,1.3528966,R,1
-1.2081931,2.2525785,S,0
-3.6632142,2.8091433,R,1
0.16171399,2.1504548,S,1
1.2861193,1.0351316,R,1
-4.52815,1.5023094,R,0
-2.104831,-0.90538615,R,1
-2.1531167,2.0010357,R,0
-4.4167094,0.50895715,R,0
-2.4336896,1.0097964,R,0
-3.7067761,1.9404556,S,0
-4.935377,1.275329,R,0
3.82947,1.9683619,R,0
-0.76147825,0.70846575,R,0
-0.23022121,2.322689,S,0
-1.1697506,1.8308145,R,1
2.5319412,2.136893,S,1
-5.470515,0.99057937,R,0
-2.058707,1.6790296,S,0
-1.0912995,1.634856,R,0
-4.297002,0.817249,R,0
-1.2400194,2.4176683,S,1
-4.2677445,1.6467804,R,1
3.644797,1.5981303,R,1
-3.6532948,2.7568872,R,0
-3.6053216,1.1971213,S,0
3.996606,1.8262604,R,1
-1.5460364,1.2791965,S,0
-3.7530897,3.245358,S,0
-1.3548348,0.6268915,R,1
2.304318,2.0514588,S,0
-4.0447125,1.958938,R,1
-4.5733232,2.837729,S,0
1.3860997,1.9127731,S,1
-3.6582668,3.2309923,S,1
-2.583276,-0.17698988,R,1
3.923879,1.784612,R,1
-1.8944539,1.9845128,S,0
-0.96683997,2.4299684,S,0
-4.016438,2.6616237,R,1
3.4076235,1.2382495,R,1
4.0292635,1.9368924,R,1
2.8050585,2.1761532,S,1
-1.6793371,1.9768863,S,0
0.5328518,2.1138375,S,1
-3.344951,2.5542362,S,1
-5.2134223,2.070667,S,1
-1.1386104,1.7769095,S,0
3.2018576,1.2409148,R,0
-5.386155,2.1483505,S,1
-2.176862,2.320866,S,0
3.8130739,1.8426762,R,0
-3.4941888,1.4252154,R,0
2.4795148,1.9610026,S,0
-5.0355515,2.300841,S,0
-0.81481576,1.8734069,S,1
0.11812644,2.2036824,S,0
0.4006372,0.90324104,R,0
-3.9583712,2.8073084,R,1
-3.8124056,1.3179456,R,0
-3.4870105,2.084423,R,0
-2.1870592,-0.19770242,R,0
2.4248297,1.748358,R,1
-1.4077064,0.5416088,R,0
1.4961821,0.95655954,R,1
-4.0965214,2.5513074,R,0
-4.841738,1.4541452,R,1
4.055464,1.8995054,R,1
-0.1717336,1.987026,S,0
4.0463333,1.8395759,R,0
3.362397,1.6754575,R,0
2.7467532,2.0233142,S,1
-5.0675836,1.7057505,S,1
-3.369492,1.02425,R,0
-3.863895,2.0236845,R,1
-4.3809133,2.041999,S,0
4.023511,1.8868428,R,0
4.173231,0.33709863,R,0
2.9648006,-1.5140926,S,1
-1.2294121,-0.43357584,R,0
3.2111638,-1.2739438,S,1
3.0064635,0.27612776,R,1
1.1554644,-1.4511117,S,1
-2.7021604,-0.2972429,R,0
1.9765127,-1.7216774,S,1
2.76418,-1.5179049,S,1
3.1789515,0.27068403,R,1
0.3863847,-1.5543702,S,0
-1.7152218,-0.14865164,R,0
-3.05768,-1.2440078,S,0
3.9084227,0.2469116,R,1
0.7393944,-2.0868301,S,0
4.0225987,0.46423838,R,0
-0.87177783,-1.5801942,S,0
3.4412198,0.42631915,R,1
3.2062995,-1.5669488,S,1
3.8254802,-0.13163154,R,0
1.4925245,-3.3352556,S,0
4.0113997,0.39498785,R,1
-4.1435738,0.9696325,S,0
2.9025514,-1.7256035,S,1
3.7882879,0.63851345,R,1
1.9667335,0.2307399,R,0
-1.2082299,-0.745428,R,0
2.7885365,-1.7189912,S,1
3.424687,-0.9788231,S,0
-1.2516364,-5.017292,S,0
-1.0506562,-3.4028792,S,1
3.7885587,0.37432238,R,1
4.151553,0.67893034,R,0
0.8783221,0.31741226,S,1
-2.9360156,-0.3028855,S,1
0.52267057,1.5844631,R,0
2.4489872,2.7178144,R,1
-1.4332596,1.8392103,R,1
0.85215586,-0.12612718,S,1
3.3215175,2.2654698,R,0
-1.0237712,-0.73488575,S,0
1.1348507,2.6828997,R,0
-5.2806196,1.247649,S,0
3.1544256,2.6019123,R,0
3.304124,2.273686,R,0
0.6834325,1.6615136,R,0
-3.702857,1.6096265,R,0
1.2563813,0.9539156,S,1
2.0915709,-0.56796294,S,0
-3.6228116,-0.6631232,S,1
-0.17482513,2.3475397,R,0
-3.167716,0.6326773,S,0
3.582114,2.3544626,R,1
-4.453427,1.2424778,S,0
-4.3471727,1.5433785,S,1
2.770096,2.1413796,R,1
1.8415433,0.05122871,S,1
-0.2660027,1.4834458,R,0
-0.32335225,1.2894787,R,0
-3.9501946,1.4447507,S,0
-5.4364715,1.1971439,S,0
-2.963129,-0.2585424,S,1
-0.67332304,2.2488708,R,0
-4.719154,0.3167746,S,1
2.2551594,0.25174716,S,1
-0.6886159,1.2816656,R,0
-0.72743976,0.29304555,S,1
2.1079776,2.728321,R,1
-0.99049705,1.1752017,R,0
2.3419757,-0.11198361,S,1
1.9616021,2.3225276,R,1
0.8116969,0.5794986,S,1
0.99980724,2.2977414,R,0
-1.3087773,0.5928207,S,1
0.13067016,0.75394034,S,0
2.4312882,0.67872745,R,1
2.052164,0.7060673,S,0
-1.9860902,-0.23249532,R,1
-4.1981196,0.31037733,S,1
2.0382369,0.018916596,R,1
4.0567656,0.90835726,R,0
-0.6208144,1.0893809,S,1
1.7257864,-0.025855126,R,1
-1.4338078,0.91802436,S,1
2.9194732,0.74307626,S,0
1.2520181,0.07788407,R,0
-1.2090026,1.600243,S,1
3.7216952,1.1269884,R,1
3.911124,0.8813116,R,1
-2.0372922,1.4923581,S,1
3.6251626,0.90243465,R,1
0.5414851,-0.25287503,R,0
-0.37375242,1.4693824,S,1
2.3252957,0.8623255,S,1
-4.06051,0.3018703,R,1
3.359103,0.5725373,R,1
-1.2790705,0.38900647,S,0
-1.6736798,-0.3349647,S,0
0.36674455,1.2817189,S,1
0.60374665,0.2575279,R,0
-3.823508,0.61742204,R,0
2.3640366,1.237712,R,1
3.7443957,0.89380604,R,0
-4.5542784,2.3281696,S,0
4.0255613,0.79418755,R,1
-3.6293013,-0.033067092,S,1
-2.9559846,0.094349965,S,1
3.8489175,0.4061708,R,1
-2.3008966,-1.0871847,S,1
-0.67968565,1.2659189,S,1
4.120079,0.8690173,R,1
-3.4270885,0.027640002,S,1
1.8057817,0.5467991,R,1
-1.107104,0.3618972,S,1
-2.0448723,1.3588077,S,1
2.5477042,0.46786425,R,0
-2.488797,-0.08895639,R,1
2.0231965,1.201788,R,1
-0.5099009,-0.1695461,R,0
-3.805197,2.4319184,R,0
2.8708243,-1.383093,S,0
2.1079402,-2.3721976,S,0
-2.5210476,1.8587015,S,0
-2.4750721,1.4613085,S,0
2.28275,-1.7858543,S,1
2.4922445,-1.7225281,S,1
3.1211097,-1.2562354,S,1
4.015386,-0.044553947,R,1
-5.2342634,-1.6390933,R,0
-2.5168507,-1.5542498,S,0
2.6820128,-1.268741,S,0
0.8401406,-1.5450926,S,0
-2.5355806,0.23848869,S,0
0.50968593,-0.34840044,R,1
0.6854892,-0.4513658,S,1
3.1368282,-1.1857513,S,1
-4.8792744,-0.4099714,R,1
3.8970428,0.2932964,R,1
-1.9663963,-0.67486966,R,0
2.803922,-0.43600476,R,0
2.7966228,-1.1015389,S,1
3.4073749,0.23942514,R,0
4.229442,1.104256,R,0
-2.4914026,-1.3973722,S,0
3.7081316,0.052094813,R,1
-0.39194158,-0.7698213,R,0
1.5131923,-0.25205556,S,0
2.1671002,-1.0741501,S,0
3.941286,0.5530396,R,1
-2.6626797,0.063777864,R,1
-3.2208176,0.6618767,S,1
-4.1109242,1.0418534,S,1
-0.31555519,0.3551867,R,1
2.7497675,-1.4814416,S,1
-1.4330847,-1.4709814,R,0
-0.25417367,-0.33488467,S,0
-0.34573036,-0.45138642,R,0
0.73386854,-2.4423747,S,1
-3.496338,-0.73832166,S,1
0.21873376,1.0116938,R,1
3.8209035,0.3171309,R,1
4.109336,0.4133917,R,0
0.13218169,-1.4631926,S,0
3.7629323,0.0910569,R,0
-1.823694,-1.3712234,R,0
0.47599664,-1.6379744,S,0
3.9065776,0.26918888,R,0
3.557414,-0.16637684,R,0
2.5599563,-1.0389589,S,0
3.9374576,0.9709495,R,0
3.1727548,-1.0707965,S,0
2.4486134,-0.8015477,S,1
3.2069373,0.5372991,R,1
1.3898408,-0.44219577,R,1
-2.6379158,-1.2176248,R,0
-1.7692437,-0.5440356,R,0
-1.7692689,-1.8075987,R,1
2.916082,-1.2836348,S,1
3.0930843,-1.3756932,S,1
0.8000327,-1.4249383,S,1
-0.6437087,0.97232956,S,0
0.24271433,-0.106985874,R,1
3.015845,-1.2933391,S,1
-2.2017307,-0.3061168,R,1
0.4942355,-0.55034214,R,0
-0.46679392,-0.30096644,S,0
2.546462,-1.261245,S,0
0.9579386,-1.2644203,S,0
-3.0383804,0.05229806,R,0
-1.3528637,-0.34653708,S,1
2.511891,-0.94162714,S,0
3.548433,0.19200529,R,0
-2.8276885,2.354938,R,0
-1.5756857,-0.6970692,S,0
0.526508,-0.40772805,R,1
3.1624742,-1.0507318,S,1
-0.590263,-1.3892707,S,0
2.0272384,-0.9481965,S,0
1.8195161,-0.925972,S,1
0.50026196,-0.64752334,S,1
-1.4118044,-1.2182018,S,0
0.24606863,-2.0862339,S,0
1.965943,-2.031795,S,1
2.3473613,0.18203355,R,0
-0.38867754,-1.637242,S,0
-2.9076154,-0.13968807,S,1
-3.3744247,-0.37090418,S,1
-1.7222787,-0.6005873,S,1
-1.9973383,-1.3641917,S,0
0.9466488,1.5843428,R,0
3.92064,1.629935,R,1
0.9063899,-3.0394406,S,0
2.1067624,-2.836068,S,1
4.1988497,0.7000328,R,0
-2.089143,-1.1415945,S,0
3.7821922,1.1569965,R,1
3.4123554,1.515949,R,1
-2.3820977,-1.6329753,S,1
-2.4857798,-0.8743365,S,1
-0.5817132,-0.045197096,S,0
-1.6178312,-0.7430406,S,1
1.0769751,-2.2787569,S,0
0.15660125,1.2250018,R,1
1.9673761,-2.533957,S,1
1.2291756,0.0415758,R,0
1.4277107,0.3887549,R,1
4.270715,1.0024449,R,0
4.0021434,0.84848726,R,1
-2.4291363,-0.5926342,S,0
4.015209,1.0573738,R,1
-1.0682887,-1.170199,S,1
4.116097,1.3457887,R,1
-2.1035416,-1.7815742,S,1
2.1399133,-1.864756,S,0
-2.1633825,-0.044588797,S,0
1.056163,-1.4229511,S,1
-1.909427,0.07950938,S,1
-0.14072888,-1.794803,S,1
2.9072182,0.75113535,R,0
-2.9296663,0.14268018,S,1
4.3378806,1.1608539,R,0
-1.7537934,-1.5360171,S,0
1.6860392,0.33013037,R,1
2.5963466,-2.2931945,S,0
4.244198,1.0659845,R,1
2.6517298,1.3841666,R,0
0.6178065,1.5171613,R,1
2.834039,0.4056483,R,0
4.249538,1.2851864,R,1
-3.1577811,0.38653663,S,1
4.112961,0.76744986,R,1
2.4927487,-2.1861706,S,1
3.8820832,0.9894731,R,1
-3.1814737,-0.07271194,S,1
-0.99463654,-0.9752684,S,1
-3.0172544,-0.98941904,S,1
0.37189624,-2.5699766,S,1
3.7759044,0.890578,R,1
0.9547819,-1.2702805,S,1
-1.0172361,-0.6060187,S,1
4.111,1.1221138,R,1
3.8662603,1.1003228,R,1
0.9064252,0.57309645,R,0
4.1576347,0.7669308,R,0
-0.31393537,-0.80181116,S,1
3.9359212,1.0876623,R,1
0.92667186,1.7650774,R,1
-1.5519749,-0.7241272,S,1
1.9141659,-2.3879163,S,1
3.8596375,0.83190393,R,0
3.7958765,1.0625342,R,1
-1.717613,-2.3903718,S,0
3.3723273,0.55423975,R,0
2.4890873,-2.2064157,S,0
4.056475,1.1119152,R,0
-1.9319623,-0.2945322,R,1
2.2692592,0.05328779,R,0
1.2068763,-2.9328542,S,1
2.4646575,-2.4528072,S,1
2.2437475,0.5731064,R,1
4.2129164,0.6809368,R,1
2.4559324,-2.0107296,S,1
-2.4354863,-2.094018,S,0
1.1303407,0.4202707,R,0
-2.8791497,-2.3007195,S,0
4.1575613,0.7808913,R,1
2.323909,-2.667203,S,1
2.459626,0.88477606,R,1
4.0160255,1.1013222,R,0
3.9925153,1.0652742,R,0
4.089466,1.0087329,R,1
-3.5846872,-2.002166,S,1
-2.9811368,-2.4932117,S,0
4.0762634,0.92960304,R,1
4.2360864,0.7935988,R,1
2.2005196,-2.5823781,S,0
3.9996638,0.71157503,R,1
4.2203026,0.6304036,R,0
1.5473521,-2.8687286,S,0
2.4203625,-2.5904856,S,1
-1.2469192,0.8952228,S,0
-2.1629844,-2.569339,S,0
1.0817404,-2.7616372,S,1
4.06105,1.0140166,R,0
4.090643,1.2302799,R,1
-1.4664967,-2.7594538,S,1
1.9769521,-2.66329,S,1
1.8189436,-2.7935698,S,1
4.191285,0.93154615,R,0
3.9905765,1.1783282,R,1
-0.443156,1.093397,R,0
4.1269455,0.7213298,R,1
2.5043223,-2.5733058,S,1
4.145296,0.9495874,R,1
2.6866713,-2.3375475,S,1
2.6143925,-2.6518521,S,0
2.430377,-2.4982667,S,1
2.952159,0.35329777,R,1
3.8954432,1.2711911,R,0
2.2806513,-2.4982755,S,1
4.021064,1.1693802,R,0
-4.605185,1.3926698,R,0
-5.456597,-1.6918247,S,1
-3.52998,-3.0756137,S,1
3.67324,0.5655662,R,1
-5.2822967,-0.3358171,S,0
-3.6671984,-4.406687,S,1
-3.3707566,-4.921213,S,1
3.8803012,0.39270353,R,1
3.8871741,0.6067365,R,0
-1.1077961,-1.274836,R,0
-3.0135186,-4.849604,S,1
0.33991444,-0.5104848,R,1
1.3641187,-0.66633314,R,0
-2.401758,-4.985559,S,1
-3.1119878,-5.0641465,S,1
-0.9902017,-4.809591,S,0
3.6746216,0.75977933,R,0
-4.2239175,-4.08338,S,0
2.335613,0.39757958,R,0
1.5952436,0.32176977,R,1
3.048354,0.53758353,R,1
-2.011621,0.063344486,R,0
-5.577626,0.6231349,R,0
-4.6622477,-3.267372,S,1
3.723976,0.6702503,R,1
-5.3771787,-0.73379475,S,0
-5.8566337,0.6611163,S,1
-3.3119636,-3.6371684,S,1
-2.0958266,-0.943676,R,1
3.709785,0.37198117,R,1
-4.3194675,-3.175015,S,1
3.8820634,0.56990486,R,0
-3.024188,-0.32880816,R,0
-4.4272175,-3.5318954,S,0
-2.873843,-2.441463,S,0
-3.8024757,-3.2722409,S,0
3.7553742,0.53359205,R,0
-1.7371395,-0.58222467,R,0
3.744154,0.6971802,R,1
3.7959902,0.6787381,R,1
-5.725797,0.49124268,S,0
-1.5718273,-2.1006324,S,1
3.9390082,0.7101073,R,1
1.7873466,-2.0146635,S,1
-0.72526497,-0.48674995,S,0
3.9190128,0.14761382,R,0
-3.5064137,-2.6606288,S,1
1.5645101,-3.259118,S,1
-3.3631775,1.0903319,R,0
3.796208,0.4433648,R,1
0.99749,-3.2238898,S,0
2.5445657,0.4871509,R,1
1.4733545,-3.4020448,S,0
1.8772937,-3.036375,S,1
-1.6766855,-4.1257305,S,1
0.6711712,-2.3604708,S,0
-0.1137048,-2.6948104,S,1
2.129808,-3.0173447,S,1
0.7922058,-3.1441848,S,0
1.3468457,-2.1351244,S,0
2.0383058,-3.052936,S,1
3.095657,1.7016453,R,1
1.3631655,-3.6415555,S,1
3.9386773,0.49340653,R,1
3.297162,1.7475415,R,1
1.2417483,-2.0087478,S,1
-0.79424274,-2.0034792,S,1
0.3493474,-3.482914,S,1
1.5422628,-3.0105696,S,1
1.4582019,0.25281772,R,1
2.1017003,-3.0191543,S,1
3.8261185,0.20330623,R,0
3.3942895,0.15968612,R,1
1.6502848,-2.2013156,S,0
3.9436448,0.4062396,R,1
1.2947239,-3.5632226,S,0
4.2279587,0.5589221,R,1
4.185103,0.429464,R,0
1.8812386,-3.298092,S,0
-0.49785376,-1.1029916,S,0
3.7184646,0.61733925,R,0
-5.0977845,-0.99523914,S,0
1.948475,-2.9199634,S,1
1.006451,-0.18692268,R,0
-4.603853,-2.385524,S,1
1.9666848,-2.8987734,S,1
-3.75046,-0.11563722,R,1
4.1833653,0.52198845,R,0
1.5739506,0.071988046,R,1
3.3258665,0.28079742,R,1
-0.62172204,-3.1578944,S,1
3.9586182,0.78915864,R,1
-2.2062526,-2.7668364,S,1
-4.0939713,0.60737866,S,1
1.9528507,-2.940607,S,1
-1.1139812,0.5354246,R,0
-0.03508581,-4.2985106,S,0
-0.7669833,-0.38583592,R,0
3.6980896,0.3144594,R,0
4.0735693,0.15370703,R,1
3.9120078,0.2500488,R,1
-4.3023605,-2.1492803,S,0
0.39658114,-4.3495474,S,1
3.9338236,0.27005225,R,0
2.795807,0.39858675,R,0
3.9029937,0.3558364,R,1
-0.019134985,-4.328644,S,0
3.4653378,0.21091333,R,1
3.867107,0.4074955,R,0
-4.447918,0.7138251,S,0
4.12726,0.5520025,R,1
0.29482195,-4.2318482,S,1
-3.5786061,0.28489694,R,0
-1.0566902,0.87251896,R,0
-4.479787,-1.232528,S,1
-0.02067362,-3.862341,S,1
0.061271086,-4.3909073,S,0
0.5353025,-4.034223,S,1
0.48393315,-4.0889387,S,1
-4.252256,-2.7800765,S,0
3.9502988,0.3719005,R,1
3.6348329,0.12574966,R,0
0.38721478,-4.301707,S,0
-0.36819276,-3.9729176,S,1
-0.69526714,-1.9864041,S,1
3.9339554,0.38764933,R,1
-1.3949329,-1.7073812,R,1
-0.9279279,-3.6073954,S,0
3.2638395,0.29320806,R,0
-5.6289616,-0.09418622,S,0
0.49572304,-4.2882495,S,1
0.9183031,-3.5739024,S,0
3.170656,-0.0056678983,R,0
-0.7715636,-3.1336355,S,0
0.62546605,-4.111117,S,1
0.6331516,-4.107332,S,0
3.3331838,0.23205201,R,0
-3.149981,-0.83524936,R,1
3.9898453,0.37794748,R,1
-4.441231,-1.4764305,S,1
0.037295472,-4.0530877,S,1
-4.705567,-0.7219239,S,0
3.8949912,0.36301985,R,0
-1.6759405,-4.086816,S,0
0.46664262,-4.2653465,S,1
-2.3249052,-5.0701127,S,0
3.646646,0.21629858,R,0
3.4366183,-0.0551424,R,1
-4.7058597,-3.067551,S,1
3.901532,-0.039876185,R,0
-3.65341,-4.4102297,S,1
-5.4632664,-1.4832191,S,1
4.1530843,0.3834958,R,0
2.872793,0.24942341,R,0
3.5238369,-0.055449057,R,1
-3.4685676,-1.0761896,S,0
-2.754758,-2.9967895,S,0
-3.0560398,-2.5244408,R,0
3.234341,0.121440135,R,0
4.0387573,0.2575544,R,1
-4.5676904,-3.0102077,S,1
-5.2645054,-1.7673693,S,0
-4.944941,1.3814675,R,1
3.8520799,0.14183801,R,1
-3.396749,-4.898398,S,1
3.7029958,0.27561456,R,0
-4.4191527,-4.039266,S,0
-3.7693348,-3.4057593,S,0
-3.6266303,-3.836468,S,1
-3.3525279,-4.141034,S,1
3.8719163,0.0809557,R,1
3.938362,0.29794008,R,0
-4.2035866,-1.5177842,S,0
1.650667,-0.24985468,R,0
3.4163785,0.03965914,R,1
-4.371319,-3.1643252,S,1
-3.0310512,-1.1933352,R,0
4.1777735,0.5445879,R,0
4.135716,0.8939581,R,0
3.743435,-0.5487053,S,1
4.1703234,0.66122115,R,0
3.90277,0.618083,R,0
4.122022,0.7268294,R,0
4.0745277,0.68192357,R,0
-2.5664275,0.58597845,R,0
3.9237337,0.69436765,R,0
3.6309507,-0.15393445,S,1
-1.9753244,1.4645503,R,0
3.399112,-0.6460216,S,0
3.993087,0.67476696,R,1
4.2148943,0.7236246,R,1
3.577582,-0.54711455,S,0
-2.15504,0.8234833,R,0
4.188026,0.5908231,R,0
3.2865162,-0.8965446,S,0
4.115235,0.7640956,R,1
3.312933,-0.5307625,S,1
3.2508552,-0.12918147,S,1
-2.1130602,1.0026749,R,0
-2.1669257,0.6512062,R,1
-2.3796623,0.8445878,R,0
4.105461,0.6513568,R,1
3.5211916,-0.43234226,S,1
-2.5566998,1.0189177,S,0
4.1580567,0.51342565,R,1
4.183855,0.69569707,R,1
-3.7500906,0.78117424,S,1
2.027358,-0.68049914,S,1
3.9810154,0.21900682,R,1
-2.963058,2.9001002,R,1
3.8591783,0.20750515,R,0
-2.8051221,-0.40113097,S,0
3.8810673,0.15074751,R,1
2.282811,-0.124790475,S,1
0.73139334,-0.2035784,S,1
-0.32192513,-1.176752,R,1
0.85998803,-0.8919255,R,0
2.6363757,-0.37316293,S,1
2.4881756,-0.5260336,S,1
-2.5067096,-0.4645197,R,0
2.6497867,-0.5248879,S,1
-4.4138956,2.0971832,S,1
0.35397276,-0.41708377,S,0
1.8807379,-0.39861253,S,1
-4.4979267,1.7887737,S,1
3.8724823,0.105922066,R,1
2.442314,-0.72686154,S,1
-0.49368018,-0.058900308,S,0
1.0719534,-1.1742364,R,0
-0.31423226,-0.4856922,S,0
-3.950301,1.8462417,S,0
1.8898517,-0.72370625,S,0
-3.7764566,2.2739806,R,0
2.2120433,-0.44751227,S,0
-5.0812154,0.831269,S,0
3.834161,0.14945331,R,1
1.7986317,-0.72804326,R,0
3.7812684,0.28335318,R,1
3.74508,0.058773432,R,0
1.6921667,-0.9104518,R,0
-0.0034586224,0.27656415,S,0
-1.2956119,0.3090808,S,0
4.11923,0.4113305,R,1
2.9932234,-0.26145774,S,1
3.98107,0.5730896,R,1
3.731439,0.16621989,R,1
1.0443376,-0.38972506,S,0
3.8217256,0.40038863,R,1
3.8506048,0.14368854,R,1
2.31632,-0.67131543,S,0
0.8575724,-0.027225861,S,1
-0.94442755,0.4063408,S,0
2.8454618,-0.4977109,S,0
3.8142006,0.17070872,R,1
-4.4989014,1.4663147,S,1
-3.9876564,2.2908375,S,1
-4.429648,1.9379383,S,1
2.6822293,-0.45691562,S,1
3.5613465,0.42776644,R,0
3.8514185,0.18057416,R,1
-1.6154037,-1.7684971,R,1
3.8740637,0.15162078,R,1
-3.8361475,0.061795816,S,0
3.91172,0.00016500059,R,1
-4.0808945,2.2299435,S,0
3.9968805,0.22499125,R,1
-1.1522435,0.6398212,S,0
2.4380763,-0.07065484,S,1
3.890599,0.24776138,R,1
1.9530948,0.123401634,S,0
3.7185895,0.12203106,R,1
3.961525,0.22138858,R,1
3.7810197,0.27382845,R,1
3.4067698,-0.08117274,R,1
-2.3168275,0.31963253,S,0
-2.556183,-0.5030886,S,0
3.7321372,0.27586353,R,1
1.8372141,-0.48247734,R,0
-4.2838473,1.5315249,S,1
3.829615,0.24607615,R,1
-3.8750083,1.2339776,S,0
-3.681577,0.66052544,R,0
-1.5784409,-0.30786422,S,0
-3.0522895,1.9899151,S,0
-4.684065,-0.06011453,S,0
-4.065497,0.69793904,S,0
2.564089,-0.3814826,R,0
-3.5052633,-0.294015,R,1
1.4390986,-3.607842,S,0
-2.7730489,-1.564245,S,1
-2.8599737,-1.234083,R,1
-0.3601877,-1.0614656,R,1
-5.596062,1.9511164,S,0
-3.9346128,-0.26672536,S,0
-2.5270436,0.012653866,R,0
-4.4341917,0.032969993,S,1
-1.504474,-0.67537796,R,0
-2.4660726,-0.1381678,S,1
3.6395712,-0.019679919,R,0
-1.4250938,-1.4938107,S,0
3.7455316,0.5961303,R,0
3.3923721,0.018060884,R,1
-0.82548213,-0.7647353,S,0
-4.823185,2.215654,S,1
-5.6800804,0.7615562,R,1
3.7520134,0.3871845,R,0
0.71915096,-0.72135526,R,1
3.9456322,0.24474636,R,1
2.6117597,-0.17808129,R,0
-1.9867407,-2.1059477,S,0
-2.0636864,-0.82373637,S,0
-3.196703,2.0500395,S,0
-0.49607453,-1.4757485,R,0
-4.0265856,-1.6189338,S,0
3.0093286,-0.21628205,R,0
-3.1267402,-0.951041,R,0
-4.2253394,2.0281808,S,0
-3.9654372,0.8404312,R,0
1.9278896,-0.38669163,R,0
3.671825,0.59104985,R,0
-2.4226785,0.299497,R,0
-3.2584445,-1.1365224,S,0
-4.3091025,-0.21025695,R,1
-1.6610047,-1.0458792,R,0
3.5711093,-0.23229732,R,0
3.1937523,-0.022611283,R,0
-1.6590431,-2.7256413,S,1
1.3782881,-3.3809688,S,1
2.5404277,-0.4514756,R,0
-2.3224313,-2.29634,S,0
-5.6698666,0.6656304,R,1
-4.3796597,0.21869996,S,1
-2.245959,2.009515,S,0
-3.4556973,-0.96297485,S,0
3.7511227,0.2949603,R,0
2.4920926,-0.30385235,R,0
2.4099581,-0.2815884,R,0
-1.3801593,-2.1917841,S,0
-1.4300891,-0.87566614,R,1
3.3950474,0.29562807,R,0
-1.1174562,0.024964659,R,0
4.0076127,-0.05885093,R,0
-2.828676,-1.947698,S,0
1.0411464,-0.7923184,R,1
-4.569444,1.968419,S,1
-4.4571495,0.45814455,S,1
3.9180875,0.36570668,R,0
-3.865035,1.8662239,S,0
-5.1863523,-0.35398012,S,0
1.8163446,-0.7840503,R,1
-3.6161485,-0.9313178,S,1
1.6977108,-0.7603935,R,1
3.607937,0.12778099,R,0
-2.8936174,-0.7075912,R,0
-3.047862,-0.84543496,R,1
3.3006263,-0.53641135,R,0
-1.334965,-3.499019,S,0
-1.6040152,-1.456092,R,1
-4.0283556,0.27294186,S,1
1.395078,-1.6719562,R,0
-1.0440519,-2.3157601,S,1
-4.954539,1.0100901,S,0
2.1038506,-0.26860684,R,0
1.135978,-3.724095,S,0
2.7351925,-1.436156,R,0
-1.1338722,-1.2651393,R,1
-3.6021402,1.1605175,S,0
-4.3663764,2.3573248,S,1
-4.7613907,1.2358513,S,1
-4.574755,1.7670753,R,1
1.7384857,-1.7787378,R,0
-2.35049,-2.1663427,S,1
-2.6032357,-1.8105197,S,1
-3.3875253,1.4493867,S,0
1.0759038,-3.4531534,S,0
0.6309645,-0.8882558,R,0
0.999095,-3.4652786,S,1
-4.9471183,0.57858783,S,0
2.0312307,-0.44155756,R,1
-3.6463122,0.50598425,R,1
-3.2514255,0.5174495,R,0
-1.724599,1.4585162,S,0
-2.003133,-1.1311435,S,0
-0.6237077,-1.49976,R,0
-0.28387395,-0.6070162,R,1
-0.21506953,-3.3810573,S,0
-1.071764,-0.9727487,R,1
-5.076864,0.8994925,R,0
3.12671,0.054204285,R,0
-1.4282979,-1.6467685,S,0
0.85952795,-2.4221358,R,0
3.7663677,0.23909055,R,0
-4.802816,0.9078307,R,1
2.3869271,-0.75133497,R,0
4.0639668,0.15992355,R,0
-3.648402,-0.66522706,R,1
0.53185415,-2.5502598,S,1
3.3665013,0.35636887,R,1
-4.704095,1.0496802,R,1
-2.1985023,-2.2428901,S,0
3.5240643,-0.069003314,R,1
-4.7246714,1.4962368,S,1
-1.8549552,-1.9868625,S,1
3.7956781,0.42237893,R,0
-5.466689,-2.3237522,R,0
3.9766026,1.974438,R,0
2.4905453,1.8321637,R,0
4.2383685,1.7211986,R,0
1.4622742,-3.7232697,S,0
4.177608,0.9969801,R,1
0.45824382,-3.251264,S,1
1.3025483,-3.4901643,S,1
3.6332664,2.3487985,R,1
4.0611873,0.9484251,R,0
4.245711,1.0972286,R,0
3.9816296,1.4865878,R,1
4.204703,1.8775573,R,1
-2.8397892,2.2223396,R,0
3.609339,1.7954096,R,0
-2.3573253,0.81412464,R,0
3.4651492,1.3286499,R,1
-4.0704722,2.4561,R,0
-3.896628,2.799726,S,0
-2.924302,1.047147,S,0
1.8230499,1.9789668,S,0
-3.5760381,1.2776926,S,0
-0.2582846,1.7605716,S,0
-1.3657748,0.09575569,R,0
0.4321644,1.7422044,S,0
3.2951136,1.4785275,R,1
2.0451534,1.6235858,R,1
1.9699959,1.5765678,R,1
3.2376628,1.4177542,R,0
-3.3286116,1.5240619,R,1
-2.938185,0.8256269,S,0
3.3921435,1.4578384,R,1
1.5264786,1.5484117,S,0
3.7658443,1.7415459,R,0
3.5993354,1.6806686,R,1
3.9836652,1.487203,R,0
-4.3817215,2.1999578,R,0
-3.9896812,1.3486618,R,1
2.5601215,1.7090334,S,1
2.8661294,1.3679187,R,1
-2.4021702,0.7749478,R,0
1.7747593,0.81887066,R,1
2.1253114,1.2800783,R,0
2.493012,1.8187929,S,0
2.3339627,1.2707416,R,0
-0.12027966,1.0130122,R,0
-3.4203274,1.0722808,S,0
-3.8683536,1.8210679,R,1
2.9037206,1.6820719,S,0
-3.9447913,2.1170936,S,0
-2.9362752,1.2659409,S,0
-3.82985,1.2052356,S,1
-2.8950257,1.5173054,R,0
-3.6536586,1.4297252,R,1
-5.650736,1.305502,R,1
-2.9320283,1.3253818,R,0
3.3266814,1.4785665,R,1
0.5821178,0.99316514,R,1
-2.017246,0.66487354,R,0
2.7828937,1.399719,S,0
-0.47370714,1.2125657,R,0
3.5117002,0.9086921,R,0
-3.4492934,0.89641696,R,1
-2.7219572,-0.31517082,R,1
2.901617,1.7637364,S,0
2.5211399,1.5195587,S,1
-0.06749776,1.4902169,S,1
-5.5726047,1.2136488,R,1
-4.8812714,1.823718,S,1
-3.5941458,0.88050216,R,0
2.6896672,1.7247611,S,0
3.808038,1.7381562,R,0
-1.8530542,0.80135167,R,1
3.6981153,1.8483263,R,0
2.2635741,1.643383,S,0
-1.1381137,0.81996244,R,1
-3.572238,2.0472436,S,0
-3.7008424,2.7196238,R,0
2.587447,2.0910258,S,1
-2.1601596,1.147936,R,1
0.07502542,0.6014004,R,1
3.518847,1.6613246,R,1
-4.182026,2.3936996,R,0
-3.590824,0.8614161,R,1
3.498186,1.9622455,R,0
2.9169707,1.9189736,S,1
2.5023441,1.4900626,S,0
2.2173302,1.741772,R,0
-5.3345733,1.8155819,S,1
1.1294398,1.9932235,S,1
-3.7298872,0.9389415,S,1
-4.005834,1.8802959,R,0
-2.3347616,0.57569265,R,0
-3.892136,2.1785088,S,0
2.3079462,1.656577,R,1
-3.256472,1.0725778,R,0
-3.1831167,0.22256728,R,1
-0.47896513,1.0854169,R,0
2.6276581,1.5321445,S,0
-0.2523367,1.3540694,S,1
-1.4154665,0.84992224,R,0
2.4063783,2.3150942,S,0
-3.0013504,0.64683247,R,1
1.0189762,2.383661,S,0
1.9206203,1.3918178,S,1
-4.219045,1.4965416,R,1
-4.035997,0.36489445,R,1
-5.3374486,2.0656722,S,1
-3.8669503,2.7911484,S,0
-1.4827543,1.8009987,S,1
1.0172648,1.591369,S,0
-3.785366,1.7895348,S,0
-3.904139,1.0906456,R,0
1.0041099,2.0320232,S,1
-4.072697,2.3917654,R,0
-3.4977088,2.97045,S,0
-5.349299,1.4630697,R,1
-3.6272445,1.2841216,S,0
-3.281902,1.6733009,S,0
1.5915166,1.5171266,S,1
-3.8883286,2.520152,S,0
2.9270365,1.4013156,R,1
1.7817187,1.1324707,S,1
-0.2874369,0.9801998,R,1
3.0146651,1.5046079,S,1
-3.2657516,1.4595665,R,0
-3.3259788,1.1998888,R,0
-2.2691724,0.6671253,R,0
-4.0172176,1.2657193,S,1
2.9307456,1.9075474,R,1
0.82908976,1.4663533,S,0
-3.6426928,1.269976,S,0
-3.8793404,3.039485,R,0
-3.8857138,1.7124461,S,0
-4.2510695,1.1537775,S,0
3.6312013,2.8423243,R,1
-1.6882964,1.8140442,R,0
-4.5271263,2.5787356,R,1
-4.554146,1.9714077,R,1
-3.0137057,2.9874797,R,1
-3.4272091,2.5807362,S,1
-4.800872,1.9612254,S,1
-3.1600711,1.3553243,S,1
-3.1603847,2.9662352,S,0
3.7202792,2.5404937,R,1
1.7797885,-0.9253667,S,0
3.0814543,1.0812205,R,0
-0.68313724,0.46902695,R,0
2.1579573,-1.06938,S,0
-4.911304,2.283693,S,0
2.118915,-1.1331178,S,0
-1.06366,1.9377053,R,0
-0.2818194,1.3588952,R,0
-3.232919,2.074164,S,0
-3.3724568,2.6388497,R,0
2.1620612,-1.1394466,S,0
-4.604426,1.9549242,S,0
-0.4650862,2.2028306,R,1
-3.8692682,2.2620711,S,1
-3.3698194,3.5421538,S,1
1.1044302,2.0879889,S,0
1.9606199,2.804665,R,1
2.4411128,3.0641475,R,0
-4.156497,2.4502296,S,0
-3.8508906,2.167703,S,1
2.5698254,-0.8429775,S,0
-4.313754,2.220805,R,0
-4.212484,1.4852661,S,1
-5.912448,2.0950446,S,1
-3.0316324,2.4618485,R,1
1.927847,2.2165606,R,1
-1.6705047,0.12563734,S,0
-3.874786,2.3130054,R,0
4.0386276,1.6830913,R,0
-4.4989805,2.5811064,R,1
-2.6024945,2.0555835,R,0
1.7009969,2.3950298,R,0
1.9674238,2.7280746,S,1
-4.2298036,1.5874991,S,1
-3.6528435,1.6812583,R,0
-1.7499352,2.114712,R,1
-4.2247615,1.9501525,S,1
-3.655199,1.6441218,R,0
-0.52375466,2.24679,R,1
-4.0229387,2.61337,R,0
-1.1075777,1.2449039,S,0
0.83471084,2.4521072,R,0
-2.7717195,3.6184044,S,1
-2.2214842,3.1003044,R,1
-5.003018,2.6966157,R,1
3.578386,3.0511684,R,1
-3.9675312,2.2537317,S,0
-2.7122169,3.644916,R,1
-4.3969464,2.113913,S,1
-4.5317645,2.0257277,S,1
-2.5757036,3.533292,S,1
1.2141845,-1.1388847,S,0
-2.6161284,2.8601723,R,0
-2.7380714,2.8542671,S,0
1.9508978,-1.4503624,S,0
3.6602821,2.6211314,R,1
-4.0360203,2.5908244,R,1
-4.233191,1.9806665,S,1
-3.423428,2.387607,R,0
-3.5320318,1.5984687,S,1
-3.637207,2.9069357,S,0
-3.486616,2.1966057,R,0
-3.2041676,2.3118188,S,0
-3.3061666,1.9105836,R,1
-3.3045273,2.8954701,R,0
3.525658,3.0425806,R,1
-3.250048,1.3855834,S,0
-3.4957871,2.0035386,R,1
-3.0011442,2.301711,R,0
3.6904662,2.7856104,R,0
-4.0492945,1.9260691,S,0
-3.9450095,2.5393736,S,1
-3.6401944,1.5400262,S,0
2.3255067,-1.0496902,S,0
-3.2052445,3.091451,R,1
4.0936375,0.54310596,R,1
3.7998822,0.50612,R,1
-1.7940284,0.9107616,S,0
1.0471662,-1.3940779,S,1
-1.6985266,0.9349728,R,0
3.5071778,0.28159967,R,1
-3.3154066,1.9618975,S,0
3.470824,0.5323731,R,0
1.1972253,-1.67729,S,0
-3.9654405,1.5665584,S,0
1.7927111,-0.65763885,S,1
0.48158914,-0.27113318,R,0
4.04473,0.5873434,R,1
2.2869055,-1.8952547,S,1
-1.9657314,1.6822827,S,0
3.5615745,0.37442896,R,0
3.6776469,0.62207246,R,1
0.48922032,0.33368325,S,1
0.07559014,0.14589892,R,0
-1.7072824,1.4390613,S,0
3.4676814,-0.15159146,R,1
1.7940594,-0.78204507,S,0
3.8188438,0.2579327,R,1
2.9345815,0.16533154,R,1
2.9803507,0.16606592,R,1
-1.6006799,1.0361819,R,0
3.0149357,0.65297115,R,1
2.1681108,-0.054769617,R,1
-0.4604128,-0.76224345,R,1
3.6838105,0.66374487,R,0
2.7200112,-1.5588756,S,0
-3.7319233,0.6365644,S,0
1.4358964,-1.1965626,S,0
3.780242,0.26294696,R,0
-1.8906342,1.0414495,R,0
4.021018,0.49344832,R,1
-0.741016,0.606692,S,1
2.6257882,-1.6884553,S,1
-1.8337678,1.3033719,R,0
-1.381683,-1.0576398,R,0
-2.1238828,1.9317176,S,0
0.10476765,-1.2174178,S,0
-1.8686993,1.0349938,S,1
1.9881256,0.9245015,S,1
2.3495219,0.011614402,S,0
3.9406114,2.018622,R,1
3.966896,2.1663988,R,1
1.7817528,-0.648683,S,1
4.143967,2.2664816,R,1
4.172449,2.0721538,R,0
1.9062247,0.11843667,S,1
3.7660465,2.0461202,R,0
3.9219515,1.7062056,R,1
0.6283063,0.7059639,S,1
3.2655916,2.433497,R,1
3.2678754,2.180624,R,0
3.3224537,2.0779672,R,1
3.772176,2.0871546,R,1
1.6340159,0.31888887,S,1
3.895119,2.0519273,R,1
2.2653277,0.17941287,S,1
2.1697834,0.016107475,S,0
0.5391465,1.5338137,R,1
3.9780777,1.9382666,R,0
2.3154986,0.29025388,S,0
3.956223,2.0332448,R,1
1.914948,0.7315714,S,0
-3.5921075,2.2712152,S,1
0.21041249,1.689343,R,1
2.009741,0.13074732,S,0
1.968255,0.040098157,S,0
1.7265555,2.2918053,R,0
1.2796005,1.9960889,R,0
-3.931318,1.0485849,R,1
-3.946298,0.30214217,S,1
3.0376031,2.7113774,R,0
1.6215764,2.112663,R,0
-1.4419212,-0.77475023,S,0
-3.8833408,2.6860409,S,1
-3.6133146,2.458138,R,0
-2.9894378,0.8559375,S,1
-3.8576412,3.1946647,R,0
3.594021,2.1352637,R,1
3.5869737,2.4238412,R,0
3.7553792,2.184296,R,1
2.8403733,0.0017601926,S,1
0.3278053,0.98802143,S,1
-3.085724,2.9552298,R,1
2.5816178,0.23103231,S,0
-2.0423794,2.0030446,S,1
-2.5911133,0.78996646,S,1
-4.979366,2.360535,S,1
-6.8017817,1.0410414,R,0
3.5600085,2.6464567,R,0
1.4017917,1.7089876,R,1
-3.905196,2.5650177,R,1
-3.4496326,2.9058363,R,1
-4.833218,2.6437378,R,1
2.8849938,0.5007066,S,1
2.8154862,0.0968739,S,0
-3.5380914,2.5069058,S,0
-2.8539536,1.998672,S,1
3.8166497,1.787637,R,1
-5.212647,2.6249998,R,0
-2.964743,2.7093465,S,1
-4.7612715,2.436644,S,1
3.893277,1.6903903,R,0
-5.2899394,2.4355414,S,0
-2.7847028,2.270059,S,1
-4.3295183,2.4680486,S,0
-4.279543,2.0880864,R,0
0.717456,1.2254673,R,0
3.2827845,2.277725,R,0
-0.6285376,1.2163812,R,0
-0.612724,-0.36934733,S,1
1.9151447,0.74451745,S,1
-4.7344007,2.642752,S,0
-1.7876188,2.857168,R,1
-2.1129606,1.0136546,S,0
-3.8683794,2.3643498,R,1
-3.6605363,2.3311012,R,0
-2.700204,0.93350303,S,1
-3.9885604,2.9586549,R,0
-4.2960887,2.8452127,R,1
2.7727978,2.7044196,R,0
-4.764156,2.2091057,R,0
-2.6404505,2.5830472,R,0
-4.1297264,2.1031435,S,1
2.5760098,0.18890993,S,0
-6.034117,0.827579,S,0
-5.9044785,1.8041301,S,1
-4.891526,1.2356915,S,1
1.934714,2.206217,R,0
-3.1356206,0.7409618,R,0
-5.638263,2.0935853,S,1
1.8627353,0.36879462,S,1
3.7316992,2.1029549,R,0
1.7678014,0.5299034,S,0
2.4058833,-0.12586005,S,0
1.7910438,2.1461217,R,1
-2.814677,2.2216086,S,0
-6.15579,1.8631983,R,1
-6.2630196,1.9366776,S,1
-3.0064828,2.336312,S,1
-0.0873279,1.3649238,S,0
-2.9057262,2.3033803,S,1
2.0901265,0.50881946,S,0
2.0611832,-0.20581476,S,0
-4.6124516,2.410388,R,0
2.030519,-0.37717482,S,0
-2.773045,1.7320477,R,1
2.399943,-0.0005039399,S,0
-3.096698,3.035668,R,1
-0.16923605,1.7691315,R,0
-3.692282,1.9704374,S,1
-3.3812077,2.9086554,R,1
0.74072134,2.07098,R,0
-2.3095922,-5.1783056,S,0
4.180325,0.6537312,R,0
3.6785178,0.32404166,R,1
4.1834702,0.45133886,R,0
-1.950078,-5.192657,S,0
4.064358,0.6598014,R,1
4.0901766,0.48883924,R,1
3.6941245,0.45263004,R,1
2.6123233,0.41164216,R,1
-1.8423864,-4.9261727,S,1
4.1087494,0.5703106,R,0
-1.2870698,-5.104469,S,0
4.1299906,0.6422627,R,1
-3.4604063,-4.2053776,S,1
4.106958,0.37755617,R,0
1.093684,-1.5839661,S,0
4.059707,0.64919615,R,0
-3.0852432,-5.0189204,S,0
-2.511041,-4.624488,S,1
4.178025,0.5402365,R,1
3.8886006,0.42797008,R,1
-2.818416,-4.817607,S,1
4.0872884,0.5320294,R,0
-1.5057368,1.2573363,R,0
4.2670574,0.64099246,R,0
4.0489664,0.451583,R,0
-3.3623111,-2.6478152,S,0
-2.3237774,-5.235216,S,0
3.998564,0.64113706,R,0
4.2981024,0.6393879,R,0
-2.0813491,-4.9596934,S,1
3.81266,-0.041385815,R,1
4.085597,0.11096749,R,0
3.7459142,-0.046756305,R,0
-0.40910158,-4.3869443,S,0
3.9604094,0.14455767,R,0
-0.91195226,-4.583037,S,1
-0.20401075,-4.087463,S,0
3.9479227,0.16414692,R,1
-0.6069987,-4.6521215,S,0
-0.46777856,-4.3371587,S,0
2.8415666,-0.30848405,R,1
-0.5446699,-4.554546,S,0
-0.44233584,-4.492405,S,1
3.6148622,0.1721887,R,1
-0.8847448,-3.8277078,S,1
0.28534716,-3.8161085,S,0
-0.8894908,-4.360302,S,1
3.6452143,-0.57466584,R,0
2.8084188,0.7478321,R,1
3.5762231,0.009689598,R,1
-4.094857,-0.09900919,S,1
-3.9302366,0.8172284,R,1
0.0118060205,-1.1729358,R,1
3.7604113,-0.1788262,R,1
0.7198732,-2.8396869,S,1
0.53923136,-3.2979221,S,0
2.0397663,-1.9320713,S,0
1.651593,-1.2324938,S,0
3.8893414,-0.10534522,R,0
-2.7673075,-2.3914816,S,1
-2.8266134,-2.5362408,S,1
3.8568988,-0.038600978,R,1
-0.650471,1.0574465,R,1
3.596872,-0.41389263,R,0
2.1037486,-1.6869482,S,1
0.6920387,-3.879146,S,1
0.72717553,-3.284358,S,1
-1.7793111,-1.6280109,S,0
-2.0964158,0.9895542,R,0
0.80931383,-3.9825218,S,1
-4.0588503,1.0459933,R,0
3.3614452,-0.32105997,R,0
3.675089,-0.30178493,R,0
-0.51892686,-3.529095,S,0
-0.2196262,-3.6039922,S,1
-1.1167496,-2.084825,S,1
0.1028979,-3.0184624,S,1
-0.786082,-2.5782585,S,0
0.6983156,-3.3767262,S,0
2.4910905,0.4567832,R,0
-1.9861932,0.5196527,R,0
-3.457714,-1.2575994,S,0
-0.21533029,-4.158976,S,0
-2.4994235,-1.6313446,S,0
3.5396671,-0.10889722,R,0
3.158682,0.3770354,R,1
3.6694865,0.09000788,R,0
3.612341,0.027689068,R,1
1.3145455,-3.776388,S,1
-2.2012892,0.3131078,S,1
3.383532,-0.13614732,R,0
-0.023838801,-3.5506408,S,0
3.1863637,-0.20364054,R,0
1.2136855,-3.6239076,S,1
-0.06428342,-4.061737,S,0
1.2298357,-3.8963695,S,0
3.6375897,-0.042461805,R,0
1.3369794,-0.8035404,R,0
-2.07815,0.82534057,R,1
-3.8648586,0.1113544,R,0
3.8517222,-0.03431063,R,0
1.6698174,-1.596056,S,0
1.3707422,-3.5659864,S,1
3.6499078,-0.035643812,R,0
2.5718222,-1.4246062,S,0
-1.8536067,0.44095814,R,1
1.0626698,-3.5908103,S,1
1.4598142,-0.27627346,R,1
3.9790688,0.08822201,R,1
3.484969,0.2096488,R,0
3.5114665,0.01061426,R,1
3.6190715,-0.47354543,R,0
-4.5560474,-0.98269457,S,1
3.0932622,0.31528333,R,1
3.3992198,0.0038952157,R,0
2.4457834,-1.9564782,S,0
-1.1133014,-0.4007069,R,1
3.6600714,-0.09105965,R,1
3.9092972,-0.037204772,R,1
-0.3439357,-2.7015514,S,0
-2.4115295,1.4127663,R,0
2.1594663,-1.9856755,S,1
-1.5999631,-2.604857,S,1
3.6693377,0.05440294,R,0
0.9106461,-0.3020049,R,1
3.8828557,0.01235519,R,1
0.29385182,-2.93396,S,0
-3.4069076,1.6245011,S,0
-2.0784695,0.9005557,R,0
2.3250022,-2.1262224,S,0
-0.30298054,-2.3075817,S,1
3.808751,-0.09135982,R,1
3.9821925,0.1225359,R,1
-4.243786,1.7489175,R,0
-0.009908687,-4.1353536,S,1
-0.22445552,-3.6959171,S,0
3.8303611,-0.16552609,R,1
0.8753976,-2.210309,S,1
3.9632332,0.04921447,R,0
3.4514062,-0.24287567,R,1
1.0154535,0.27753934,R,0
-2.6719341,-1.3188217,S,1
3.6269853,-0.12911497,R,1
3.6995485,-0.44922504,R,1
2.173702,-1.1409106,R,0
3.7974563,-0.1503714,R,0
0.28759393,-2.531277,S,0
-1.8175346,-2.6266925,S,0
-0.14084877,-3.9756858,S,1
3.6513126,-0.15118466,R,0
-0.7361005,-4.0643506,S,1
0.35536325,-2.1918352,S,1
2.855036,-0.4158895,R,0
3.9008067,-0.090086155,R,0
0.70654684,-3.1275957,S,1
0.08996271,-2.6096866,S,1
3.4282467,-0.32968733,R,1
3.7755952,-0.21413586,R,1
-0.4634755,-4.186262,S,1
1.2608877,-2.3898125,S,0
-0.61937153,-4.565508,S,1
3.8647058,0.08579616,R,1
-3.0357425,-0.5394548,R,0
3.9998057,1.9434289,R,1
3.0777469,-0.107993245,S,1
2.1791084,0.17146696,S,1
-3.694928,2.6613686,R,0
3.4662542,1.8435102,R,0
4.0428247,1.3309764,R,0
3.0005398,-0.599965,S,1
4.015479,0.8965388,R,0
-0.07038815,-0.7427931,S,0
3.8861296,1.4639415,R,1
2.8091214,-0.6405437,S,1
0.24890402,1.0407223,R,0
3.7930944,1.8968128,R,1
2.9418306,1.2211509,S,0
1.0296621,-0.05976475,S,0
3.2914257,1.6383727,R,0
-1.0179173,2.3011878,R,0
-3.298037,0.946368,S,0
0.67119104,-0.31059375,R,0
1.8781574,0.86459804,S,0
2.7954748,-0.08627821,S,1
3.8988624,1.8366308,R,1
3.1650221,-0.21438795,S,1
4.038963,1.3444394,R,1
-4.0009165,1.7723634,S,0
3.9488473,2.1194255,R,1
3.4067504,1.8808359,R,1
3.9958873,1.7750021,R,1
0.031534243,-0.9105646,S,1
-4.5056453,0.6565316,R,0
-3.4909823,0.36696875,S,0
-2.5393853,1.491876,R,0
0.5441262,0.83964413,R,0
2.7054517,-0.10623963,S,1
3.5920572,1.9185456,R,1
3.8314724,1.1465685,R,0
0.13086693,1.0148988,R,1
3.9881306,1.3927047,R,1
2.6704264,-0.19940272,S,1
4.11162,0.7773377,R,1
-3.3908339,0.5969113,R,1
2.614138,1.4293499,S,1
1.9641438,1.1986753,R,1
2.4055953,3.2868664,R,0
-4.4029174,1.5000874,R,1
2.711545,-0.21567565,S,1
4.0074277,1.1235542,R,0
3.8474765,1.6719228,R,1
3.2239544,1.5516939,R,0
2.1915107,0.41358376,S,0
2.600918,0.1156778,S,1
2.341682,0.23744342,S,0
-2.758884,2.516247,S,0
2.865221,-0.09344167,S,1
2.9051023,1.487173,R,0
-3.9362571,-0.32835174,S,1
2.7337594,0.91487086,S,1
0.29680422,-0.5186326,S,1
3.8188832,1.7518847,R,1
3.9745438,1.3502262,R,1
4.0118194,1.3555986,R,1
2.8211756,-0.4450809,S,1
3.1426823,0.045304246,S,1
3.964876,0.8494093,R,1
2.1009345,0.19489837,S,1
3.2701256,0.3180338,S,0
2.442653,1.6917368,R,0
2.7367346,-0.15058972,S,1
3.9029834,2.0903344,R,1
-1.8800877,0.30192018,S,0
-1.9580394,0.9351779,R,0
-2.655821,-0.045171864,S,0
3.8639734,1.8847543,R,1
-4.04792,2.0836844,S,0
1.9804884,1.0823995,R,0
2.7085629,-0.10069038,S,1
4.0804563,1.389619,R,1
4.0818973,1.6984311,R,1
2.9612103,-0.14980236,S,1
4.134541,0.9938638,R,0
2.9662762,1.7182617,R,0
3.8207974,2.2958064,R,1
-4.636058,1.4562339,S,1
1.869189,-0.25781938,S,1
2.9857867,2.4294786,R,0
-1.3273478,-0.9086598,S,1
2.389285,2.769049,R,0
3.381139,0.7948161,S,0
1.9154006,0.284615,S,0
3.1006298,2.683422,R,1
3.9430604,1.818384,R,1
-4.1364055,-0.1395523,R,0
1.4194968,-0.27267805,S,0
3.2309976,0.15502162,S,1
3.0455673,2.8003356,R,1
3.4901667,2.1980982,R,1
4.129003,1.6402473,R,1
-4.2870383,0.9542429,S,1
1.3533984,1.4496849,S,0
-1.1241676,-4.3774223,S,0
-1.0497572,-2.761663,S,1
2.1028044,-0.4446811,R,1
2.1462898,-2.8900933,S,1
-4.4070387,-1.2195052,S,0
0.09998192,-2.9190974,S,1
3.7260935,0.6527261,R,0
0.17424925,-2.839267,S,0
3.7817535,0.47247157,R,1
-3.543933,1.0138749,R,0
1.4756993,1.2623581,S,0
3.9711387,0.5191462,R,1
-2.0854871,-4.27955,S,1
-3.0717945,0.998811,S,0
3.3187747,0.040055715,R,0
1.7502278,0.1308783,R,1
-1.0676348,-2.8469574,S,1
3.8346636,0.30640098,R,0
2.9247122,0.22477186,R,0
1.6466713,1.1412437,R,0
1.7936338,-0.09571518,R,1
2.2628772,0.7796417,R,0
1.8625089,-0.49723563,R,1
-2.7515852,-0.83033067,R,1
3.7205343,0.59438217,R,0
3.3142917,-0.30899373,R,1
4.0808406,0.5558,R,1
3.5666773,0.45376685,R,0
2.629332,-0.5279001,S,0
3.7341673,0.57244545,R,1
-0.2549064,-3.627347,S,1
1.9538764,-0.011790865,R,0
-0.5038657,-3.6924841,S,1
3.197974,0.45625696,R,0
2.5599012,1.7080206,S,0
-0.9772525,-3.7484899,S,1
-1.0102694,-2.0659294,S,1
-0.060315616,-2.4576435,S,1
4.0168567,0.5378955,R,1
-1.1085118,-2.1128347,S,0
0.13720812,-3.990516,S,0
2.9598513,0.17765528,R,1
3.9254115,0.5195742,R,1
-0.12719753,-0.5023085,R,0
-0.44210252,-4.3184915,S,1
0.3364999,-3.615432,S,1
-0.44273958,-1.2977519,S,1
0.8378314,-3.160621,S,1
0.8754923,-0.8028543,S,0
2.6162286,0.32686824,R,0
-2.5084302,1.429979,S,0
1.3681737,1.1435779,S,0
3.085689,0.885681,S,0
-0.6368671,-2.835451,S,1
3.4437928,0.3737367,R,1
-2.0365522,0.38663658,S,0
3.6772335,0.43110317,R,1
1.1775284,-2.5336921,S,1
0.23116443,-3.789023,S,1
2.9500735,0.24695419,R,0
3.5716174,0.66636956,R,0
3.2650506,0.37132296,R,1
3.164656,0.19188006,R,1
3.6491659,0.104839556,R,1
-0.3181484,-2.7685435,S,1
1.1964928,-3.2303357,S,1
0.8339522,-1.588635,S,0
3.7922976,0.3684573,R,1
1.0016071,-3.4636886,S,0
0.3869683,-3.5623438,S,1
0.21400325,-1.0382102,S,0
1.1613357,-2.2378826,S,1
3.171127,1.4071354,R,0
2.4819047,1.5724338,R,0
3.8802724,0.62043446,R,1
3.0477068,0.4197172,R,0
1.7170764,-1.2311963,S,0
3.990119,0.32080594,R,0
-3.2696006,-3.9586878,S,0
3.2500968,1.124907,R,1
-1.1583054,-4.2928276,S,0
1.1524676,0.52135247,R,0
2.2846384,1.0374786,R,1
2.977424,0.8950855,R,0
3.9265716,1.1907743,R,1
3.5434108,0.7707428,R,0
-4.2463236,-2.695003,S,1
-1.1091244,-3.460518,S,0
2.4109607,0.78068453,R,0
0.578861,-2.4233809,S,1
0.7700825,-2.1678684,S,1
-1.1376904,-3.4659278,S,0
-4.6874614,-2.298696,S,0
-5.094402,-1.7157074,S,0
4.1108747,0.9494088,R,0
3.334093,0.8455597,R,0
0.31501424,-2.2827945,S,1
-3.9230106,-1.7495596,S,1
0.13696238,-3.5731828,S,1
2.508818,0.28591162,R,0
3.768484,0.8850175,R,1
3.9441082,1.0952396,R,1
-1.2950461,-4.035202,S,1
4.1239996,1.0068129,R,1
0.20731427,-3.6397233,S,0
3.422143,1.114824,R,1
-1.196388,-3.8481882,S,1
4.135701,0.8603057,R,1
-2.9871202,2.0420854,R,0
-1.7830759,-0.57076573,R,0
-3.2024233,1.9914743,S,0
-0.12594682,-3.5604334,S,0
0.14096269,-3.298943,S,1
4.175454,0.6970002,R,1
-0.76020604,-3.3003469,S,0
-2.6976304,-3.6370006,S,1
4.228728,1.100891,R,1
-4.5026073,-2.552223,S,1
4.2339125,0.9032946,R,1
-3.186734,-1.491683,S,0
-3.7656295,-3.3806524,S,1
-0.18462281,-3.2909367,S,0
-1.1841819,-3.7439837,S,1
3.5483403,0.8742677,R,0
0.60350454,-2.4872584,S,1
0.116603665,-0.00687169,R,0
4.098099,1.1572537,R,1
-0.44472983,-3.8321228,S,1
-3.3720636,-2.120929,S,0
1.339505,0.5665661,R,0
1.5373088,0.34958544,R,0
-5.2202826,-1.8236715,S,0
0.17417099,0.12919945,R,1
-4.158796,-1.29162,S,1
4.114385,0.97497356,R,1
-0.540467,-2.4767468,S,1
3.8664765,0.859923,R,1
3.349392,0.6758504,R,0
-1.5909426,-2.922906,S,0
-0.1528567,-2.4025548,S,0
-3.137965,-2.163089,S,1
-0.8304349,-3.384206,S,1
1.3999879,0.03873019,R,0
-0.3533374,-0.34682694,R,0
0.17128131,-3.2816541,S,0
3.8932755,0.72275317,R,0
0.99947,-2.5051494,S,0
-3.747951,2.3832793,S,0
-0.18937281,-4.039344,S,1
-5.0505314,-0.8312979,S,0
4.0541763,0.89288974,R,1
0.030416543,-3.6486683,S,0
3.8565936,0.8772567,R,0
0.64598,-1.8627352,S,0
4.107991,0.96705943,R,1
0.34834564,-2.4011893,S,0
-3.3181162,-1.6153784,S,0
-0.3715905,-4.058583,S,0
3.8246367,0.82925,R,1
-4.09934,-1.0463712,S,0
-5.125587,2.0392392,S,0
-0.5179321,-2.1957088,S,0
3.891664,0.59079087,R,0
3.6016774,1.000088,R,1
3.9563785,1.347371,R,1
-0.7561437,-3.4574623,S,0
-5.018097,0.4622091,R,1
4.105356,0.69190544,R,1
3.8473818,0.6976632,R,1
3.653352,0.47197765,R,1
4.0849285,0.593883,R,0
-4.2760725,-1.3416647,S,0
-4.60747,-3.4559736,S,1
-2.3870337,-4.3301373,S,1
-5.3406215,1.8272115,R,0
2.993354,0.377758,R,1
-1.5124865,-1.8079717,S,0
3.682614,0.6850521,R,1
-3.9265451,-1.0180272,R,1
3.599381,0.6633649,R,1
-2.0981731,-0.8788623,S,0
-3.7703547,0.13561374,R,0
-2.255474,-4.6853905,S,1
-1.5759755,-5.024709,S,1
-1.8684179,-4.547319,S,0
-1.6307658,-4.8176785,S,0
-1.3011519,-5.013453,S,0
1.9169017,0.013422502,R,1
-0.21295935,-4.043159,S,1
-3.8342702,-4.336088,S,0
-4.7825665,-3.2821336,S,1
-4.6711698,-0.54695123,S,0
-2.5418935,-0.7019672,R,1
3.8108773,0.51410955,R,0
-4.013456,-1.9911511,S,0
-3.3214529,-3.1661594,S,1
3.2470012,0.50844675,R,0
-2.9677837,-3.6779363,S,0
-4.2856736,-1.3275037,S,1
-1.5850625,-3.9965599,S,1
-4.689269,0.79443705,R,1
-2.1174588,-3.1980298,S,1
-1.5749295,-4.953528,S,0
-1.1234118,-4.5513673,S,0
-2.8132858,0.44289136,S,0
-0.584671,-1.1133193,R,1
3.7739303,0.6981324,R,1
-4.9126353,-2.4627483,S,0
-5.143281,-1.2717335,S,1
-2.1526196,-4.3165216,S,1
3.2202318,0.98767656,R,0
-0.8448424,-3.4876442,S,1
1.1078423,0.037366085,R,1
-1.0801805,-5.1039953,S,0
-2.7491224,0.7687923,S,0
-4.9445868,-1.5930486,S,1
-1.7489843,-4.807696,S,1
3.4171753,0.5885125,R,0
-2.0633214,-4.987592,S,1
-1.9311692,-3.8340087,S,1
1.3269225,-1.0065671,S,0
3.4563987,1.1357218,R,0
4.1407824,1.143065,R,0
3.7065356,0.42459524,R,1
-2.1443295,-3.2640145,S,0
-2.4725926,-2.2601042,S,1
3.5440583,0.569919,R,1
-2.5151286,-4.7121296,S,1
2.8966293,0.8390624,R,0
4.020368,0.31463426,R,0
-3.165045,-2.1713178,S,0
2.9240506,0.48030916,R,0
3.063065,0.14831764,R,1
3.5002797,0.17020343,R,0
-1.5893538,-2.7747605,S,0
4.0151415,0.43249366,R,1
-2.305593,-3.8573313,S,0
-0.55068594,-3.7010536,S,0
3.7262104,0.5331081,R,1
2.6505325,0.5321171,R,0
-1.4711857,-2.1803515,S,1
-6.1738734,0.75892127,S,1
3.9329789,0.32823327,R,0
-2.8065512,-4.5992923,S,0
3.9861057,0.551656,R,1
-5.2693906,0.9982117,R,1
-2.026843,-5.133161,S,1
3.8847644,0.5419773,R,0
-2.676945,-4.4194884,S,1
-2.127933,-3.5783105,S,1
-1.8635949,-3.6565564,S,0
2.939651,1.1676445,R,0
-1.2642105,-2.2866054,S,0
-1.3823631,-4.5322213,S,0
0.5161496,-1.0457879,S,0
3.777802,0.4747554,R,1
-1.35011,-0.816581,R,1
2.7787025,0.23407502,R,0
-2.0122423,-3.9258914,S,1
-1.4726979,-3.6177843,S,0
2.9010174,0.6583256,R,0
-0.7584383,-0.9006653,R,1
-1.9982346,-3.2174678,S,1
3.927571,0.5782836,R,0
-3.3645515,-3.9869146,S,1
-0.7869281,-0.18544513,R,1
-4.7376738,0.9819059,S,1
3.8300743,0.33620533,R,1
-1.9771045,-3.004991,S,1
3.2921731,0.76964426,R,0
3.041251,1.2387145,R,1
3.241655,1.1265118,R,0
3.4069507,0.35335866,R,0
-5.3705544,2.0511577,S,1
-4.4547997,0.17140964,S,1
3.6791098,0.13890897,R,1
3.7307477,2.4142013,R,1
-3.3921409,2.9728718,R,0
3.3518615,0.5921069,S,0
-5.4649467,2.82147,S,1
3.0495093,0.4402356,S,0
-4.4890604,2.2200115,S,1
3.807672,2.155545,R,1
-2.9308925,2.1392405,R,1
4.124769,1.7695175,R,0
-3.5696764,2.4441555,R,1
3.902701,1.9788048,R,0
3.5252156,0.5541712,S,0
-4.1009054,3.0572937,R,0
2.73604,1.2321092,S,1
3.5860739,0.49494332,S,0
3.4430428,0.558092,S,0
3.559789,0.40928096,S,0
3.0920966,2.3172655,R,1
-3.6339977,3.2514074,R,0
-0.512356,1.5722629,S,1
3.9828053,2.2281961,R,0
-5.1701527,2.1736631,S,1
-3.2006502,1.454708,R,0
-0.9694673,0.646364,R,1
-5.4263024,2.0069308,S,1
-3.812909,3.319181,R,0
-0.8532472,0.092090346,S,1
-3.536266,2.400478,S,0
3.546552,0.62607855,S,0
-4.0452294,3.287226,R,1
-3.6110544,2.3593493,S,1
-3.6761456,2.6619546,S,1
-3.0562735,2.3961735,S,0
-3.900851,2.5210123,S,1
-2.477672,0.88959527,S,1
0.37391958,1.3649768,S,1
3.77136,1.7383742,R,0
-3.3545184,1.8880805,S,1
-3.5390549,3.1808023,R,0
-4.4627867,2.9339614,R,1
-3.3869293,2.5486615,R,1
3.9944706,1.9386028,R,1
3.6746154,0.5339247,S,0
-3.920235,2.755482,S,1
-3.774301,3.386213,R,1
-3.7916348,2.230463,S,0
3.4483147,0.6161276,S,0
-4.828891,3.1926243,R,0
3.35765,0.51874816,S,0
-3.4957411,3.057409,R,0
-4.9084473,2.596198,R,1
-3.7085345,2.7831075,R,1
-0.52251464,2.0074184,R,0
-3.3408418,2.1363845,S,0
1.4355383,2.1409857,R,1
-3.492301,2.2489252,S,0
-4.9921727,2.6333113,R,1
-3.8566716,2.7923307,S,0
-4.150913,2.3958704,S,1
3.9271765,2.1458127,R,0
-0.8673938,0.62500495,R,0
-4.2548122,2.106381,R,0
-3.4999323,2.0859468,S,1
3.1541793,0.7398363,S,0
3.4571095,0.31895328,S,1
-3.426609,2.6771264,R,0
-4.1664305,2.9631958,R,1
-3.174988,2.7816267,R,1
-3.5267618,2.0129418,S,0
1.5045589,1.4009466,S,1
-4.5387993,2.601096,R,0
2.589058,0.3945143,S,0
-3.5926492,2.9883928,R,0
2.589903,2.3066833,R,1
-1.6866314,0.45703477,S,1
-3.6690984,2.3674726,R,0
-4.212204,3.0155842,R,1
-4.064813,2.355219,S,0
-4.9333453,2.2012105,S,1
-3.6621885,3.1494842,S,0
3.604994,2.0001438,R,0
2.7890792,0.6487412,S,0
-4.753179,1.9299418,S,0
-3.7942774,3.1255577,S,0
-2.9731727,2.4132953,S,0
3.0206447,1.0182419,S,1
-4.4415526,2.528477,R,0
3.0994468,2.4231992,R,0
3.3927014,0.6368464,S,0
-1.4942006,-4.876376,S,0
-5.6118374,-0.1429603,S,1
-1.9360644,-4.7011085,S,0
3.9157557,0.52294236,R,0
-1.8377662,-4.174799,S,1
-1.0196896,-4.829204,S,0
-2.4226615,-5.326055,S,0
3.927808,0.43818957,R,1
3.7451484,0.6156084,R,1
3.9124649,0.43478164,R,0
3.8669975,0.529798,R,0
3.787262,0.4900372,R,0
-1.5738503,-5.1558504,S,1
3.7645528,0.2908735,R,1
-1.6066426,-4.9323626,S,1
-1.2530733,-0.95086694,S,0
-0.0120495185,-1.2042539,S,1
4.0301766,0.99328655,R,1
4.1868334,0.9780698,R,0
-2.6802173,0.29728585,S,0
0.92995113,0.47487321,R,0
-1.490282,1.4153771,S,0
3.9989872,0.88135093,R,1
2.7402344,0.87306446,R,1
4.262734,1.1584774,R,1
4.183529,1.1193874,R,0
-1.7851403,-0.9791603,S,0
-4.9166307,0.65033513,S,0
3.5037882,1.105304,R,0
4.0754695,1.2059073,R,1
2.9421039,0.99232864,R,1
-2.1514306,0.40473795,S,0
2.0081892,-1.7540349,S,1
4.263313,0.99721783,R,0
-1.3033324,-0.8245434,S,0
3.9354982,0.98361015,R,1
4.126012,1.1629143,R,0
-3.0077074,-1.2869825,S,0
-0.077883795,-2.8831768,S,1
-4.241686,1.3139004,S,0
-2.3708637,0.33248097,S,0
2.0506012,-1.744558,S,0
4.273876,1.1067022,R,0
1.6369803,-1.7401395,S,0
4.130577,1.3905476,R,1
4.0564675,0.99004257,R,1
3.8399422,1.1067653,R,0
3.783228,0.88418883,R,0
-3.7595148,1.4720129,S,1
2.9602,0.85840714,R,1
2.483198,-1.7123038,S,0
-6.2583137,-0.5455605,S,1
0.4045238,-1.3109618,S,0
4.0257044,0.8953919,R,1
-0.35887906,-1.1226077,S,0
-3.8757896,0.028396348,S,1
-5.8184657,0.029354949,S,1
4.2873816,1.1191503,R,1
4.09686,0.9549595,R,1
2.7063942,-1.8400222,S,1
3.9395614,1.172663,R,1
2.3788426,-1.614262,S,1
0.84064317,-1.585331,S,1
-3.530314,2.7194827,R,0
-4.914178,-0.03317726,S,0
-4.8177047,0.45865282,S,0
-2.1287365,1.5354793,S,0
-0.80394757,-0.11334867,S,0
-1.2117236,1.1335993,R,0
-2.628232,-4.0781503,S,1
4.0122385,1.0752001,R,1
-5.6999183,1.882023,S,1
-3.7674282,0.566072,S,0
-4.2141805,0.9619836,R,0
2.7393706,0.16448142,R,0
-0.13248575,-0.297946,R,1
-5.488479,0.81475973,S,1
-6.5252013,-0.09545033,S,1
-4.512744,-3.9164248,S,0
3.9451535,1.1880777,R,1
3.9164321,0.9873291,R,1
-4.977507,-0.7328996,S,0
-4.0889835,-4.3924885,S,1
-4.319944,1.3472265,R,0
-4.880761,-1.5881286,S,1
-5.410545,1.1891634,S,1
-3.4530773,-0.008432704,S,0
-4.1158504,0.8839475,R,1
-3.4839618,0.5789698,S,0
3.1202123,0.44778568,R,0
-1.6562388,1.4555745,R,0
2.0486355,0.5776997,R,0
-4.308074,-2.5874763,S,0
-3.0717916,0.8590122,R,1
-3.9586208,0.37435412,R,1
3.6943417,0.6619283,R,1
-2.5352988,0.40061513,R,0
3.33859,0.80438733,R,1
-6.139202,-2.8426647,S,1
-5.7723894,0.50868064,R,1
1.3734324,0.006523267,R,0
-4.324577,-1.8417931,S,0
-4.3264065,-4.2958865,S,0
2.9318569,0.59988934,R,1
1.8323028,0.74584466,R,1
3.6455524,1.2639992,R,1
3.3425393,0.6759543,R,1
-4.7884912,-3.2760096,S,1
-3.2069716,2.1142347,R,0
-4.358591,-4.2990875,S,1
0.25253716,-0.7939245,R,0
2.2076478,0.7248829,R,0
-5.106127,1.7011262,R,0
-4.8675084,2.4584897,S,0
3.7643757,0.9529519,R,1
-5.1952915,-3.4457016,S,1
-4.669612,-0.1246244,S,0
-1.3911517,0.99942434,R,0
3.454228,0.74883527,R,1
2.275142,0.87970555,R,1
-5.7687693,2.0584881,S,1
-5.0978026,-2.5177782,S,1
-2.6856973,-3.0019042,S,0
-4.7963457,1.6202558,S,0
2.7688286,1.4134986,R,0
-4.1410885,-1.3516918,S,1
4.1194587,1.2248193,R,1
2.215871,0.98949033,R,1
-5.1446524,1.6069762,R,0
-0.5978061,-0.46439615,R,1
-3.6064477,0.9563784,R,0
3.8630621,1.0261233,R,1
-4.1590085,-4.2994266,S,1
-5.0002046,2.257892,S,0
-4.2509165,-3.5822685,S,0
-6.3191047,-0.58794147,S,1
-6.2298794,-1.8328978,S,1
0.68599534,-0.33144575,R,1
-3.3010783,0.94265556,R,0
-4.7441936,-3.422826,S,1
2.1519248,0.6488906,R,0
-4.627211,0.7332406,S,0
-5.4365215,-3.1587536,S,1
-3.1897793,1.1951023,R,1
-4.071219,0.36515614,S,1
-4.135663,2.1461544,R,0
3.7333713,0.73547435,R,1
-4.2504478,1.6469667,R,1
-4.3623962,1.2370387,S,0
-1.9809163,1.9859982,R,0
-2.1721818,1.8262602,R,0
-3.694757,1.9046414,S,0
-1.4043465,-0.8591765,R,0
-4.2698455,2.309794,S,0
-5.5523963,1.6196356,R,0
-2.54837,1.8592824,R,0
-4.766491,1.2860584,S,0
-4.025252,1.1048279,S,0
3.7048438,0.84347045,R,1
0.88618493,0.2693182,R,0
-4.8096437,0.62197,S,0
2.3845015,0.41061735,R,1
-3.883237,2.3698246,S,0
-4.167105,1.7917671,S,0
-6.2951956,0.41460156,S,1
2.470319,0.22591722,R,0
3.4780135,0.59994787,R,1
-1.4102367,0.08291813,R,0
-4.914916,1.8276386,S,0
-4.661937,-0.8078454,S,1
3.569988,1.1373712,R,1
3.9090607,0.9477745,R,1
-6.084718,-2.8747249,S,1
-4.6755133,-2.9715047,S,1
-6.2866755,0.15812415,S,1
-4.8534317,-3.2104015,S,1
3.7088578,0.965906,R,0
-6.431312,-1.2850341,S,1
3.7428756,1.2503213,R,1
-4.77671,0.00468971,S,1
4.0295124,1.016387,R,0
-2.6663892,2.099906,R,0
-2.4585776,2.1221137,S,0
-1.6662604,-0.106768794,R,0
4.0493875,1.1077132,R,1
-2.9303453,-3.756312,S,1
3.7330084,0.99079955,R,1
-3.921278,3.055225,S,0
3.4827437,1.091237,R,1
-3.3671577,2.3564343,S,0
-4.540746,1.872275,S,0
3.2267056,0.76178527,R,1
4.246535,1.1435074,R,1
-4.6452875,-3.0075116,S,1
-4.077287,2.7050424,S,0
-4.3216453,2.4255,S,0
-1.1679351,0.55127305,R,0
-4.191125,2.1232412,S,0
-4.6055236,2.4756613,S,0
-2.555266,1.7046244,R,0
-4.062454,0.5920357,R,0
-2.6409044,2.0141096,R,0
-4.2847695,1.9479779,S,0
-2.035654,-0.19841588,R,1
-3.7744558,2.6983995,S,0
-4.1008086,2.443235,S,0
0.99477595,-0.23018147,R,1
0.15134984,0.7316961,R,1
-3.851234,0.544169,R,0
-5.4854097,1.9486082,S,0
-5.381293,1.086527,R,1
-4.8892293,2.1174407,S,1
-3.411913,0.40479127,R,0
-4.1402106,2.766715,S,0
-4.487937,2.0411873,S,0
-5.220404,2.2853618,S,0
3.7140205,0.7294034,R,0
-4.7903676,0.8626563,R,0
-5.181572,2.618595,S,1
-4.94111,1.9619825,S,0
-5.4467216,0.66320384,R,1
-5.6662993,-1.0707763,S,1
3.8186684,0.87536687,R,1
3.5658073,0.6100372,R,1
-5.356454,-1.596675,S,0
-4.5069275,2.608795,S,1
-4.792283,0.94800436,S,0
-2.996893,-4.0662885,S,1
-4.9950857,1.502455,R,1
-4.252359,2.5332382,S,1
-3.6684523,-4.350766,S,1
-4.3087397,1.8967125,R,0
-5.886759,-3.402565,S,1
-6.3791566,0.42531353,S,1
-4.2297406,2.0448103,S,0
-4.8121285,-2.8028688,S,1
-2.2433896,-4.308821,S,1
-1.254373,-0.69456327,R,1
-2.1974657,-4.409928,S,1
-3.8688803,0.63148624,R,0
1.9168606,-2.0419056,S,0
0.46850365,-0.8431446,S,0
3.9632566,0.3314099,R,0
3.3765235,0.90369475,R,1
1.8019099,-0.60722494,S,1
-4.573876,-0.8833534,S,0
2.4802158,-0.9557392,S,0
-4.170741,1.1548469,S,1
2.468023,-0.5912204,S,0
1.9640485,-0.6313835,S,1
-3.9896555,-0.18614642,S,1
4.1259437,0.7134448,R,0
1.794265,-1.9963697,S,0
1.7858897,-1.7095642,S,1
4.170018,0.7590444,R,1
-4.5283523,0.086289346,S,0
3.1249802,0.9116789,R,1
-3.5330215,0.80980545,S,1
-5.207255,0.0023677116,S,0
3.9354947,1.0954704,R,1
1.8654056,-0.9730743,S,1
3.5920436,1.4417844,R,1
2.298035,-0.3779565,S,1
-5.904529,1.748937,R,0
-3.9892027,-0.4984601,S,1
-2.4103286,0.38920265,R,1
4.106851,1.2481965,R,0
1.876138,-1.8089353,S,0
-1.1902924,-0.13405944,R,1
1.6814208,0.53071904,R,0
1.3912492,-0.2728422,S,0
-4.18406,-0.62406963,S,1
2.0522528,0.76095283,R,1
3.5945666,2.0027416,R,0
-3.878518,1.1566291,R,0
-2.6046026,-1.6680962,S,1
-2.270464,1.2012318,S,0
2.3108149,-0.43760526,S,1
1.454474,-0.13082917,R,0
4.0870957,0.7646909,R,1
0.3965297,1.4264597,S,1
-3.5950103,-0.1935328,S,1
2.5945764,-2.0441778,S,0
-4.3245583,-1.124261,S,1
4.1296606,0.6134972,R,1
2.1851487,-0.7840365,S,0
2.3415217,-0.29033473,S,1
3.0296097,0.73007876,R,0
-4.045904,0.80474746,S,1
-3.2313955,-0.54763764,S,1
0.48205677,-1.375832,S,0
3.922047,0.093886636,R,1
3.8522708,-0.25987414,R,1
-1.983321,-3.0204654,S,1
-2.1028304,-1.3325448,R,1
3.824069,-0.61211884,R,1
3.7035077,-0.10642241,R,1
2.0495577,-0.9292422,R,0
3.5947587,0.09560035,R,0
-3.611245,0.74471146,S,0
3.564102,-0.14973131,R,1
-2.5055313,0.24146281,S,0
-5.6086655,-1.1899481,S,1
1.9556361,-0.1156234,R,0
-1.5884689,-2.2751372,S,0
2.2810636,-0.88631046,R,1
-1.8266312,-0.922731,S,0
-3.606978,-0.06953849,R,0
-4.391102,1.1459033,S,0
-3.6231165,-0.79083323,R,0
-3.9277434,-1.649917,S,1
3.9066834,-0.28668022,R,1
3.5351043,-0.37838978,R,0
-3.5443873,0.16778053,S,1
-3.240383,-1.3403206,S,1
3.6772397,-0.19486123,R,0
-3.124308,-0.57534444,S,0
-0.42378753,-4.185823,S,0
3.3635316,0.15369847,R,1
3.719285,-0.21168698,R,1
-0.8794416,-1.6412799,S,0
-1.2336099,-4.665322,S,0
3.5281582,-0.3124668,R,0
-3.9770796,-1.3766811,S,1
-0.5934921,-4.675729,S,1
3.365802,-0.41894832,R,0
3.4798417,-0.22111234,R,0
3.810105,-0.17921223,R,1
-0.4090633,-0.28620896,R,0
3.8935513,-0.28531834,R,1
-0.7887916,-4.919303,S,1
3.8511572,-0.34020674,R,0
-0.6937517,-4.6114454,S,0
-4.428102,1.5684307,R,0
-3.9589884,1.7573246,S,0
-2.8595552,0.057119094,R,0
3.759308,-0.5610251,R,1
-5.241687,0.93849367,S,0
3.4503102,-0.5982048,R,1
-1.1525649,-2.2146122,S,0
-4.5902953,2.467342,S,0
1.3596752,-1.2515423,R,1
3.7585618,-0.18161894,R,1
-0.28985336,-4.3619366,S,1
2.8822148,-0.25183487,R,0
2.8232224,-0.7377082,R,1
2.6044283,-0.1889874,R,0
2.9062915,-0.68899477,R,0
-1.0426232,-1.6448824,S,0
-3.2242591,-0.3691704,S,0
3.8967495,-0.3622759,R,1
-0.7416304,-1.4649601,R,1
3.8137805,-0.47904578,R,1
-0.83023643,-4.7511353,S,1
-0.8220509,-4.9012527,S,1
3.739114,-0.11639972,R,1
-1.1835699,-5.03248,S,1
-0.21818541,-4.5460944,S,1
3.8508244,-0.37282163,R,1
-1.1987196,-4.929771,S,1
-0.26621366,-4.257536,S,1
2.0262966,-0.018798921,R,0
3.6468432,-0.35279372,R,0
-5.524899,1.2226245,S,0
0.20783187,0.4042669,R,0
-3.677611,2.130733,R,0
-0.53691995,-4.6531644,S,1
-0.7608802,-4.9215074,S,1
-3.9332004,-2.1213882,S,1
-0.80902797,-4.4804745,S,0
-0.640029,-3.4654875,S,0
-0.43038735,-0.58039486,R,0
-2.7070487,-3.3559892,S,1
3.8540232,-0.36065906,R,1
3.699826,-0.33459282,R,1
3.9287667,-0.27358645,R,1
-0.5035725,-4.705456,S,1
-3.431024,3.1121929,S,0
-1.540913,-3.4874084,S,1
-1.5030084,-2.4271815,S,0
-3.4849548,1.8085909,S,1
-3.2675884,-0.9266525,S,0
3.6125996,-0.62510586,R,0
-4.74286,0.857397,S,0
-1.3911339,-4.5943127,S,1
-1.4893453,-1.5041894,S,0
3.704181,-0.16949289,R,0
-4.4471555,0.9056829,R,1
1.0864847,-0.33475205,R,0
3.7073302,-0.2824483,R,1
0.8794652,-1.5506431,R,0
-3.9764555,0.41834095,S,0
-0.63853985,-4.572348,S,1
3.742437,-0.42392957,R,1
2.8689628,-0.5250158,R,0
-0.878447,-1.3816013,S,0
-1.1661682,-1.7524182,S,0
2.757697,0.052871514,R,0
-0.37413463,-3.125023,S,1
-4.4242196,2.218595,R,0
4.115516,0.476726,R,0
4.104324,0.7343684,R,1
1.2949078,-3.2449887,S,1
2.3861074,-1.213694,S,0
1.258994,-1.1590304,S,0
1.4670054,-2.9848728,S,1
0.63249356,-3.5122342,S,1
-4.869231,0.45430246,R,0
1.3850453,-3.346083,S,1
1.580842,-0.3986584,S,0
0.8441541,-0.6280855,R,0
3.8899803,0.75881326,R,0
1.3057184,-1.4866906,S,0
-0.043227315,-3.9505107,S,1
4.146526,0.8976413,R,1
-0.07483459,-3.7901096,S,1
-1.9515177,-3.966854,S,1
0.5982733,-3.3380027,S,1
2.4402282,-1.5609807,S,0
3.778063,0.7278821,R,1
0.64803666,-3.5347362,S,1
1.2549292,-3.3707733,S,1
3.6794958,0.7276834,R,1
1.0320108,-3.4665582,S,0
1.3617638,-0.93155843,S,0
0.69408214,-3.7051852,S,1
3.9382265,0.6315051,R,1
-4.5347075,-2.5143564,S,0
3.5949376,0.65035236,R,1
0.9339367,-3.4581895,S,1
3.9439511,0.6489607,R,1
2.954222,-1.1180899,S,0
-4.66977,-1.8667626,S,1
1.0213599,-3.440552,S,1
1.4134325,-1.1069716,S,0
1.5674454,-0.9182134,S,0
-0.3901889,-3.371572,S,1
3.9768274,0.6778093,R,1
4.0258746,0.7465886,R,0
1.7740223,-0.079692364,S,0
0.45996234,-3.4115322,S,0
-3.1308377,0.5480587,R,0
-4.630765,-0.42290837,S,0
1.7502828,-3.1761098,S,1
-3.515492,-2.436426,S,1
3.8006124,0.73460895,R,1
0.28638092,-3.3553739,S,1
-0.679389,-3.0358756,S,1
1.5723399,-3.1630921,S,0
3.8231587,0.40827757,R,0
2.6492689,0.34075612,R,1
1.4682231,-3.3584929,S,0
-3.6393168,-3.2639122,S,0
1.6348006,-1.4283332,S,0
0.27520517,-0.26680684,R,1
-1.2517945,-3.6302955,S,0
-1.6334267,0.6302099,S,0
2.4897418,0.38010937,R,1
1.428334,-3.2027051,S,1
-3.6977375,-2.881561,S,0
3.649424,0.77580917,R,1
-1.9502605,-2.8622382,S,0
3.0084333,1.0254278,R,0
1.5995002,-0.27287063,S,0
-4.3663826,2.5298796,R,0
-4.6041985,1.9895072,S,0
0.5425163,-2.5229287,S,1
-4.584377,1.95967,S,0
4.2811694,1.2990099,R,0
-3.9502428,1.2254584,R,1
-3.3835747,2.4104054,R,1
-5.4346313,2.1176472,S,1
-4.315313,2.279228,S,0
-3.7191658,-0.47589722,S,0
-0.6777337,-0.5817968,S,1
4.1764135,1.1643865,R,0
4.091602,1.154318,R,0
-1.2730362,0.46897486,S,0
-3.5161288,2.759252,S,0
-3.8942866,2.7650177,R,1
1.1608409,-1.1690298,S,0
-3.542978,-1.4670748,S,1
4.1808195,1.4692043,R,0
-5.620766,1.3900172,S,0
-3.9025218,2.7663634,R,1
-3.6906016,2.7625885,S,1
-3.8008249,3.0856767,R,0
-4.214869,2.2112284,R,1
-3.339827,0.7216274,S,1
2.606264,-1.2997248,S,1
1.4134754,-1.6324807,S,0
-4.807365,2.1170356,S,0
0.82232094,-1.5144669,S,1
-3.5219274,0.75870126,S,1
3.0769992,-0.73225594,S,1
-2.676686,-0.6278085,S,1
-2.8780966,-0.12906693,R,1
2.1574504,-0.76857805,S,0
-5.378343,1.4212399,S,0
2.0664577,-0.79707503,S,0
4.0631213,0.96723044,R,1
2.770175,-1.5316789,S,0
1.5140969,1.2583727,R,1
0.3627974,-0.7279873,S,1
-2.2840571,-0.68514895,S,0
2.3781874,-1.2500573,S,1
4.113007,1.2960649,R,1
-4.446849,2.5337923,S,1
1.3491721,-0.70229083,S,0
-2.4608817,1.8788997,R,0
-3.7769387,2.494556,R,1
3.1534605,-0.5202889,S,1
2.0199642,-1.3055359,S,0
-4.3054233,2.4453118,S,0
-3.6929936,2.9358652,R,1
-3.452652,3.1496835,R,1
-4.28843,2.278012,R,1
-4.4763174,-0.25951645,S,1
-3.6158714,2.5438955,S,0
4.2068896,1.1547586,R,0
-3.1511457,3.2750273,R,0
3.9444196,1.3214028,R,0
-5.170183,2.1287563,R,0
-3.3511763,1.4507123,R,1
1.7110065,-0.50813687,R,1
-5.6234875,-0.6948596,S,1
4.0099244,1.3023729,R,1
-3.499297,1.661913,R,0
3.7829866,0.89860326,R,1
-3.108385,1.90821,R,1
4.192264,1.2191589,R,1
-3.8533094,-1.021409,S,1
-3.333057,2.5668838,S,0
1.842499,-2.053286,S,0
-6.0808744,1.5309699,R,0
4.242085,1.3054152,R,1
3.7140455,0.88688195,R,0
4.1556306,1.2195157,R,1
-5.7648644,1.8222817,S,1
-4.375192,3.0083728,R,0
3.2161188,-0.59839857,S,1
-4.865358,0.99551225,R,1
-4.0227046,2.8055649,S,1
-0.337682,-1.4179832,R,1
-4.5842676,1.6324136,S,1
2.026014,-0.6806415,S,0
-0.6094916,0.07258861,R,0
-6.6775074,0.7465295,R,0
4.318563,1.1477224,R,0
-3.3858144,2.7101066,R,0
-3.3169894,3.2555265,S,0
-4.2384896,2.8155546,R,0
-5.359157,-0.12538192,S,0
1.5836598,-1.444453,S,0
1.5533993,-0.99016875,S,0
-4.0836034,2.248392,R,1
4.1731935,1.0222374,R,1
2.4292617,-1.7244354,S,1
-4.3750825,2.691194,S,1
2.838974,0.14913371,R,1
1.9492829,-1.1966519,S,0
1.1677076,-1.2679136,S,1
4.1640415,1.2055523,R,1
2.7248056,-0.9533458,S,0
4.134214,1.4862866,R,0
4.2826667,1.2351798,R,0
2.1889706,-0.5337715,S,0
1.8522048,0.12142518,S,0
4.142338,0.7975367,R,0
1.7987738,-1.3280736,S,0
4.125714,1.1910172,R,0
4.1951838,1.2184724,R,1
2.8110907,-1.1282095,S,1
2.1071813,-1.7697629,S,1
3.099912,-1.1789114,S,1
3.9569862,1.0302131,R,1
2.5753708,-0.36602727,S,1
-3.0599496,2.497016,R,1
2.5920312,-1.340921,S,1
-2.0644488,-0.33772984,S,1
