subject_id,desat_start_sec,desat_end_sec,duration_sec,max_drop_pct
01,6244.0,6275.0,31.0,4.0
01,8691.0,8699.0,8.0,3.0
01,11442.0,11460.0,18.0,3.0
01,11601.0,11610.0,9.0,3.0
01,13972.0,13984.0,12.0,3.0
01,14022.0,14034.0,12.0,3.0
01,16020.0,16033.0,13.0,3.0
01,20432.0,20444.0,12.0,3.0
01,21268.0,21282.0,14.0,3.0
01,25048.0,25078.0,30.0,3.0
01,27779.0,27799.0,20.0,3.0
02,3627.0,3668.0,41.0,12.0
02,6348.0,6385.0,37.0,11.0
02,6603.0,6638.0,35.0,12.0
02,8595.0,8629.0,34.0,10.0
02,8648.0,8685.0,37.0,12.0
02,9269.0,9303.0,34.0,10.0
02,9327.0,9368.0,41.0,12.0
02,10171.0,10205.0,34.0,9.0
02,14289.0,14342.0,53.0,4.0
02,21331.0,21344.0,13.0,3.0
02,32822.0,32847.0,25.0,3.0
02,34005.0,34026.0,21.0,3.0
03,5239.0,5255.0,16.0,3.0
03,7749.0,7773.0,24.0,3.0
03,7790.0,7807.0,17.0,4.0
03,8241.0,8251.0,10.0,3.0
03,9244.0,9271.0,27.0,3.0
03,12007.0,12024.0,17.0,3.0
03,13501.0,13509.0,8.0,3.0
03,17965.0,17977.0,12.0,3.0
03,24612.0,24631.0,19.0,3.0
03,29900.0,29914.0,14.0,3.0
03,29938.0,29947.0,9.0,3.0
04,29990.0,30019.0,29.0,3.0
04,30379.0,30400.0,21.0,3.0
04,36967.0,37061.0,94.0,8.0
05,8734.0,8756.0,22.0,3.0
05,13502.0,13542.0,40.0,4.0
05,14312.0,14320.0,8.0,3.0
05,16918.0,16950.0,32.0,5.0
05,20959.0,20969.0,10.0,3.0
05,25577.0,25595.0,18.0,7.0
05,25615.0,25644.0,29.0,10.0
05,27211.0,27222.0,11.0,5.0
05,30052.0,30090.0,38.0,11.0
05,31738.0,31769.0,31.0,6.0
05,33690.0,33707.0,17.0,3.0
05,33955.0,33964.0,9.0,4.0
05,35543.0,35557.0,14.0,3.0
06,1252.0,1260.0,8.0,3.0
06,2903.0,2937.0,34.0,3.0
06,3954.0,3962.0,8.0,3.0
06,4899.0,4907.0,8.0,3.0
06,5671.0,5680.0,9.0,3.0
06,5866.0,5885.0,19.0,4.0
06,7434.0,7442.0,8.0,3.0
06,9672.0,9684.0,12.0,4.0
06,10257.0,10274.0,17.0,3.0
06,17370.0,17410.0,40.0,3.0
06,17855.0,17876.0,21.0,4.0
06,17887.0,17895.0,8.0,3.0
06,21604.0,21639.0,35.0,3.0
06,21834.0,21845.0,11.0,3.0
06,22488.0,22496.0,8.0,3.0
06,27172.0,27208.0,36.0,4.0
06,27677.0,27689.0,12.0,3.0
06,28297.0,28370.0,73.0,4.0
07,21363.0,21380.0,17.0,3.0
07,26731.0,26742.0,11.0,3.0
07,27087.0,27101.0,14.0,3.0
07,34609.0,34621.0,12.0,3.0
08,2237.0,2246.0,9.0,3.0
08,2930.0,2949.0,19.0,4.0
08,2963.0,2974.0,11.0,3.0
08,9081.0,9093.0,12.0,3.0
08,14713.0,14730.0,17.0,6.0
08,14775.0,14790.0,15.0,10.0
08,15837.0,15861.0,24.0,3.0
08,16527.0,16536.0,9.0,3.0
08,16556.0,16564.0,8.0,3.0
08,18461.0,18529.0,68.0,10.0
08,18544.0,18580.0,36.0,10.0
08,18595.0,18627.0,32.0,12.0
08,18641.0,18677.0,36.0,12.0
08,18693.0,18726.0,33.0,10.0
08,18740.0,18776.0,36.0,13.0
08,18792.0,18824.0,32.0,12.0
08,18837.0,18877.0,40.0,12.0
08,18896.0,18934.0,38.0,12.0
08,18948.0,18960.0,12.0,6.0
08,19075.0,19114.0,39.0,12.0
08,19133.0,19143.0,10.0,6.0
08,22220.0,22241.0,21.0,3.0
08,23920.0,23964.0,44.0,12.0
08,23982.0,24024.0,42.0,13.0
08,24041.0,24115.0,74.0,14.0
08,24135.0,24169.0,34.0,13.0
08,24287.0,24325.0,38.0,13.0
08,24347.0,24387.0,40.0,13.0
08,24403.0,24437.0,34.0,13.0
08,24451.0,24493.0,42.0,14.0
08,24607.0,24644.0,37.0,14.0
08,24665.0,24699.0,34.0,12.0
08,24717.0,24758.0,41.0,13.0
08,24774.0,24809.0,35.0,13.0
08,25055.0,25094.0,39.0,13.0
08,25111.0,25144.0,33.0,12.0
08,25148.0,25191.0,43.0,14.0
08,25211.0,25246.0,35.0,12.0
08,25374.0,25408.0,34.0,12.0
08,25428.0,25464.0,36.0,13.0
08,25483.0,25521.0,38.0,13.0
08,25563.0,25630.0,67.0,12.0
08,25651.0,25683.0,32.0,11.0
08,29599.0,29648.0,49.0,17.0
08,29675.0,29713.0,38.0,12.0
08,30353.0,30386.0,33.0,11.0
08,30411.0,30441.0,30.0,10.0
08,30463.0,30499.0,36.0,11.0
08,30517.0,30556.0,39.0,12.0
08,30576.0,30617.0,41.0,14.0
08,30809.0,30847.0,38.0,12.0
08,30867.0,30910.0,43.0,12.0
08,30930.0,30969.0,39.0,13.0
08,30977.0,31038.0,61.0,13.0
08,31065.0,31138.0,73.0,13.0
08,31278.0,31319.0,41.0,13.0
08,31695.0,31734.0,39.0,13.0
08,31754.0,31787.0,33.0,12.0
08,35380.0,35389.0,9.0,3.0
08,35574.0,35587.0,13.0,3.0
08,36214.0,36226.0,12.0,8.0
08,36248.0,36269.0,21.0,6.0
08,36289.0,36314.0,25.0,7.0
08,36383.0,36422.0,39.0,8.0
08,36452.0,36471.0,19.0,10.0
08,36545.0,36574.0,29.0,7.0
09,8031.0,8045.0,14.0,3.0
09,10745.0,10764.0,19.0,4.0
09,10931.0,10952.0,21.0,3.0
09,11629.0,11649.0,20.0,3.0
09,16654.0,16666.0,12.0,3.0
09,16676.0,16687.0,11.0,3.0
09,23943.0,23956.0,13.0,3.0
09,24189.0,24198.0,9.0,3.0
09,28257.0,28283.0,26.0,3.0
09,28469.0,28485.0,16.0,3.0
09,32827.0,32837.0,10.0,3.0
09,35026.0,35035.0,9.0,3.0
10,7145.0,7176.0,31.0,4.0
10,7294.0,7314.0,20.0,3.0
10,7487.0,7502.0,15.0,5.0
10,8118.0,8127.0,9.0,3.0
10,8133.0,8163.0,30.0,4.0
10,8855.0,8865.0,10.0,3.0
10,9663.0,9689.0,26.0,3.0
10,10149.0,10157.0,8.0,3.0
10,20691.0,20704.0,13.0,3.0
10,24494.0,24503.0,9.0,3.0
10,25941.0,25961.0,20.0,5.0
10,28777.0,28822.0,45.0,12.0
10,28921.0,28962.0,41.0,11.0
10,29866.0,29908.0,42.0,10.0
10,33123.0,33134.0,11.0,7.0
10,33969.0,34011.0,42.0,6.0
10,34304.0,34328.0,24.0,6.0
10,34837.0,34847.0,10.0,3.0
10,35605.0,35616.0,11.0,3.0
10,36594.0,36622.0,28.0,7.0
10,36652.0,36661.0,9.0,4.0
11,2059.0,2073.0,14.0,3.0
11,3002.0,3028.0,26.0,4.0
11,6103.0,6138.0,35.0,10.0
11,6156.0,6189.0,33.0,9.0
11,6294.0,6330.0,36.0,7.0
11,9302.0,9335.0,33.0,4.0
11,9508.0,9530.0,22.0,4.0
11,10597.0,10631.0,34.0,4.0
11,12310.0,12327.0,17.0,4.0
11,12373.0,12382.0,9.0,3.0
11,13989.0,14019.0,30.0,8.0
11,14663.0,14686.0,23.0,6.0
11,16440.0,16449.0,9.0,3.0
11,19376.0,19416.0,40.0,9.0
11,21243.0,21257.0,14.0,4.0
11,21361.0,21399.0,38.0,7.0
11,21578.0,21608.0,30.0,7.0
11,23619.0,23653.0,34.0,12.0
11,26923.0,26940.0,17.0,3.0
12,9279.0,9298.0,19.0,3.0
12,9671.0,9699.0,28.0,3.0
12,9703.0,9712.0,9.0,3.0
12,9840.0,9857.0,17.0,3.0
12,10645.0,10670.0,25.0,3.0
12,12173.0,12185.0,12.0,3.0
12,13813.0,13822.0,9.0,3.0
12,15057.0,15074.0,17.0,4.0
12,16374.0,16384.0,10.0,3.0
12,16388.0,16402.0,14.0,3.0
12,19156.0,19164.0,8.0,4.0
12,19493.0,19503.0,10.0,3.0
12,22665.0,22678.0,13.0,3.0
12,26495.0,26505.0,10.0,3.0
12,27743.0,27796.0,53.0,3.0
12,28092.0,28107.0,15.0,8.0
12,28116.0,28152.0,36.0,6.0
12,31474.0,31483.0,9.0,3.0
12,32442.0,32468.0,26.0,3.0
12,34478.0,34486.0,8.0,3.0
12,35373.0,35399.0,26.0,3.0
12,35406.0,35436.0,30.0,3.0
12,36392.0,36418.0,26.0,6.0
12,36544.0,36586.0,42.0,5.0
12,36616.0,36695.0,79.0,11.0
12,37369.0,37377.0,8.0,3.0
12,37501.0,37511.0,10.0,3.0
12,37617.0,37637.0,20.0,3.0
12,37660.0,37668.0,8.0,3.0
12,37670.0,37681.0,11.0,3.0
13,5183.0,5203.0,20.0,3.0
13,6955.0,6965.0,10.0,3.0
13,8775.0,8791.0,16.0,4.0
13,11871.0,11884.0,13.0,3.0
13,12891.0,12902.0,11.0,3.0
13,15972.0,16000.0,28.0,3.0
13,16524.0,16537.0,13.0,3.0
13,16940.0,16961.0,21.0,3.0
13,17002.0,17016.0,14.0,3.0
13,17630.0,17652.0,22.0,3.0
13,18188.0,18203.0,15.0,3.0
13,19881.0,19985.0,104.0,9.0
13,26326.0,26337.0,11.0,3.0
14,2885.0,2901.0,16.0,3.0
14,3811.0,3823.0,12.0,3.0
14,12124.0,12134.0,10.0,3.0
14,12151.0,12160.0,9.0,3.0
14,13762.0,13778.0,16.0,3.0
14,14479.0,14487.0,8.0,3.0
14,14489.0,14497.0,8.0,4.0
14,14531.0,14553.0,22.0,4.0
14,14577.0,14597.0,20.0,5.0
14,14624.0,14638.0,14.0,3.0
14,15344.0,15394.0,50.0,4.0
14,16863.0,16949.0,86.0,4.0
14,17760.0,17783.0,23.0,4.0
14,17872.0,17894.0,22.0,3.0
14,19921.0,19936.0,15.0,3.0
14,20905.0,20928.0,23.0,3.0
14,20941.0,20963.0,22.0,3.0
14,21457.0,21472.0,15.0,3.0
14,21624.0,21633.0,9.0,3.0
14,22666.0,22689.0,23.0,3.0
14,22693.0,22712.0,19.0,3.0
14,23072.0,23096.0,24.0,3.0
14,23972.0,24034.0,62.0,4.0
14,25164.0,25192.0,28.0,3.0
14,25199.0,25207.0,8.0,3.0
14,25589.0,25605.0,16.0,4.0
14,27545.0,27554.0,9.0,3.0
14,27559.0,27618.0,59.0,3.0
14,30162.0,30172.0,10.0,4.0
14,33717.0,33727.0,10.0,3.0
14,34800.0,34832.0,32.0,4.0
14,35035.0,35047.0,12.0,4.0
14,35674.0,35684.0,10.0,3.0
14,35713.0,35733.0,20.0,3.0
15,13345.0,13444.0,99.0,5.0
15,31627.0,31639.0,12.0,3.0
15,31742.0,31824.0,82.0,4.0
15,31905.0,31980.0,75.0,4.0
15,34869.0,34947.0,78.0,4.0
15,36175.0,36188.0,13.0,3.0
16,12318.0,12341.0,23.0,4.0
16,15575.0,15594.0,19.0,3.0
16,20738.0,20758.0,20.0,3.0
16,21559.0,21568.0,9.0,3.0
16,22923.0,22935.0,12.0,3.0
17,3345.0,3357.0,12.0,3.0
17,3898.0,3908.0,10.0,3.0
17,5945.0,5953.0,8.0,3.0
17,7204.0,7214.0,10.0,3.0
17,7404.0,7412.0,8.0,3.0
17,7414.0,7422.0,8.0,3.0
17,10934.0,10945.0,11.0,3.0
17,12397.0,12413.0,16.0,3.0
17,18400.0,18410.0,10.0,3.0
17,23709.0,23742.0,33.0,3.0
17,24595.0,24616.0,21.0,3.0
18,13762.0,13779.0,17.0,3.0
18,13984.0,14021.0,37.0,3.0
18,29531.0,29542.0,11.0,3.0
18,36633.0,36665.0,32.0,15.0
19,5419.0,5448.0,29.0,11.0
19,5461.0,5488.0,27.0,15.0
19,6669.0,6684.0,15.0,4.0
19,6702.0,6714.0,12.0,3.0
19,7288.0,7308.0,20.0,8.0
19,7319.0,7376.0,57.0,12.0
19,7391.0,7414.0,23.0,10.0
19,7426.0,7459.0,33.0,15.0
19,7471.0,7498.0,27.0,12.0
19,7725.0,7751.0,26.0,11.0
19,7771.0,7790.0,19.0,7.0
19,7936.0,7971.0,35.0,16.0
19,8116.0,8150.0,34.0,16.0
19,8211.0,8228.0,17.0,9.0
19,8238.0,8250.0,12.0,9.0
19,16565.0,16573.0,8.0,3.0
19,16793.0,16805.0,12.0,3.0
19,17242.0,17269.0,27.0,3.0
19,17278.0,17288.0,10.0,3.0
19,18702.0,18727.0,25.0,11.0
19,18741.0,18772.0,31.0,12.0
19,18787.0,18810.0,23.0,10.0
19,18822.0,18855.0,33.0,12.0
19,18873.0,18888.0,15.0,5.0
19,18893.0,18929.0,36.0,12.0
19,18948.0,18972.0,24.0,8.0
19,18986.0,19020.0,34.0,12.0
19,19038.0,19070.0,32.0,12.0
19,19081.0,19108.0,27.0,11.0
19,21544.0,21570.0,26.0,6.0
19,21735.0,21757.0,22.0,10.0
19,23063.0,23077.0,14.0,3.0
19,25253.0,25283.0,30.0,11.0
19,27140.0,27197.0,57.0,19.0
19,29387.0,29400.0,13.0,3.0
19,29419.0,29427.0,8.0,3.0
19,29864.0,29875.0,11.0,3.0
19,30211.0,30242.0,31.0,8.0
19,30263.0,30299.0,36.0,10.0
19,30313.0,30344.0,31.0,10.0
19,30459.0,30492.0,33.0,12.0
19,30510.0,30548.0,38.0,12.0
19,30561.0,30601.0,40.0,13.0
19,30616.0,30645.0,29.0,10.0
19,30663.0,30696.0,33.0,11.0
19,30713.0,30744.0,31.0,10.0
19,30761.0,30797.0,36.0,15.0
19,30865.0,30895.0,30.0,7.0
19,30914.0,30949.0,35.0,10.0
19,30970.0,30997.0,27.0,9.0
19,31014.0,31029.0,15.0,6.0
19,31045.0,31071.0,26.0,8.0
19,31085.0,31123.0,38.0,10.0
19,31139.0,31176.0,37.0,12.0
19,31190.0,31226.0,36.0,12.0
19,31244.0,31273.0,29.0,10.0
19,31295.0,31331.0,36.0,14.0
19,31345.0,31376.0,31.0,10.0
19,31393.0,31423.0,30.0,11.0
19,31445.0,31487.0,42.0,15.0
19,31502.0,31543.0,41.0,14.0
19,31562.0,31570.0,8.0,5.0
19,31597.0,31625.0,28.0,9.0
19,31642.0,31681.0,39.0,15.0
19,31793.0,31822.0,29.0,10.0
19,31843.0,31880.0,37.0,13.0
19,31995.0,32017.0,22.0,9.0
19,33083.0,33119.0,36.0,7.0
19,33145.0,33155.0,10.0,4.0
19,34034.0,34056.0,22.0,5.0
19,34070.0,34080.0,10.0,4.0
19,34133.0,34141.0,8.0,6.0
19,34182.0,34207.0,25.0,8.0
19,34314.0,34325.0,11.0,4.0
19,35951.0,35960.0,9.0,4.0
19,36778.0,36808.0,30.0,4.0
20,6645.0,6695.0,50.0,5.0
20,12602.0,12630.0,28.0,4.0
20,12638.0,12683.0,45.0,4.0
20,12845.0,12860.0,15.0,3.0
20,12871.0,12881.0,10.0,3.0
20,20640.0,20655.0,15.0,5.0
21,4214.0,4226.0,12.0,3.0
21,4684.0,4694.0,10.0,3.0
21,6138.0,6151.0,13.0,3.0
21,6769.0,6790.0,21.0,4.0
21,7900.0,7909.0,9.0,3.0
21,13120.0,13134.0,14.0,3.0
21,13869.0,13902.0,33.0,4.0
21,14854.0,14866.0,12.0,3.0
21,17156.0,17168.0,12.0,3.0
21,19620.0,19662.0,42.0,4.0
21,20988.0,21007.0,19.0,3.0
21,21482.0,21521.0,39.0,3.0
21,27161.0,27182.0,21.0,10.0
21,27197.0,27231.0,34.0,9.0
21,27317.0,27340.0,23.0,3.0
21,27720.0,27734.0,14.0,3.0
21,33917.0,33937.0,20.0,5.0
21,33969.0,33978.0,9.0,3.0
21,35023.0,35035.0,12.0,3.0
21,36053.0,36087.0,34.0,3.0
21,38187.0,38277.0,90.0,9.0
22,3986.0,4016.0,30.0,6.0
22,4162.0,4173.0,11.0,3.0
22,4809.0,4818.0,9.0,3.0
22,6540.0,6584.0,44.0,6.0
22,6928.0,6943.0,15.0,3.0
22,8276.0,8285.0,9.0,3.0
22,8465.0,8474.0,9.0,4.0
22,8914.0,8930.0,16.0,4.0
22,8948.0,8958.0,10.0,3.0
22,9008.0,9020.0,12.0,3.0
22,10241.0,10252.0,11.0,3.0
22,10363.0,10371.0,8.0,3.0
22,11650.0,11663.0,13.0,3.0
22,11968.0,11986.0,18.0,3.0
22,17114.0,17168.0,54.0,3.0
22,19086.0,19095.0,9.0,3.0
22,19737.0,19751.0,14.0,3.0
22,20239.0,20253.0,14.0,3.0
22,20851.0,20871.0,20.0,3.0
22,21381.0,21394.0,13.0,3.0
22,21622.0,21636.0,14.0,4.0
22,22357.0,22367.0,10.0,6.0
22,23280.0,23293.0,13.0,3.0
22,25270.0,25289.0,19.0,3.0
22,25327.0,25336.0,9.0,3.0
22,26745.0,26766.0,21.0,4.0
22,27048.0,27126.0,78.0,4.0
22,30353.0,30373.0,20.0,3.0
22,30379.0,30391.0,12.0,3.0
22,30691.0,30703.0,12.0,3.0
22,31594.0,31631.0,37.0,3.0
22,32213.0,32290.0,77.0,4.0
22,34054.0,34080.0,26.0,4.0
22,35415.0,35428.0,13.0,3.0
23,8542.0,8573.0,31.0,4.0
23,8861.0,8869.0,8.0,3.0
23,8873.0,8885.0,12.0,3.0
23,9787.0,9815.0,28.0,3.0
23,10836.0,10848.0,12.0,3.0
23,10870.0,10878.0,8.0,3.0
23,12798.0,12851.0,53.0,4.0
23,15782.0,15807.0,25.0,3.0
23,20590.0,20598.0,8.0,6.0
23,21767.0,21793.0,26.0,4.0
23,26388.0,26396.0,8.0,3.0
23,26551.0,26573.0,22.0,3.0
23,27425.0,27451.0,26.0,3.0
23,30943.0,30951.0,8.0,3.0
23,37443.0,37453.0,10.0,3.0
24,10714.0,10753.0,39.0,9.0
24,14693.0,14765.0,72.0,18.0
24,15311.0,15346.0,35.0,20.0
24,15651.0,15701.0,50.0,20.0
24,15722.0,15799.0,77.0,24.0
24,15813.0,15851.0,38.0,25.0
24,16543.0,16592.0,49.0,20.0
24,19934.0,19986.0,52.0,18.0
24,19992.0,20044.0,52.0,14.0
24,22513.0,22588.0,75.0,24.0
24,22596.0,22653.0,57.0,20.0
24,22665.0,22736.0,71.0,23.0
24,22743.0,22790.0,47.0,17.0
24,22806.0,22945.0,139.0,25.0
24,22960.0,23024.0,64.0,20.0
24,23038.0,23101.0,63.0,22.0
24,23117.0,23164.0,47.0,15.0
24,23179.0,23260.0,81.0,22.0
24,23419.0,23490.0,71.0,25.0
24,23501.0,23545.0,44.0,17.0
24,23574.0,23648.0,74.0,26.0
24,23658.0,23730.0,72.0,26.0
24,23742.0,23820.0,78.0,27.0
24,23831.0,23879.0,48.0,20.0
24,24193.0,24256.0,63.0,7.0
24,24301.0,24333.0,32.0,12.0
24,24353.0,24389.0,36.0,6.0
24,24485.0,24540.0,55.0,13.0
24,24831.0,24874.0,43.0,10.0
24,24898.0,25030.0,132.0,10.0
24,25085.0,25099.0,14.0,10.0
24,25119.0,25178.0,59.0,10.0
24,25327.0,25374.0,47.0,9.0
24,25393.0,25450.0,57.0,12.0
24,25462.0,25507.0,45.0,12.0
24,25562.0,25586.0,24.0,13.0
24,25607.0,25663.0,56.0,14.0
24,25676.0,25712.0,36.0,10.0
24,25747.0,25796.0,49.0,12.0
24,25825.0,25872.0,47.0,15.0
24,25880.0,25891.0,11.0,7.0
24,25949.0,26015.0,66.0,18.0
24,26027.0,26042.0,15.0,4.0
24,26096.0,26104.0,8.0,5.0
24,26201.0,26223.0,22.0,12.0
24,26283.0,26291.0,8.0,10.0
24,26345.0,26367.0,22.0,16.0
24,26378.0,26402.0,24.0,9.0
24,26448.0,26506.0,58.0,15.0
24,26517.0,26530.0,13.0,6.0
24,26552.0,26569.0,17.0,10.0
24,26591.0,26648.0,57.0,16.0
24,26707.0,26716.0,9.0,14.0
24,26829.0,26851.0,22.0,14.0
24,26912.0,26932.0,20.0,14.0
24,26948.0,26960.0,12.0,10.0
24,26971.0,26999.0,28.0,16.0
24,27014.0,27039.0,25.0,8.0
24,27090.0,27103.0,13.0,9.0
24,27159.0,27221.0,62.0,24.0
24,27228.0,27242.0,14.0,7.0
24,27272.0,27294.0,22.0,22.0
24,27305.0,27397.0,92.0,27.0
24,27484.0,27504.0,20.0,20.0
24,27522.0,27662.0,140.0,33.0
24,27691.0,27716.0,25.0,17.0
24,27730.0,27765.0,35.0,19.0
24,27824.0,27894.0,70.0,25.0
24,27900.0,27961.0,61.0,20.0
24,27995.0,28067.0,72.0,32.0
24,28084.0,28113.0,29.0,10.0
24,28130.0,28145.0,15.0,11.0
24,28194.0,28232.0,38.0,11.0
24,28262.0,28291.0,29.0,9.0
24,28326.0,28337.0,11.0,18.0
24,28349.0,28357.0,8.0,7.0
24,28413.0,28421.0,8.0,7.0
24,28446.0,28463.0,17.0,16.0
24,28481.0,28552.0,71.0,20.0
24,28560.0,28592.0,32.0,13.0
24,28692.0,28736.0,44.0,10.0
24,28754.0,28809.0,55.0,11.0
24,28851.0,28919.0,68.0,15.0
24,28924.0,28952.0,28.0,13.0
24,28986.0,28997.0,11.0,20.0
24,29048.0,29077.0,29.0,11.0
24,29091.0,29115.0,24.0,8.0
24,29162.0,29183.0,21.0,14.0
24,29208.0,29253.0,45.0,12.0
24,29263.0,29326.0,63.0,13.0
24,29410.0,29461.0,51.0,14.0
24,29477.0,29542.0,65.0,14.0
24,29656.0,29667.0,11.0,11.0
24,29701.0,29737.0,36.0,14.0
24,29754.0,29765.0,11.0,4.0
24,29791.0,29804.0,13.0,13.0
24,29831.0,29846.0,15.0,9.0
24,29852.0,29873.0,21.0,14.0
24,29912.0,29938.0,26.0,11.0
24,30021.0,30035.0,14.0,4.0
24,30097.0,30105.0,8.0,3.0
24,30273.0,30281.0,8.0,13.0
24,30332.0,30353.0,21.0,13.0
24,30396.0,30405.0,9.0,11.0
24,30424.0,30432.0,8.0,3.0
24,30461.0,30479.0,18.0,14.0
24,30514.0,30539.0,25.0,16.0
24,30554.0,30569.0,15.0,10.0
24,30665.0,30686.0,21.0,16.0
24,30751.0,30764.0,13.0,16.0
24,30788.0,30817.0,29.0,12.0
24,30933.0,30958.0,25.0,15.0
24,31084.0,31112.0,28.0,13.0
24,31312.0,31358.0,46.0,10.0
24,31377.0,31390.0,13.0,4.0
24,31412.0,31425.0,13.0,12.0
24,31543.0,31558.0,15.0,13.0
24,31573.0,31615.0,42.0,12.0
24,31700.0,31744.0,44.0,12.0
24,31764.0,31803.0,39.0,9.0
24,31822.0,31863.0,41.0,15.0
24,31926.0,31939.0,13.0,12.0
24,32045.0,32072.0,27.0,13.0
24,32088.0,32106.0,18.0,9.0
24,32153.0,32162.0,9.0,3.0
24,32191.0,32208.0,17.0,10.0
24,32236.0,32290.0,54.0,13.0
25,7253.0,7264.0,11.0,5.0
25,7729.0,7773.0,44.0,10.0
25,7804.0,7845.0,41.0,9.0
25,12028.0,12047.0,19.0,3.0
25,13111.0,13123.0,12.0,3.0
25,14585.0,14610.0,25.0,5.0
25,14996.0,15010.0,14.0,3.0
25,15884.0,15897.0,13.0,3.0
25,16943.0,16957.0,14.0,3.0
25,36519.0,36527.0,8.0,3.0
26,3306.0,3317.0,11.0,4.0
26,3863.0,3876.0,13.0,3.0
26,5489.0,5501.0,12.0,3.0
26,10318.0,10335.0,17.0,3.0
26,11243.0,11251.0,8.0,3.0
26,12515.0,12525.0,10.0,3.0
26,14898.0,14907.0,9.0,3.0
26,15054.0,15091.0,37.0,3.0
26,16019.0,16036.0,17.0,4.0
26,17228.0,17236.0,8.0,3.0
26,20600.0,20643.0,43.0,4.0
26,21030.0,21042.0,12.0,3.0
26,24329.0,24365.0,36.0,4.0
26,26950.0,26964.0,14.0,3.0
26,30828.0,30882.0,54.0,27.0
26,31882.0,31922.0,40.0,14.0
26,32678.0,32695.0,17.0,3.0
26,33126.0,33136.0,10.0,3.0
26,34900.0,34920.0,20.0,3.0
26,38685.0,38705.0,20.0,7.0
26,38879.0,38978.0,99.0,4.0
26,38988.0,39003.0,15.0,3.0
26,39025.0,39047.0,22.0,3.0
26,40324.0,40337.0,13.0,3.0
27,5133.0,5143.0,10.0,4.0
27,6284.0,6293.0,9.0,3.0
27,9465.0,9497.0,32.0,3.0
27,10792.0,10809.0,17.0,3.0
27,11058.0,11066.0,8.0,3.0
27,11997.0,12010.0,13.0,3.0
27,13166.0,13183.0,17.0,3.0
27,13527.0,13546.0,19.0,3.0
27,13559.0,13568.0,9.0,3.0
27,15617.0,15656.0,39.0,21.0
27,20418.0,20426.0,8.0,3.0
27,22927.0,22945.0,18.0,4.0
27,23120.0,23135.0,15.0,4.0
27,24195.0,24215.0,20.0,3.0
27,24360.0,24400.0,40.0,4.0
27,29009.0,29017.0,8.0,3.0
27,33191.0,33221.0,30.0,15.0
27,33301.0,33328.0,27.0,13.0
28,6046.0,6061.0,15.0,3.0
28,6301.0,6334.0,33.0,5.0
28,7094.0,7105.0,11.0,3.0
28,13470.0,13528.0,58.0,3.0
28,14387.0,14412.0,25.0,3.0
28,15471.0,15490.0,19.0,3.0
28,17145.0,17158.0,13.0,3.0
28,20399.0,20412.0,13.0,3.0
28,20699.0,20714.0,15.0,3.0
28,22307.0,22321.0,14.0,3.0
28,22324.0,22334.0,10.0,3.0
28,24509.0,24522.0,13.0,3.0
28,32258.0,32274.0,16.0,3.0
28,33350.0,33369.0,19.0,3.0
28,34005.0,34015.0,10.0,3.0
28,34028.0,34039.0,11.0,4.0
28,35048.0,35058.0,10.0,3.0
28,35276.0,35290.0,14.0,3.0
28,35322.0,35340.0,18.0,3.0
28,35822.0,35842.0,20.0,4.0
28,36074.0,36087.0,13.0,4.0
29,23506.0,23526.0,20.0,3.0
29,26330.0,26348.0,18.0,3.0
29,27597.0,27609.0,12.0,3.0
29,27618.0,27630.0,12.0,3.0
29,31985.0,31993.0,8.0,3.0
29,32942.0,32950.0,8.0,3.0
29,33317.0,33329.0,12.0,3.0
29,34702.0,34710.0,8.0,3.0
30,6538.0,6563.0,25.0,17.0
30,6571.0,6600.0,29.0,22.0
30,6608.0,6676.0,68.0,24.0
30,6894.0,6923.0,29.0,23.0
30,6929.0,6959.0,30.0,22.0
30,7072.0,7100.0,28.0,22.0
30,7108.0,7167.0,59.0,24.0
30,7174.0,7204.0,30.0,22.0
30,7211.0,7237.0,26.0,22.0
30,7245.0,7307.0,62.0,24.0
30,7314.0,7337.0,23.0,20.0
30,7962.0,8027.0,65.0,26.0
30,11347.0,11373.0,26.0,26.0
30,13775.0,13824.0,49.0,40.0
30,13829.0,13867.0,38.0,34.0
30,13872.0,13917.0,45.0,37.0
30,13923.0,13946.0,23.0,26.0
30,19614.0,19644.0,30.0,24.0
30,19749.0,19792.0,43.0,17.0
30,19936.0,19956.0,20.0,18.0
30,19966.0,19995.0,29.0,20.0
30,20248.0,20315.0,67.0,30.0
30,20326.0,20360.0,34.0,27.0
30,21104.0,21133.0,29.0,25.0
30,21145.0,21181.0,36.0,27.0
30,21189.0,21258.0,69.0,27.0
30,21267.0,21348.0,81.0,28.0
30,21660.0,21696.0,36.0,27.0
31,3503.0,3521.0,18.0,3.0
31,4901.0,4914.0,13.0,3.0
31,10259.0,10269.0,10.0,3.0
31,11310.0,11328.0,18.0,3.0
31,11719.0,11741.0,22.0,3.0
31,16983.0,16994.0,11.0,3.0
31,17068.0,17080.0,12.0,3.0
31,29375.0,29425.0,50.0,3.0
31,31603.0,31615.0,12.0,3.0
32,5105.0,5134.0,29.0,6.0
32,5138.0,5184.0,46.0,4.0
32,5574.0,5638.0,64.0,3.0
32,9582.0,9604.0,22.0,3.0
32,10214.0,10223.0,9.0,3.0
32,10228.0,10240.0,12.0,3.0
32,10248.0,10281.0,33.0,3.0
32,10305.0,10398.0,93.0,5.0
32,16236.0,16283.0,47.0,4.0
32,16675.0,16684.0,9.0,3.0
32,16804.0,16820.0,16.0,3.0
32,17366.0,17394.0,28.0,3.0
32,19693.0,19701.0,8.0,3.0
32,19717.0,19749.0,32.0,4.0
32,19763.0,19777.0,14.0,3.0
32,20482.0,20497.0,15.0,3.0
32,20861.0,20880.0,19.0,3.0
32,20886.0,20894.0,8.0,3.0
32,20986.0,21004.0,18.0,3.0
32,26302.0,26400.0,98.0,5.0
32,26951.0,26963.0,12.0,3.0
32,27608.0,27635.0,27.0,3.0
32,28925.0,28936.0,11.0,3.0
32,29103.0,29115.0,12.0,3.0
32,29141.0,29149.0,8.0,3.0
32,29888.0,29908.0,20.0,4.0
32,30082.0,30097.0,15.0,3.0
32,30692.0,30700.0,8.0,3.0
32,31951.0,31973.0,22.0,3.0
32,32171.0,32205.0,34.0,5.0
32,32323.0,32359.0,36.0,3.0
32,32669.0,32681.0,12.0,3.0
32,32722.0,32732.0,10.0,3.0
32,32754.0,32767.0,13.0,3.0
32,32774.0,32786.0,12.0,3.0
32,32994.0,33004.0,10.0,3.0
33,6511.0,6543.0,32.0,3.0
33,8483.0,8502.0,19.0,4.0
33,15958.0,15974.0,16.0,3.0
33,17762.0,17811.0,49.0,3.0
33,19575.0,19587.0,12.0,3.0
33,20125.0,20153.0,28.0,3.0
33,32314.0,32331.0,17.0,4.0
33,32778.0,32792.0,14.0,3.0
33,34172.0,34183.0,11.0,3.0
33,34302.0,34315.0,13.0,6.0
33,37359.0,37394.0,35.0,12.0
33,37408.0,37422.0,14.0,4.0
33,37683.0,37707.0,24.0,4.0
33,38980.0,38988.0,8.0,6.0
34,9995.0,10040.0,45.0,12.0
34,10059.0,10122.0,63.0,13.0
34,10157.0,10193.0,36.0,12.0
34,10722.0,10730.0,8.0,4.0
34,14585.0,14598.0,13.0,3.0
34,14730.0,14742.0,12.0,3.0
34,17842.0,17910.0,68.0,16.0
34,18982.0,19015.0,33.0,5.0
34,19034.0,19079.0,45.0,7.0
34,19097.0,19148.0,51.0,9.0
34,19197.0,19225.0,28.0,7.0
34,19243.0,19297.0,54.0,11.0
34,19328.0,19371.0,43.0,10.0
34,19401.0,19452.0,51.0,13.0
34,19597.0,19645.0,48.0,10.0
34,19671.0,19734.0,63.0,10.0
34,19749.0,19773.0,24.0,5.0
34,20027.0,20066.0,39.0,8.0
34,20088.0,20142.0,54.0,12.0
34,20157.0,20211.0,54.0,14.0
34,20230.0,20278.0,48.0,11.0
34,20432.0,20494.0,62.0,11.0
34,20631.0,20682.0,51.0,10.0
34,20708.0,20764.0,56.0,9.0
34,20958.0,21019.0,61.0,11.0
34,21035.0,21110.0,75.0,15.0
34,21932.0,21986.0,54.0,9.0
34,22002.0,22031.0,29.0,8.0
34,22390.0,22439.0,49.0,9.0
34,22458.0,22502.0,44.0,10.0
34,22524.0,22595.0,71.0,16.0
34,22628.0,22682.0,54.0,12.0
34,22698.0,22766.0,68.0,12.0
34,22930.0,22951.0,21.0,6.0
34,23914.0,23972.0,58.0,14.0
34,23997.0,24080.0,83.0,20.0
34,24100.0,24152.0,52.0,17.0
35,6509.0,6529.0,20.0,3.0
35,16201.0,16214.0,13.0,4.0
35,19014.0,19029.0,15.0,3.0
35,22158.0,22197.0,39.0,18.0
35,27547.0,27565.0,18.0,5.0
36,614.0,629.0,15.0,3.0
36,790.0,801.0,11.0,5.0
36,1199.0,1228.0,29.0,9.0
36,1248.0,1269.0,21.0,8.0
36,1831.0,1853.0,22.0,7.0
36,1872.0,1896.0,24.0,8.0
36,2402.0,2439.0,37.0,9.0
36,2457.0,2490.0,33.0,10.0
36,2621.0,2651.0,30.0,8.0
36,2842.0,2862.0,20.0,6.0
36,3003.0,3043.0,40.0,11.0
36,3065.0,3101.0,36.0,9.0
36,3229.0,3270.0,41.0,11.0
36,3288.0,3332.0,44.0,9.0
36,3518.0,3563.0,45.0,14.0
36,3582.0,3628.0,46.0,13.0
36,3646.0,3697.0,51.0,16.0
36,3726.0,3767.0,41.0,15.0
36,3789.0,3831.0,42.0,12.0
36,3848.0,3891.0,43.0,14.0
36,4285.0,4331.0,46.0,17.0
36,4480.0,4522.0,42.0,14.0
36,4540.0,4592.0,52.0,15.0
36,4905.0,4942.0,37.0,10.0
36,4962.0,4999.0,37.0,9.0
36,5125.0,5164.0,39.0,11.0
36,9140.0,9164.0,24.0,6.0
36,9178.0,9207.0,29.0,8.0
36,9226.0,9259.0,33.0,8.0
36,9289.0,9321.0,32.0,9.0
36,9354.0,9384.0,30.0,8.0
36,9413.0,9445.0,32.0,8.0
36,9474.0,9508.0,34.0,8.0
36,9533.0,9567.0,34.0,9.0
36,9590.0,9624.0,34.0,9.0
36,9649.0,9681.0,32.0,7.0
36,9712.0,9752.0,40.0,10.0
36,9776.0,9808.0,32.0,7.0
36,9840.0,9869.0,29.0,6.0
36,9915.0,9927.0,12.0,4.0
36,9952.0,9990.0,38.0,6.0
36,10022.0,10043.0,21.0,8.0
36,10077.0,10104.0,27.0,6.0
36,10137.0,10164.0,27.0,5.0
36,10190.0,10218.0,28.0,7.0
36,10249.0,10279.0,30.0,8.0
36,10311.0,10342.0,31.0,8.0
36,10364.0,10402.0,38.0,7.0
36,10428.0,10477.0,49.0,10.0
36,10628.0,10668.0,40.0,8.0
36,10695.0,10733.0,38.0,8.0
36,11013.0,11054.0,41.0,8.0
36,11224.0,11264.0,40.0,9.0
36,11284.0,11303.0,19.0,3.0
36,11763.0,11815.0,52.0,10.0
36,11844.0,11883.0,39.0,7.0
36,12142.0,12180.0,38.0,8.0
36,12578.0,12614.0,36.0,8.0
36,13000.0,13084.0,84.0,25.0
36,13100.0,13157.0,57.0,19.0
36,13181.0,13236.0,55.0,13.0
36,13411.0,13463.0,52.0,12.0
36,13495.0,13580.0,85.0,20.0
36,13598.0,13657.0,59.0,18.0
36,13691.0,13702.0,11.0,5.0
36,13733.0,13784.0,51.0,9.0
36,13810.0,13847.0,37.0,6.0
36,13870.0,13920.0,50.0,8.0
36,13962.0,13987.0,25.0,6.0
36,14029.0,14046.0,17.0,5.0
36,14080.0,14127.0,47.0,10.0
36,14146.0,14162.0,16.0,4.0
36,14166.0,14197.0,31.0,8.0
36,14235.0,14250.0,15.0,5.0
36,14420.0,14444.0,24.0,5.0
36,14481.0,14491.0,10.0,4.0
36,14543.0,14569.0,26.0,6.0
36,14610.0,14628.0,18.0,5.0
36,14667.0,14700.0,33.0,6.0
36,14773.0,14800.0,27.0,6.0
36,14832.0,14855.0,23.0,5.0
36,14896.0,14916.0,20.0,5.0
36,14956.0,14990.0,34.0,5.0
36,15096.0,15107.0,11.0,3.0
36,15113.0,15128.0,15.0,5.0
36,15451.0,15466.0,15.0,6.0
36,15491.0,15519.0,28.0,5.0
36,15613.0,15650.0,37.0,8.0
36,15682.0,15697.0,15.0,4.0
36,15850.0,15875.0,25.0,6.0
36,15905.0,15935.0,30.0,6.0
36,15964.0,15997.0,33.0,6.0
36,16031.0,16073.0,42.0,7.0
36,16089.0,16137.0,48.0,8.0
36,16168.0,16202.0,34.0,8.0
36,16234.0,16283.0,49.0,8.0
36,16313.0,16360.0,47.0,8.0
36,16386.0,16430.0,44.0,8.0
36,16465.0,16512.0,47.0,9.0
36,16744.0,16794.0,50.0,9.0
36,16817.0,16866.0,49.0,8.0
36,17324.0,17372.0,48.0,8.0
36,17395.0,17449.0,54.0,10.0
36,17492.0,17522.0,30.0,9.0
36,17550.0,17600.0,50.0,9.0
36,17624.0,17672.0,48.0,8.0
36,17698.0,17738.0,40.0,7.0
36,17770.0,17820.0,50.0,8.0
36,17855.0,17899.0,44.0,8.0
36,17920.0,17970.0,50.0,10.0
36,18132.0,18184.0,52.0,10.0
36,18593.0,18612.0,19.0,4.0
36,18804.0,18842.0,38.0,6.0
36,18865.0,18903.0,38.0,6.0
36,19006.0,19043.0,37.0,9.0
36,19062.0,19112.0,50.0,9.0
36,19138.0,19186.0,48.0,8.0
36,19215.0,19265.0,50.0,9.0
36,19442.0,19488.0,46.0,8.0
36,19666.0,19722.0,56.0,13.0
36,19750.0,19796.0,46.0,10.0
36,19835.0,19881.0,46.0,8.0
36,19913.0,19973.0,60.0,12.0
36,19999.0,20060.0,61.0,13.0
36,20086.0,20146.0,60.0,14.0
36,20171.0,20239.0,68.0,15.0
36,20267.0,20335.0,68.0,19.0
36,20612.0,20656.0,44.0,6.0
36,20680.0,20698.0,18.0,4.0
36,20701.0,20717.0,16.0,5.0
36,20764.0,20773.0,9.0,3.0
36,20824.0,20843.0,19.0,5.0
36,20892.0,20918.0,26.0,6.0
36,23787.0,23821.0,34.0,7.0
36,23857.0,23878.0,21.0,6.0
36,23912.0,23937.0,25.0,7.0
36,23960.0,23991.0,31.0,8.0
36,24031.0,24059.0,28.0,7.0
36,24210.0,24229.0,19.0,5.0
36,24263.0,24297.0,34.0,7.0
36,24331.0,24366.0,35.0,6.0
36,24456.0,24489.0,33.0,7.0
36,24517.0,24557.0,40.0,7.0
36,24601.0,24619.0,18.0,5.0
36,24651.0,24686.0,35.0,7.0
36,24721.0,24746.0,25.0,6.0
36,24785.0,24797.0,12.0,4.0
36,24825.0,24857.0,32.0,6.0
36,24891.0,24943.0,52.0,8.0
36,24965.0,25006.0,41.0,9.0
36,25033.0,25072.0,39.0,7.0
36,25108.0,25136.0,28.0,6.0
36,25155.0,25188.0,33.0,8.0
36,25216.0,25248.0,32.0,6.0
36,25282.0,25303.0,21.0,6.0
36,25345.0,25370.0,25.0,6.0
36,25397.0,25428.0,31.0,7.0
36,25465.0,25508.0,43.0,8.0
36,25748.0,25789.0,41.0,9.0
36,26022.0,26031.0,9.0,3.0
36,26035.0,26065.0,30.0,8.0
36,26100.0,26141.0,41.0,8.0
36,26188.0,26213.0,25.0,7.0
36,26659.0,26669.0,10.0,3.0
36,26676.0,26696.0,20.0,7.0
36,26730.0,26768.0,38.0,10.0
36,26794.0,26850.0,56.0,14.0
36,26874.0,26957.0,83.0,17.0
36,27123.0,27165.0,42.0,10.0
36,27200.0,27296.0,96.0,19.0
36,27313.0,27399.0,86.0,21.0
36,27727.0,27740.0,13.0,4.0
36,27772.0,27790.0,18.0,4.0
36,27826.0,27856.0,30.0,5.0
36,28203.0,28222.0,19.0,5.0
36,28250.0,28299.0,49.0,8.0
36,28325.0,28356.0,31.0,6.0
36,28417.0,28438.0,21.0,5.0
36,28464.0,28480.0,16.0,5.0
36,28482.0,28512.0,30.0,6.0
36,28545.0,28553.0,8.0,3.0
36,28556.0,28574.0,18.0,6.0
36,28662.0,28696.0,34.0,7.0
36,28716.0,28760.0,44.0,7.0
36,28800.0,28820.0,20.0,6.0
36,28854.0,28876.0,22.0,6.0
36,28906.0,28930.0,24.0,5.0
36,28964.0,28998.0,34.0,8.0
36,29024.0,29062.0,38.0,6.0
36,29093.0,29132.0,39.0,6.0
36,29156.0,29192.0,36.0,7.0
36,29211.0,29256.0,45.0,6.0
36,29297.0,29320.0,23.0,6.0
36,29347.0,29380.0,33.0,7.0
36,29409.0,29439.0,30.0,7.0
36,29600.0,29621.0,21.0,3.0
36,29695.0,29727.0,32.0,6.0
36,29753.0,29771.0,18.0,3.0
36,29775.0,29787.0,12.0,5.0
36,29820.0,29857.0,37.0,7.0
36,29944.0,29987.0,43.0,7.0
36,30013.0,30049.0,36.0,4.0
36,30252.0,30291.0,39.0,6.0
36,30319.0,30331.0,12.0,4.0
36,31477.0,31512.0,35.0,5.0
36,31938.0,31963.0,25.0,8.0
36,32166.0,32189.0,23.0,6.0
36,32434.0,32453.0,19.0,4.0
36,32501.0,32512.0,11.0,4.0
36,32566.0,32576.0,10.0,4.0
36,32607.0,32653.0,46.0,9.0
36,32674.0,32729.0,55.0,9.0
36,32768.0,32834.0,66.0,13.0
36,32861.0,32927.0,66.0,17.0
36,32952.0,33022.0,70.0,13.0
36,33056.0,33125.0,69.0,18.0
36,33150.0,33227.0,77.0,20.0
36,33247.0,33301.0,54.0,12.0
36,33334.0,33411.0,77.0,15.0
36,33435.0,33516.0,81.0,20.0
37,3912.0,3921.0,9.0,3.0
37,14777.0,14796.0,19.0,4.0
37,15275.0,15301.0,26.0,3.0
37,21843.0,21870.0,27.0,10.0
37,22863.0,22892.0,29.0,13.0
37,36852.0,36878.0,26.0,3.0
38,3331.0,3339.0,8.0,3.0
38,4637.0,4645.0,8.0,3.0
38,5451.0,5471.0,20.0,3.0
38,6534.0,6554.0,20.0,3.0
38,7621.0,7630.0,9.0,3.0
38,9849.0,9868.0,19.0,3.0
38,10138.0,10148.0,10.0,3.0
38,15138.0,15156.0,18.0,3.0
38,16156.0,16182.0,26.0,3.0
38,16349.0,16363.0,14.0,6.0
38,16704.0,16713.0,9.0,3.0
38,18146.0,18184.0,38.0,3.0
38,19124.0,19163.0,39.0,15.0
38,20550.0,20585.0,35.0,4.0
38,21831.0,21842.0,11.0,3.0
38,22716.0,22726.0,10.0,3.0
38,24711.0,24742.0,31.0,10.0
38,24776.0,24808.0,32.0,15.0
38,24826.0,24854.0,28.0,11.0
38,26370.0,26389.0,19.0,6.0
38,26403.0,26437.0,34.0,6.0
38,26458.0,26485.0,27.0,9.0
38,26505.0,26544.0,39.0,8.0
38,27479.0,27507.0,28.0,4.0
38,28601.0,28614.0,13.0,3.0
38,30063.0,30108.0,45.0,10.0
38,30127.0,30226.0,99.0,7.0
38,30313.0,30347.0,34.0,7.0
38,31679.0,31697.0,18.0,3.0
38,32486.0,32522.0,36.0,3.0
38,33441.0,33449.0,8.0,3.0
39,12147.0,12161.0,14.0,3.0
39,16379.0,16409.0,30.0,9.0
39,16442.0,16454.0,12.0,9.0
39,16467.0,16502.0,35.0,12.0
39,16517.0,16550.0,33.0,10.0
39,16561.0,16593.0,32.0,11.0
39,17282.0,17310.0,28.0,9.0
39,17329.0,17359.0,30.0,9.0
39,17372.0,17405.0,33.0,11.0
39,17420.0,17448.0,28.0,9.0
39,17463.0,17495.0,32.0,11.0
39,17510.0,17546.0,36.0,11.0
39,17837.0,17873.0,36.0,12.0
39,22747.0,22755.0,8.0,3.0
40,6297.0,6313.0,16.0,3.0
40,6842.0,6856.0,14.0,3.0
40,7315.0,7325.0,10.0,3.0
40,7980.0,7992.0,12.0,3.0
40,14915.0,14938.0,23.0,5.0
40,14955.0,14975.0,20.0,6.0
40,15020.0,15030.0,10.0,5.0
40,15046.0,15114.0,68.0,9.0
40,15120.0,15132.0,12.0,3.0
40,22196.0,22213.0,17.0,3.0
40,22235.0,22245.0,10.0,3.0
40,24815.0,24826.0,11.0,3.0
40,29381.0,29405.0,24.0,6.0
40,30467.0,30478.0,11.0,3.0
40,31550.0,31571.0,21.0,4.0
40,31867.0,31894.0,27.0,3.0
40,32206.0,32216.0,10.0,3.0
40,32218.0,32227.0,9.0,4.0
40,34084.0,34099.0,15.0,3.0
41,14746.0,14764.0,18.0,9.0
41,15495.0,15517.0,22.0,3.0
41,17908.0,17917.0,9.0,3.0
41,19042.0,19084.0,42.0,4.0
41,19738.0,19760.0,22.0,5.0
41,20670.0,20702.0,32.0,7.0
41,20725.0,20746.0,21.0,5.0
41,22285.0,22321.0,36.0,5.0
41,22333.0,22374.0,41.0,11.0
41,22386.0,22414.0,28.0,7.0
41,23010.0,23022.0,12.0,4.0
41,32772.0,32781.0,9.0,3.0
42,6281.0,6289.0,8.0,3.0
42,9132.0,9146.0,14.0,4.0
42,10636.0,10646.0,10.0,3.0
42,11528.0,11557.0,29.0,5.0
42,13762.0,13778.0,16.0,3.0
42,13933.0,13943.0,10.0,3.0
42,19970.0,19980.0,10.0,3.0
42,20965.0,20984.0,19.0,3.0
44,12187.0,12199.0,12.0,3.0
44,14336.0,14352.0,16.0,4.0
44,19461.0,19497.0,36.0,3.0
44,23972.0,24019.0,47.0,3.0
44,27688.0,27696.0,8.0,3.0
44,29225.0,29241.0,16.0,3.0
44,31624.0,31637.0,13.0,3.0
45,2013.0,2024.0,11.0,3.0
45,8461.0,8498.0,37.0,21.0
45,8503.0,8536.0,33.0,18.0
45,9604.0,9639.0,35.0,18.0
45,9647.0,9682.0,35.0,18.0
45,9693.0,9734.0,41.0,22.0
45,9739.0,9774.0,35.0,22.0
45,10762.0,10802.0,40.0,21.0
45,10810.0,10845.0,35.0,19.0
45,10853.0,10889.0,36.0,19.0
45,10899.0,10936.0,37.0,20.0
45,11611.0,11646.0,35.0,19.0
45,11655.0,11690.0,35.0,23.0
45,11700.0,11736.0,36.0,22.0
45,12081.0,12123.0,42.0,18.0
45,12278.0,12325.0,47.0,22.0
45,12331.0,12360.0,29.0,19.0
45,12475.0,12514.0,39.0,21.0
45,12522.0,12560.0,38.0,21.0
45,12921.0,12953.0,32.0,24.0
45,12964.0,13003.0,39.0,23.0
45,13134.0,13178.0,44.0,23.0
45,13190.0,13232.0,42.0,22.0
45,13381.0,13406.0,25.0,20.0
45,13421.0,13461.0,40.0,21.0
45,13473.0,13514.0,41.0,21.0
45,13533.0,13569.0,36.0,18.0
45,13581.0,13622.0,41.0,20.0
45,13802.0,13845.0,43.0,20.0
45,16017.0,16027.0,10.0,4.0
45,16947.0,16982.0,35.0,19.0
45,17160.0,17170.0,10.0,10.0
45,17891.0,17910.0,19.0,13.0
45,18274.0,18312.0,38.0,18.0
45,18328.0,18370.0,42.0,24.0
45,18381.0,18418.0,37.0,21.0
45,19028.0,19071.0,43.0,20.0
45,19262.0,19305.0,43.0,23.0
45,19317.0,19363.0,46.0,26.0
45,22062.0,22109.0,47.0,23.0
45,22268.0,22307.0,39.0,21.0
45,22458.0,22499.0,41.0,27.0
45,22873.0,22890.0,17.0,10.0
45,22932.0,22960.0,28.0,15.0
45,22973.0,22984.0,11.0,10.0
45,24355.0,24364.0,9.0,6.0
45,24602.0,24643.0,41.0,22.0
45,24653.0,24694.0,41.0,22.0
45,24813.0,24858.0,45.0,25.0
45,24869.0,24909.0,40.0,23.0
45,24920.0,24964.0,44.0,21.0
45,24972.0,25014.0,42.0,22.0
45,25027.0,25064.0,37.0,21.0
45,25076.0,25119.0,43.0,25.0
45,25129.0,25174.0,45.0,20.0
45,25179.0,25228.0,49.0,24.0
45,25241.0,25286.0,45.0,22.0
45,25298.0,25343.0,45.0,19.0
45,25613.0,25662.0,49.0,21.0
45,25923.0,25952.0,29.0,25.0
45,25960.0,26003.0,43.0,25.0
45,26042.0,26117.0,75.0,27.0
45,26128.0,26177.0,49.0,24.0
45,26197.0,26246.0,49.0,24.0
45,26260.0,26311.0,51.0,20.0
45,26318.0,26362.0,44.0,24.0
45,26612.0,26638.0,26.0,21.0
45,26757.0,26803.0,46.0,26.0
45,27132.0,27187.0,55.0,21.0
45,27199.0,27251.0,52.0,20.0
45,27259.0,27307.0,48.0,24.0
45,27318.0,27377.0,59.0,25.0
45,27387.0,27438.0,51.0,25.0
45,27448.0,27541.0,93.0,24.0
45,27554.0,27618.0,64.0,29.0
45,29410.0,29433.0,23.0,17.0
45,29474.0,29517.0,43.0,21.0
45,29539.0,29581.0,42.0,13.0
45,29840.0,29883.0,43.0,16.0
45,29894.0,29934.0,40.0,17.0
45,29947.0,29997.0,50.0,20.0
45,30157.0,30197.0,40.0,15.0
45,30211.0,30267.0,56.0,13.0
45,30279.0,30331.0,52.0,18.0
45,30337.0,30380.0,43.0,19.0
45,30392.0,30440.0,48.0,18.0
45,30449.0,30494.0,45.0,21.0
45,30509.0,30556.0,47.0,17.0
45,30724.0,30768.0,44.0,17.0
45,30780.0,30827.0,47.0,15.0
45,30839.0,30897.0,58.0,19.0
45,30909.0,30954.0,45.0,12.0
45,30966.0,31011.0,45.0,15.0
45,31020.0,31064.0,44.0,20.0
45,31080.0,31125.0,45.0,15.0
45,31256.0,31301.0,45.0,12.0
45,31315.0,31361.0,46.0,15.0
45,31373.0,31415.0,42.0,15.0
45,31427.0,31475.0,48.0,17.0
45,31486.0,31540.0,54.0,15.0
45,31556.0,31602.0,46.0,13.0
45,31624.0,31668.0,44.0,12.0
45,31682.0,31733.0,51.0,16.0
45,31746.0,31799.0,53.0,15.0
45,31814.0,31870.0,56.0,10.0
45,31881.0,31920.0,39.0,12.0
45,31939.0,31982.0,43.0,11.0
45,32003.0,32055.0,52.0,10.0
45,32073.0,32120.0,47.0,14.0
45,32131.0,32181.0,50.0,15.0
45,32195.0,32253.0,58.0,12.0
45,32274.0,32326.0,52.0,11.0
45,32342.0,32388.0,46.0,11.0
45,32398.0,32442.0,44.0,16.0
45,32461.0,32508.0,47.0,14.0
45,32529.0,32580.0,51.0,11.0
45,32591.0,32627.0,36.0,15.0
45,36301.0,36326.0,25.0,10.0
45,36337.0,36376.0,39.0,13.0
45,36384.0,36412.0,28.0,9.0
45,36675.0,36724.0,49.0,14.0
45,36731.0,36763.0,32.0,15.0
45,36776.0,36813.0,37.0,13.0
45,36828.0,36870.0,42.0,16.0
45,36877.0,36916.0,39.0,16.0
45,36929.0,36975.0,46.0,16.0
45,36987.0,37023.0,36.0,13.0
45,38082.0,38129.0,47.0,22.0
45,38143.0,38179.0,36.0,19.0
45,38189.0,38227.0,38.0,17.0
45,38240.0,38285.0,45.0,17.0
45,38290.0,38333.0,43.0,21.0
45,39041.0,39086.0,45.0,17.0
45,39099.0,39134.0,35.0,15.0
45,39248.0,39285.0,37.0,15.0
45,39303.0,39348.0,45.0,20.0
45,39360.0,39369.0,9.0,8.0
46,6091.0,6099.0,8.0,3.0
46,9614.0,9625.0,11.0,3.0
46,10252.0,10270.0,18.0,4.0
46,13243.0,13268.0,25.0,8.0
46,16232.0,16323.0,91.0,5.0
46,19258.0,19268.0,10.0,3.0
46,21076.0,21125.0,49.0,4.0
46,21343.0,21352.0,9.0,3.0
46,22815.0,22826.0,11.0,3.0
46,24535.0,24572.0,37.0,3.0
46,26914.0,26924.0,10.0,3.0
47,16482.0,16505.0,23.0,3.0
47,19093.0,19103.0,10.0,3.0
47,19248.0,19275.0,27.0,5.0
47,20867.0,20901.0,34.0,3.0
47,34564.0,34592.0,28.0,4.0
48,12634.0,12643.0,9.0,3.0
48,13694.0,13706.0,12.0,3.0
48,18956.0,18992.0,36.0,13.0
48,19722.0,19756.0,34.0,11.0
48,20435.0,20456.0,21.0,12.0
48,21995.0,22032.0,37.0,13.0
48,22050.0,22070.0,20.0,6.0
48,22325.0,22339.0,14.0,3.0
48,28444.0,28472.0,28.0,6.0
48,28490.0,28514.0,24.0,5.0
48,28527.0,28565.0,38.0,6.0
48,28575.0,28626.0,51.0,12.0
48,28652.0,28663.0,11.0,5.0
48,28684.0,28700.0,16.0,4.0
48,28774.0,28782.0,8.0,4.0
48,29089.0,29121.0,32.0,6.0
48,29210.0,29224.0,14.0,5.0
49,10250.0,10263.0,13.0,3.0
49,13030.0,13051.0,21.0,4.0
49,18789.0,18798.0,9.0,3.0
49,21427.0,21436.0,9.0,3.0
49,22855.0,22882.0,27.0,3.0
49,24812.0,24848.0,36.0,4.0
49,25069.0,25092.0,23.0,5.0
49,25737.0,25753.0,16.0,3.0
49,26403.0,26425.0,22.0,4.0
49,28454.0,28471.0,17.0,6.0
49,29081.0,29094.0,13.0,3.0
49,29354.0,29380.0,26.0,4.0
49,29982.0,30009.0,27.0,4.0
49,30650.0,30660.0,10.0,3.0
49,31531.0,31554.0,23.0,4.0
49,32160.0,32177.0,17.0,3.0
50,9149.0,9158.0,9.0,3.0
50,9170.0,9186.0,16.0,3.0
50,13365.0,13386.0,21.0,3.0
50,13809.0,13822.0,13.0,4.0
50,16878.0,16886.0,8.0,3.0
50,18663.0,18693.0,30.0,4.0
50,20762.0,20791.0,29.0,21.0
50,20822.0,20836.0,14.0,31.0
50,21034.0,21061.0,27.0,16.0
50,21077.0,21099.0,22.0,18.0
50,21131.0,21140.0,9.0,26.0
50,23478.0,23497.0,19.0,4.0
50,30301.0,30320.0,19.0,7.0
50,30329.0,30358.0,29.0,10.0
50,30365.0,30402.0,37.0,15.0
50,30415.0,30442.0,27.0,14.0
50,30457.0,30506.0,49.0,20.0
50,30515.0,30563.0,48.0,21.0
50,30571.0,30622.0,51.0,24.0
50,30749.0,30782.0,33.0,14.0
50,33360.0,33391.0,31.0,19.0
50,33397.0,33432.0,35.0,16.0
50,33561.0,33598.0,37.0,19.0
50,33607.0,33643.0,36.0,19.0
50,33650.0,33684.0,34.0,16.0
50,33693.0,33735.0,42.0,17.0
50,33865.0,33881.0,16.0,9.0
50,33895.0,33925.0,30.0,12.0
50,33986.0,34013.0,27.0,12.0
50,34023.0,34057.0,34.0,15.0
50,34070.0,34106.0,36.0,16.0
50,34113.0,34163.0,50.0,19.0
