run_id,representation,classifier,protocol,fold,feature_dimension,accuracy,balanced_accuracy,precision,sensitivity,specificity,f1,macro_f1,mcc,cohen_kappa,roc_auc,tn,fp,fn,tp,n
00357f1b5a1f7c3d,wavlm,svm_rbf,R_S,2,768,0.5085728693898134,0.5104132334810366,0.5573333333333333,0.10491967871485944,0.9159067882472138,0.1765948457963667,0.4131851138236101,0.03558856743798174,0.020749672959675003,0.5934604680118651,1808,166,1783,209,3966
019bbce2889288f7,hubert,svm_rbf,S_R,0,768,0.5331001748688483,0.5305206850922528,0.5434426229508197,0.33569620253164556,0.72534516765286,0.41502347417840374,0.5132693758337457,0.06629874085896603,0.061347818259261944,0.5517556737323046,1471,557,1312,663,4003
0209a11f7741063f,wav2vec2,svm_rbf,R_S,1,768,0.5040100250626567,0.5066538034674354,0.5304878048780488,0.12991538078646092,0.8833922261484098,0.20871651339464214,0.4237596073087465,0.020236701088537857,0.013236969038509128,0.5765586913407587,1750,231,1748,261,3990
032b53db0f1204b5,classical,svm_rbf,S_R,4,52,0.4626518480227449,0.4702971951591884,0.4332874828060523,0.15893037336024218,0.7816640169581346,0.23255813953488372,0.4095779363413134,-0.07601423633555585,-0.05847359747808123,0.4736664158668076,1475,412,1667,315,3869
04d11e6e3525a16f,data2vec_fusion,svm_rbf,S_R,2,1536,0.5226928895612708,0.5236180283443805,0.5421276595744681,0.31977911646586343,0.7274569402228976,0.4022734449005368,0.5025008357766063,0.051724109780899696,0.04714789287435839,0.5703904778180604,1436,538,1355,637,3966
075f0ac6da553617,wav2vec2,svm_rbf,R_S,4,768,0.532695787025071,0.5421423976359573,0.6933333333333334,0.1574167507568113,0.9268680445151033,0.2565789473684211,0.45791631122661536,0.13141084385245994,0.08267616169097602,0.5787157282527378,1749,138,1670,312,3869
08a19deef290b841,full_fusion,svm_rbf,R_S,3,3840,0.5982367758186398,0.5973216576683034,0.6765249537892791,0.37025796661608495,0.8243853487205218,0.4785877737822818,0.5759052370243103,0.218566829473304,0.1949976620906021,0.6428046975745407,1643,350,1245,732,3970
0b2a554a30f43211,data2vec_audio,svm_rbf,R_S,1,768,0.5543859649122806,0.5550675669733549,0.5717837165941578,0.4579392732702837,0.6521958606764261,0.5085682697622996,0.5504785411168216,0.1122536240087653,0.109980381033008,0.5990494817742169,1292,689,1089,920,3990
0b850127789d4756,classical,svm_rbf,R_S,0,52,0.5066200349737696,0.5,0.0,0.0,1.0,0.0,0.33626264301110925,0.0,0.0,0.508217361995356,2028,0,1975,0,4003
0ba4e58fa5adb40f,full_fusion_v2,svm_rbf,R_S,2,3072,0.5211800302571861,0.5230343867872707,0.628099173553719,0.1144578313253012,0.9316109422492401,0.19363057324840766,0.4265624625252259,0.07988025607136312,0.04589764697029464,0.5739735792206313,1839,135,1764,228,3966
0c14214e21ad02a5,wavlm,svm_rbf,S_R,0,768,0.48488633524856356,0.4842336404264349,0.4759002770083102,0.43493670886075947,0.5335305719921104,0.4544973544973545,0.4832827520238784,-0.03168301484544455,-0.03156822581511931,0.5028035353157068,1082,946,1116,859,4003
0ceac0fde64f3ec4,wav2vec2,svm_rbf,S_R,4,768,0.5394158697337813,0.5440149741954218,0.5823723228995058,0.3567103935418769,0.7313195548489666,0.44242803504380473,0.5250449290146368,0.09482582205204768,0.08717960531855573,0.561712674269806,1380,507,1275,707,3869
0cfc2491cfe035c1,hubert,xgboost,R_S,2,768,0.5716086737266768,0.5726263717483917,0.6337899543378995,0.34839357429718876,0.7968591691995948,0.4496274700356333,0.5494783377009952,0.16244970587210825,0.14495514406206056,0.6303700109455044,1573,401,1298,694,3966
0ed4ad0c03c7e7f6,wav2vec2,svm_rbf,S_R,1,768,0.531328320802005,0.5316710843606597,0.5385896724042198,0.48282727725236435,0.5805148914689551,0.5091863517060368,0.5303725523518193,0.06364223131009143,0.06329585579378638,0.5554153206079959,1150,831,1039,970,3990
0f96aedd7754bd44,hubert,svm_rbf,R_S,1,768,0.5245614035087719,0.526179014223978,0.5520446096654275,0.29566948730711795,0.756688541140838,0.38508914100486225,0.4987754183063126,0.05898812359060919,0.052186748899481494,0.5971482694356969,1499,482,1415,594,3990
1283bdfd7f4a4cfe,data2vec_audio,svm_rbf,R_S,2,768,0.48663640948058495,0.48783431598735366,0.47649572649572647,0.22389558232931728,0.75177304964539,0.3046448087431694,0.44888515417174457,-0.028650059636538203,-0.02427270181078689,0.5100531304549505,1484,490,1546,446,3966
1b470ecfb0712327,hubert,mlp,R_S,0,768,0.5638271296527604,0.5626788255561381,0.5693519079345851,0.4759493670886076,0.6494082840236687,0.5184776613348042,0.5599237621742514,0.1273140037350364,0.1256269525415128,0.576330861608369,1317,711,1035,940,4003
1d35fdf675ef51ae,wavlm,svm_rbf,R_S,0,768,0.5533349987509368,0.5485393104137019,0.6703096539162113,0.18632911392405063,0.9107495069033531,0.29160063391442154,0.4827211487704176,0.14108920432378486,0.09800325695379297,0.6283469403040971,1847,181,1607,368,4003
2060f32edffa5785,classical,svm_rbf,R_S,3,52,0.507808564231738,0.5058412587708979,0.7446808510638298,0.017703591299949417,0.9939789262418465,0.03458498023715415,0.3521471216263526,0.054005170655933174,0.011728477005117033,0.4755506183630567,1981,12,1942,35,3970
21bd66b8bb68b0fd,data2vec_spectrogram,svm_rbf,S_R,1,768,0.5538847117794486,0.5540175218583512,0.5596043727225404,0.5350920856147336,0.5729429581019687,0.5470737913486005,0.5537838092545471,0.10810677961817186,0.10800161062591107,0.5955848856822743,1135,846,934,1075,3990
22b0318142fce26f,full_fusion_v2,svm_rbf,S_R,4,3072,0.5544068234685965,0.5595356887129903,0.6139575971731449,0.35065590312815337,0.7684154742978272,0.4463712267180475,0.5367669282379165,0.13082313151426245,0.11779968781155681,0.6055573291579703,1450,437,1287,695,3869
2d3e125f8451e39d,hubert,random_forest,R_S,2,768,0.5373171961674231,0.5387621916236374,0.608876560332871,0.22038152610441766,0.8571428571428571,0.3236269812016218,0.48601352892232846,0.10050359070601084,0.07729951489065834,0.612149204721622,1692,282,1553,439,3966
30da1514e19a534a,data2vec_spectrogram,svm_rbf,R_S,1,768,0.49548872180451126,0.49858938662942553,0.49137931034482757,0.05674464907914385,0.9404341241797072,0.10174029451137885,0.3754911613696466,-0.006027647095784439,-0.002803700745148019,0.5372173025524464,1863,118,1895,114,3990
31e9e34364137e87,full_fusion,svm_rbf,R_S,1,3840,0.5010025062656641,0.5033119513426331,0.5131964809384164,0.17421602787456447,0.8324078748107017,0.2601263470828688,0.4418423378447054,0.008797741796370044,0.006593125712314962,0.5841958285142402,1649,332,1659,350,3990
344a142ecf5bfa53,hubert,mlp,R_S,3,768,0.5415617128463476,0.5409492150193863,0.556842867487328,0.3889731917046029,0.6929252383341696,0.4580107206670637,0.5304021303029776,0.08597450738379037,0.08199765563439287,0.5574171969114967,1381,612,1208,769,3970
35e9e267abc15416,hubert,svm_rbf,S_R,2,768,0.5504286434694907,0.5519196848183006,0.6534508076358296,0.22339357429718876,0.8804457953394124,0.3329592218481107,0.49696069097729745,0.1376699140762669,0.10352872091758447,0.5914415005513441,1738,236,1547,445,3966
39d720830e4d4b1b,full_fusion_v2,svm_rbf,S_R,3,3072,0.5433249370277078,0.5420393988976593,0.6142061281337048,0.22306525037936267,0.8610135474159558,0.32727272727272727,0.4908050957621978,0.10922095930894132,0.08429427425180436,0.6295825221355168,1716,277,1536,441,3970
3ad4e05f6ac17b45,hubert,svm_rbf,S_R,4,768,0.5639700180925303,0.5675361507408756,0.6069615663524293,0.42230070635721495,0.7127715951245363,0.49806605177030644,0.5563211227551556,0.14096856159537677,0.13404573196983072,0.6169232686119965,1345,542,1145,837,3869
3fb2102e7d8998df,data2vec_audio,svm_rbf,R_S,4,768,0.5262341690359266,0.5325335277700685,0.5788359788359788,0.2759838546922301,0.7890832008479067,0.373761530577383,0.49637982993221674,0.0756997318208211,0.0642212403031015,0.5959943144901891,1489,398,1435,547,3869
412ee88e14c333ec,full_fusion,svm_rbf,R_S,4,3840,0.5050400620315327,0.5147684486290767,0.5831265508684863,0.11856710393541876,0.9109697933227345,0.1970649895178197,0.4196608340079291,0.04833212001675482,0.028956210510698854,0.5535301283357317,1719,168,1747,235,3869
ca7af677fc9b8049,data2vec_fusion,svm_rbf,R_S,0,1536,0.543592305770672,0.538381394652086,0.6745283018867925,0.1448101265822785,0.9319526627218935,0.23843268028345144,0.45629499182711897,0.12471092342629178,0.07755867926391669,0.603576261453574,1890,138,1689,286,4003
462224063dd995f1,classical,svm_rbf,R_S,4,52,0.4872059963814939,0.4994700582935877,0.0,0.0,0.9989401165871754,0.0,0.3275981925616962,-0.02330739770431649,-0.0010338844949666637,0.512855230727849,1885,2,1982,0,3869
46b06ee570b3de59,hubert,mlp,S_R,2,768,0.5181543116490166,0.5193288350972278,0.542319749216301,0.2605421686746988,0.7781155015197568,0.35198372329603256,0.4842399049953974,0.04517382395336548,0.038566310535293025,0.5437572224053255,1536,438,1473,519,3966
47b8167fe20e3f58,hubert,random_forest,S_R,2,768,0.524457892082703,0.5261715555230039,0.6090534979423868,0.14859437751004015,0.9037487335359676,0.23890234059725585,0.44655054690295504,0.0798123349035782,0.0521633083799784,0.5136617900172117,1784,190,1696,296,3966
4803b56333fdaad6,hubert,xgboost,S_R,3,768,0.5596977329974812,0.5586733638549288,0.6174358974358974,0.30450177035913,0.8128449573507276,0.4078590785907859,0.5287090100251444,0.13630985201757917,0.11758594863617688,0.6257380091828735,1620,373,1375,602,3970
48201fb08fa922b5,full_fusion,svm_rbf,S_R,4,3840,0.5427759110881365,0.5480438145749478,0.5960324616771867,0.33350151362260344,0.762586115527292,0.427693303138143,0.5235087991911933,0.1062147763207173,0.09503394352745853,0.588443313616935,1439,448,1321,661,3869
48b271cf7f3fefeb,full_fusion,svm_rbf,R_S,2,3840,0.5173978819969742,0.5190267147617826,0.5696428571428571,0.16014056224899598,0.8779128672745694,0.25,0.4471189591078067,0.05463811514932133,0.03792911503294205,0.5497471140895904,1733,241,1673,319,3966
4b339dcf8cee2a7f,data2vec_spectrogram,svm_rbf,S_R,2,768,0.5317700453857791,0.5324664921082506,0.5490909090909091,0.3790160642570281,0.6859169199594731,0.4484704484704485,0.5208398244542822,0.06821793178721781,0.06484141622612438,0.5297578358011581,1354,620,1237,755,3966
4d41d95d6f30e8e6,full_fusion_v2,svm_rbf,R_S,0,3072,0.49887584311766175,0.49335605322947096,0.45345345345345345,0.07645569620253165,0.9102564102564102,0.13084922010398614,0.389397934025317,-0.02405572866045906,-0.013433836801423071,0.5493377524779667,1846,182,1824,151,4003
4d4e83c2cf8d6772,full_fusion_v2,svm_rbf,S_R,0,3072,0.548088933300025,0.545432676703368,0.5693979933110368,0.3448101265822785,0.7460552268244576,0.4295175023651845,0.5276853282249914,0.09924966492320796,0.09133610387746094,0.594193818190897,1513,515,1294,681,4003
4dee3381c6348f18,hubert,mlp,S_R,0,768,0.5228578566075444,0.5211929193818191,0.5217100868403474,0.39544303797468355,0.6469428007889546,0.4498847926267281,0.5143116067235978,0.0437962446933535,0.04252031178422866,0.5333526826954286,1312,716,1194,781,4003
4f02e8f8619ce054,wav2vec2,svm_rbf,R_S,2,768,0.4921835602622289,0.49409797243685993,0.4645161290322581,0.07228915662650602,0.9159067882472138,0.12510860121633363,0.3836910679261064,-0.021986977389370114,-0.011758786789908937,0.5139214405748628,1808,166,1848,144,3966
4fcf80fa8485980d,hubert,random_forest,R_S,4,768,0.5055569914706642,0.5139902471474859,0.556836902800659,0.1705348133198789,0.8574456809750928,0.26110467361915796,0.4447881107462657,0.038455355771605026,0.02750025523299915,0.5869093703426226,1618,269,1644,338,3869
519eed793c557ab5,hubert,mlp,R_S,1,768,0.5533834586466165,0.5543851255920795,0.5795374912403644,0.4116475858636137,0.6971226653205452,0.48137369033760186,0.5446040986899277,0.11346346652322713,0.10854801820572191,0.6010299688755473,1381,600,1182,827,3990
588826c0a63e1f24,data2vec_spectrogram,svm_rbf,R_S,4,768,0.49185836133367794,0.5032235001072183,0.5555555555555556,0.04036326942482341,0.9660837307896132,0.07525870178739416,0.3624689802593421,0.01702358702600871,0.006299938416743478,0.5322109371198229,1823,64,1902,80,3869
687c51820f68bb04,data2vec_fusion,svm_rbf,R_S,4,1536,0.49676919100542777,0.5055273561684199,0.5315315315315315,0.14883955600403634,0.8622151563328034,0.23255813953488372,0.4291035266026658,0.01576385667136738,0.01085792868432589,0.5450195105178188,1627,260,1687,295,3869
5a0db2e633a64658,data2vec_fusion,svm_rbf,S_R,4,1536,0.49728612044455933,0.5061843020678422,0.5347091932457786,0.1437941473259334,0.8685744568097509,0.22664015904572565,0.4271244065379882,0.017938322993440538,0.012145099001368287,0.5409363925568591,1639,248,1697,285,3869
5b42ec6d07917449,wavlm,svm_rbf,S_R,3,768,0.5765743073047859,0.5766313863824346,0.5725490196078431,0.5907941325240263,0.562468640240843,0.581528503858601,0.5765149529234377,0.15332039312695953,0.15324317088613215,0.6007155545166809,1121,872,809,1168,3970
5f84f83b84b0f8ad,full_fusion_v2,svm_rbf,S_R,2,3072,0.5479072112960162,0.5492677396516156,0.6251572327044025,0.24949799196787148,0.8490374873353597,0.3566559024040187,0.5040811096082289,0.123063479257525,0.09826626098375835,0.6111326003100548,1676,298,1495,497,3966
f262fc5a0f849f53,data2vec_fusion,svm_rbf,R_S,1,1536,0.5320802005012532,0.5339162813276651,0.5745798319327731,0.2722747635639622,0.795557799091368,0.3694697737250929,0.4987416611203668,0.07957159652419343,0.06758127855241547,0.5744187752790384,1576,405,1462,547,3990
661ab4954b6fa72e,classical,svm_rbf,S_R,3,52,0.490176322418136,0.48823715579134963,0.18666666666666668,0.0070814365199797676,0.9693928750627195,0.01364522417153996,0.33494761208576995,-0.08640024263111326,-0.023616891446886612,0.47683533743925693,1932,61,1963,14,3970
693af27dd81c4f3a,wavlm,svm_rbf,S_R,4,768,0.5701731713621091,0.5705044392644558,0.5844362096347274,0.557013118062563,0.5839957604663487,0.5703952467062774,0.5701730565054531,0.14100537232105664,0.1408425239317428,0.6019846343642865,1102,785,878,1104,3869
6ca176651235fdf3,hubert,xgboost,R_S,1,768,0.5338345864661654,0.5349935889205291,0.5557217651458489,0.36983573917371826,0.7001514386673398,0.44411237298266587,0.5213656383687606,0.0741338165360059,0.06982212387982967,0.5756880509187706,1387,594,1266,743,3990
6e7dd834f117353a,data2vec_spectrogram,svm_rbf,S_R,4,768,0.538640475575084,0.5428390490567733,0.577133907595928,0.37184661957618564,0.7138314785373608,0.45228597729364833,0.526879760247628,0.09107404907459372,0.08491776183069322,0.5836128762465795,1347,540,1245,737,3869
9b7f1e618374e7e0,data2vec_fusion,svm_rbf,S_R,0,1536,0.5303522358231326,0.5270147055151924,0.5479313824419778,0.2749367088607595,0.7790927021696252,0.366149696561025,0.49656691177257595,0.06258690096225901,0.054383467731396795,0.5548538186902354,1580,448,1432,543,4003
7366b9014bff7e63,hubert,svm_rbf,R_S,2,768,0.5153807362581947,0.5173322469208139,0.6258992805755396,0.08734939759036145,0.9473150962512664,0.15330396475770924,0.40692397107542827,0.06788678632880747,0.03452903688639841,0.5724060120929513,1870,104,1818,174,3966
74e007f355e9f483,data2vec_fusion,svm_rbf,S_R,1,1536,0.5796992481203007,0.5788923343188865,0.5675895765472313,0.6938775510204082,0.463907117617365,0.6244120940649496,0.5736569716412941,0.16216986202557734,0.15803316462698158,0.6065682721544067,919,1062,615,1394,3990
7663c724f8864cc8,wavlm,svm_rbf,R_S,1,768,0.5330827067669173,0.5344333889722397,0.5594462540716613,0.34196117471378795,0.7269056032306915,0.42446709916589437,0.5158388626759263,0.07459864684804351,0.06867809489062615,0.594608461820847,1440,541,1322,687,3990
7675d4a88d8e9406,hubert,svm_rbf,S_R,3,768,0.608816120906801,0.60830724937382,0.6430499325236168,0.48204350025290843,0.7345709984947315,0.5510263081815554,0.6022259414150357,0.22392120174753358,0.2168324229377514,0.6517372005864736,1464,529,1024,953,3970
770313f2148c677e,full_fusion,svm_rbf,S_R,1,3840,0.5523809523809524,0.5536288116901504,0.5866355866355867,0.3758088601294176,0.7314487632508834,0.45813106796116504,0.5384165160471922,0.11472236184757172,0.10698589977736495,0.607122064792231,1449,532,1254,755,3990
7a56af7997f89be3,hubert,random_forest,S_R,4,768,0.5339881106229,0.5390602064045407,0.5785776997366111,0.33249243188698285,0.7456279809220986,0.42230054469721245,0.5158936121796653,0.0856759875680882,0.077292880183774,0.605544495050045,1407,480,1323,659,3869
7b0156e8594ec4d9,hubert,mlp,R_S,4,768,0.5073662445076247,0.5150703175425678,0.5526315789473685,0.20131180625630676,0.8288288288288288,0.29511834319526625,0.4582464977795958,0.03866991379229775,0.029665905590802177,0.5579871733786378,1564,323,1583,399,3869
7c8e123494027778,classical,svm_rbf,R_S,2,52,0.4977307110438729,0.5,0.0,0.0,1.0,0.0,0.3323232323232323,0.0,0.0,0.4726544221465395,1974,0,1992,0,3966
7d69cbb748197f32,full_fusion,svm_rbf,S_R,2,3840,0.5405950579929399,0.5422197910181761,0.650709219858156,0.18423694779116465,0.9002026342451874,0.2871674491392801,0.47412687933154485,0.12088087904441844,0.08416449939924875,0.60043008915093,1777,197,1625,367,3966
7e33494a19ca8919,data2vec_spectrogram,svm_rbf,R_S,0,768,0.5131151636272795,0.506754300551769,0.6666666666666666,0.026329113924050632,0.9871794871794872,0.05065757428153921,0.36162981183420145,0.048860822227467016,0.013680302511017817,0.5770107108081791,2002,26,1923,52,4003
7e9db6cbdee8deac,full_fusion_v2,svm_rbf,S_R,1,3072,0.5533834586466165,0.5549022332366542,0.6001765225066196,0.3384768541562967,0.7713276123170116,0.4328453214513049,0.5322556495640154,0.1217536913547645,0.10946713916734918,0.6011535922774571,1528,453,1329,680,3990
7fa308a03f8ca2d7,hubert,mlp,S_R,1,768,0.5832080200501253,0.5837767150297162,0.6033452807646356,0.5027376804380289,0.6648157496214033,0.548465924518056,0.5807258642836963,0.1697612344736507,0.1673562103731968,0.6352679976953783,1317,664,999,1010,3990
81009b4b04765b98,classical,svm_rbf,S_R,1,52,0.5005012531328321,0.5038237823785896,0.5754716981132075,0.030363364858138377,0.9772841998990409,0.05768321513002364,0.35893538420610305,0.02377731580559342,0.00759671042171528,0.45026306406632044,1936,45,1948,61,3990
8159546387bba2a8,data2vec_spectrogram,svm_rbf,S_R,3,768,0.5136020151133501,0.5122408703603736,0.5357142857142857,0.17450682852807284,0.8499749121926744,0.2632582983594048,0.45011006664539144,0.03320436827292038,0.024548180085135485,0.5599928530839222,1694,299,1632,345,3970
8217852ae00b472c,hubert,svm_rbf,S_R,1,768,0.5669172932330827,0.5682045635629068,0.6110671936758894,0.38476854156296664,0.7516405855628471,0.4722052535125229,0.5525072166415144,0.14657068582767854,0.1360530493741613,0.6179146139193418,1489,492,1236,773,3990
844b758326db3673,wav2vec2,svm_rbf,S_R,0,768,0.5088683487384462,0.5072605048310989,0.502970297029703,0.3858227848101266,0.628698224852071,0.436676217765043,0.5006676040109538,0.014968656946364019,0.014565338796076244,0.5262921628841785,1275,753,1213,762,4003
85252946388a7333,hubert,svm_rbf,R_S,0,768,0.5978016487634275,0.595779342371358,0.631768953068592,0.4430379746835443,0.7485207100591716,0.5208333333333334,0.5871493399339934,0.20133054259657146,0.19230937935891856,0.6218012383591741,1518,510,1100,875,4003
852811857a748c8a,hubert,xgboost,S_R,1,768,0.5604010025062657,0.5612904474036448,0.5855130784708249,0.4345445495271279,0.6880363452801616,0.49885714285714283,0.5536696428571428,0.12668728926283118,0.12235793554231778,0.6079345368858813,1363,618,1136,873,3990
854b735524301cc9,data2vec_audio,svm_rbf,S_R,4,768,0.5019384853967434,0.5101790518481918,0.543171114599686,0.17457114026236126,0.8457869634340223,0.2642229858724704,0.44389113739804414,0.027439090058729087,0.02001618592812704,0.4920308211101824,1596,291,1636,346,3869
886baaf1edf5d659,data2vec_fusion,svm_rbf,R_S,2,1536,0.5310136157337367,0.5322147251620464,0.5706638115631691,0.267570281124498,0.7968591691995948,0.3643198906356801,0.4963828777988628,0.07592147392670447,0.06427380870835897,0.5657522440318519,1573,401,1459,533,3966
8a112fcb8118a4b2,classical,svm_rbf,S_R,2,52,0.4868885526979324,0.48904432318941415,0.2828282828282828,0.014056224899598393,0.96403242147923,0.026781444285031087,0.3391910987903498,-0.07022354761329473,-0.021816828279835665,0.4728624477647164,1903,71,1964,28,3966
8c74c845041d9827,data2vec_spectrogram,svm_rbf,R_S,2,768,0.5093292990418558,0.5114798098167747,0.7211538461538461,0.03765060240963856,0.9853090172239108,0.0715648854961832,0.3690586593347948,0.07183897476726922,0.022860832573685763,0.5544554102936569,1945,29,1917,75,3966
8e919f3e9c829900,hubert,random_forest,S_R,0,768,0.5253559830127404,0.522302074750955,0.5348189415041783,0.2916455696202532,0.7529585798816568,0.37745740498034075,0.4969644715656649,0.05028607925923386,0.044870743535795454,0.5468104761191421,1527,501,1399,576,4003
8f43e68bcf8bda02,hubert,mlp,R_S,2,768,0.5436207766011094,0.5450395808156638,0.6223118279569892,0.232429718875502,0.8576494427558258,0.33845029239766083,0.4950527058601083,0.1153701190916915,0.08982259144300409,0.5960338313741288,1693,281,1529,463,3966
8fd83444454b360a,wavlm,svm_rbf,S_R,2,768,0.5264750378214826,0.5271908301900612,0.5419734904270986,0.36947791164658633,0.684903748733536,0.4394029850746269,0.5147691485827085,0.057301636592890365,0.054302861870523245,0.546483298950615,1352,622,1256,736,3966
936c1288358a2a03,hubert,random_forest,S_R,3,768,0.538287153652393,0.537147720613447,0.5835266821345708,0.25442589782498737,0.8198695434019067,0.3543501232828461,0.49750440882824915,0.09010004590982894,0.07446401785085155,0.6105631216592418,1634,359,1474,503,3970
94a35fad1c6a3d94,data2vec_audio,svm_rbf,R_S,0,768,0.5273544841368973,0.5234805133198512,0.5500603136308806,0.23088607594936708,0.8160749506903353,0.3252496433666191,0.4807716882730827,0.057939451765963074,0.04731981511125605,0.5313367288342945,1655,373,1519,456,4003
95e5167406b6b527,full_fusion_v2,svm_rbf,R_S,4,3072,0.5052985267510984,0.5146651073225538,0.5739130434782609,0.13319878910191726,0.8961314255431903,0.21621621621621623,0.42740569118967914,0.04529607800839568,0.02877401189666473,0.583534534712786,1691,196,1718,264,3869
9986a822c1760a9b,hubert,svm_rbf,R_S,3,768,0.5350125944584383,0.5340000065987152,0.5663627152988855,0.2827516439049064,0.7852483692925238,0.37719298245614036,0.503106137530321,0.0786648607065249,0.06813697329334589,0.604026332934111,1565,428,1418,559,3970
9b479b45a25324ef,hubert,xgboost,R_S,4,768,0.5329542517446368,0.5401974955307893,0.6097867001254705,0.24520686175580222,0.8351881293057764,0.34976610291471755,0.4926890607334225,0.09936352728599689,0.07920298636456369,0.60408648691429,1576,311,1496,486,3869
9ddc4a56aa62602d,wavlm,svm_rbf,S_R,1,768,0.5353383458646617,0.5350410783980919,0.535796766743649,0.5774016923842707,0.49268046441191315,0.5558217537134643,0.5343480812708152,0.07033626137643349,0.07012063670840418,0.5617643371109664,976,1005,849,1160,3990
ea3f5063c77384be,data2vec_fusion,svm_rbf,R_S,3,1536,0.608816120906801,0.608477800780222,0.6284848484848485,0.5245321193727871,0.6924234821876568,0.5718224427901847,0.6058741242469357,0.22011107106294056,0.21709974108232422,0.6541681926195402,1380,613,940,1037,3970
a4b99bc2588f6ff1,wavlm,svm_rbf,R_S,3,768,0.5536523929471032,0.5530258788917508,0.5749817117776153,0.3975720789074355,0.7084796788760662,0.4700956937799043,0.542271519648873,0.11159725543300521,0.10618326874243544,0.5917392715678369,1412,581,1191,786,3970
a81f22d81aa956b2,hubert,xgboost,R_S,3,768,0.6141057934508816,0.6136914202236914,0.6412698412698413,0.5108750632271117,0.7165077772202709,0.5686936936936937,0.6097798459352699,0.23239224607006173,0.2275685842702908,0.6836450337943043,1428,565,967,1010,3970
ae4fa58a7d167c09,hubert,xgboost,R_S,0,768,0.5440919310517112,0.5406277931740444,0.5787815126050421,0.2789873417721519,0.8022682445759369,0.37649470447557226,0.5085860015782074,0.0954181903845788,0.08180930500940065,0.5986278181409632,1627,401,1424,551,4003
b441e511f56030c8,hubert,random_forest,R_S,1,768,0.5546365914786967,0.5555767597050023,0.579343365253078,0.42160278745644597,0.6895507319535588,0.48804379141457793,0.5469715519503584,0.115343520610915,0.11094004820579983,0.6250443172307152,1366,615,1162,847,3990
b44cc8bec8ede3c6,full_fusion,svm_rbf,R_S,0,3840,0.49912565575818135,0.4936422989538861,0.4563953488372093,0.07949367088607595,0.9077909270216963,0.13540319103061665,0.3914223621761137,-0.022682305602600566,-0.012854111800157497,0.5657533767757721,1841,187,1818,157,4003
b66ab150bf00ad3f,full_fusion_v2,svm_rbf,R_S,1,3072,0.5080200501253133,0.510586635757466,0.542910447761194,0.1448481831757093,0.8763250883392226,0.2286836935166994,0.43375307030940763,0.031043923989101774,0.021064125019904067,0.5800118547806954,1736,245,1718,291,3990
be4cf7ee8c5bfd61,hubert,xgboost,S_R,2,768,0.5408472012102874,0.54245019592046,0.6466552315608919,0.1892570281124498,0.8956433637284701,0.2928155339805825,0.47644323460276095,0.1198788752532991,0.08462747621035727,0.5512204593449788,1768,206,1615,377,3966
c290824f9731e3c8,data2vec_audio,svm_rbf,R_S,3,768,0.545088161209068,0.5440737066328001,0.5868020304568528,0.29236216489630756,0.7957852483692925,0.39027683997299123,0.5137402681182754,0.10204136822703148,0.08832531200528948,0.5678021786419387,1586,407,1399,578,3970
c2f101c4c9d91c1a,classical,svm_rbf,R_S,1,52,0.4964912280701754,0.49998944678276375,0.5,0.0014932802389248383,0.9984856133266027,0.002977667493796526,0.33308983961445904,-0.00027234022369693894,-2.0958758403022415e-05,0.5227905520563824,1978,3,2006,3,3990
c36785dac5119d26,hubert,random_forest,R_S,0,768,0.5848113914564077,0.5835807554989638,0.5963076923076923,0.49063291139240506,0.6765285996055227,0.5383333333333333,0.5805602209108791,0.17018497126266263,0.16754950231792842,0.6076544828102763,1372,656,1006,969,4003
c645b76fc750f029,full_fusion_v2,svm_rbf,R_S,3,3072,0.5866498740554156,0.5855761985360497,0.6814254859611231,0.3191704602933738,0.8519819367787256,0.43472270065449536,0.554466770220041,0.20235416726185362,0.17151840413169384,0.6420968584786256,1698,295,1346,631,3970
c7e79f223d4d91b0,data2vec_fusion,svm_rbf,S_R,3,1536,0.5219143576826196,0.5203736598580616,0.5845824411134903,0.13808801213960548,0.9026593075765178,0.22340425531914893,0.43903109418068076,0.0632379120143126,0.04087262966318661,0.6022280561631872,1799,194,1704,273,3970
cc190be883fe4f6a,wav2vec2,svm_rbf,S_R,2,768,0.5239536056480081,0.524289406867592,0.5307692307692308,0.4503012048192771,0.5982776089159068,0.4872351982618142,0.5214999520720836,0.04911743345541342,0.048545258538534086,0.5450152942062068,1181,793,1095,897,3966
cc88eaeb6ee8e490,full_fusion,svm_rbf,S_R,3,3840,0.5468513853904282,0.545604481644278,0.6177248677248677,0.23621648963075367,0.8549924736578023,0.3417489937797292,0.49812627334463705,0.1161477147898743,0.09143564015099759,0.6163735441267502,1704,289,1510,467,3970
cccaebcbdcce4309,hubert,svm_rbf,R_S,4,768,0.49651072628586196,0.5063546213750998,0.5442708333333334,0.10544904137235116,0.9072602013778485,0.17666948436179206,0.4070242432977985,0.02124664916553007,0.012456436017451944,0.5480665416410653,1712,175,1773,209,3869
cce942ac26f95e71,data2vec_spectrogram,svm_rbf,S_R,0,768,0.5151136647514364,0.5134969914862807,0.5112433862433863,0.39139240506329115,0.6356015779092702,0.44336105534843706,0.5069206250408926,0.02783695552441545,0.02707692816270757,0.5370294359973036,1289,739,1202,773,4003
cef588c133abfe96,hubert,xgboost,S_R,0,768,0.5513364976267799,0.5479298679249993,0.5923632610939112,0.29063291139240505,0.8052268244575936,0.389945652173913,0.517572589026506,0.11188814571280344,0.09650204680442387,0.5717938731181185,1633,395,1401,574,4003
cf6a0678b445daea,data2vec_audio,svm_rbf,S_R,3,768,0.5103274559193954,0.5085469857703784,0.5714285714285714,0.06676783004552352,0.9503261414952333,0.11956521739130435,0.39020828908644073,0.036510370328275775,0.017154785819240126,0.5139734137767468,1894,99,1845,132,3970
d1f6cffc4155e84a,wav2vec2,svm_rbf,S_R,3,768,0.5075566750629723,0.5067091167086827,0.5095652173913043,0.2964087000505817,0.7170095333667837,0.3748001279181324,0.48430428170267725,0.014790363648455866,0.013440802126326368,0.519960605670682,1429,564,1391,586,3970
d39412566fe79310,data2vec_spectrogram,svm_rbf,R_S,3,768,0.5239294710327456,0.5223360162186266,0.6048192771084338,0.12696004046535153,0.9177119919719017,0.20986622073578595,0.43460145932247124,0.07300436790823639,0.044814158030279994,0.602491116479758,1829,164,1726,251,3970
dc6b9a80e768e2c5,wavlm,svm_rbf,R_S,4,768,0.5220987335228742,0.5299450486279002,0.5948644793152639,0.21039354187689202,0.8494965553789083,0.31084606783451363,0.47253480444149026,0.07772150434871604,0.058931329482384665,0.5522770648609077,1603,284,1565,417,3869
ded220ef73da4c1f,wav2vec2,svm_rbf,R_S,0,768,0.5078690981763677,0.5013386013532071,0.5925925925925926,0.00810126582278481,0.9945759368836292,0.015984015984015984,0.34393471285543237,0.01635285970066768,0.0027121581474263134,0.5717175991810851,2017,11,1959,16,4003
e3d0a502f746aa6a,classical,svm_rbf,S_R,0,52,0.5056207844116912,0.499020422939605,0.16666666666666666,0.0005063291139240507,0.997534516765286,0.0010095911155981827,0.3362724304125709,-0.02531881806063636,-0.001985013615189768,0.514230644396175,2023,5,1974,1,4003
e406df7d487494a5,data2vec_audio,svm_rbf,S_R,1,768,0.5493734335839598,0.5502517821745607,0.5704742818971276,0.4250871080139373,0.6754164563351842,0.48716486023958927,0.5426436728556014,0.10378668270028119,0.1003228745845558,0.5745672741215766,1338,643,1155,854,3990
e52b7cb2010fd571,data2vec_audio,svm_rbf,S_R,2,768,0.5123550176500252,0.5131941138413838,0.5232,0.32831325301204817,0.6980749746707193,0.4034546576187539,0.4955439599394409,0.02839936140497728,0.026343488996635078,0.536635015238258,1378,596,1338,654,3966
e5e9302a3c560b97,full_fusion,svm_rbf,S_R,0,3840,0.5443417436922309,0.5403516590517564,0.5952080706179067,0.2389873417721519,0.841715976331361,0.34104046242774566,0.49640797462738945,0.10123246371389018,0.0813394239574109,0.5972733627942975,1707,321,1503,472,4003
e6e347c4c6a76015,hubert,random_forest,S_R,1,768,0.5463659147869674,0.5477190100378685,0.5810920945395273,0.3549029367844699,0.740535083291267,0.44066749072929545,0.5295664603730794,0.10340484866529347,0.09517620252898107,0.6031462658320245,1467,514,1296,713,3990
e9345db3ca66d1ad,hubert,xgboost,S_R,4,768,0.5427759110881365,0.5449703131041055,0.5668549905838042,0.4556004036326943,0.6343402225755167,0.5051748251748251,0.5401204416529903,0.09134813086622225,0.08949846235670689,0.5838847989082453,1197,690,1079,903,3869
ea05722e759cef4c,data2vec_audio,svm_rbf,S_R,0,768,0.5443417436922309,0.5400208473772252,0.6089466089466089,0.21367088607594936,0.866370808678501,0.31634182908545727,0.48732040873531013,0.10576773075414084,0.08072641713966122,0.6107182982548124,1757,271,1553,422,4003
eb31df31e303a784,hubert,mlp,S_R,3,768,0.5322418136020152,0.5310434015259783,0.5746268656716418,0.2336874051593323,0.8283993978926242,0.33225458468176916,0.4861505526626524,0.07724543127802273,0.06223502376247736,0.6031159640430936,1651,342,1515,462,3970
edb211b0ccd708fe,wav2vec2,svm_rbf,R_S,3,768,0.538287153652393,0.5375152182867654,0.5588235294117647,0.34597875569044007,0.7290516808830908,0.42736644798500467,0.520287992931097,0.08123692613746769,0.07514532412063946,0.5711515341631979,1453,540,1293,684,3970
f432d1c79984a736,hubert,random_forest,R_S,3,768,0.5453400503778337,0.5447225379876609,0.5625,0.3915022761760243,0.6979427997992975,0.461676110945422,0.534086365915266,0.0939764896290501,0.0895543550985135,0.6238096615848947,1391,602,1203,774,3970
f7d74db8959fc1fd,hubert,mlp,S_R,4,768,0.5086585681054536,0.5165221760016085,0.5581061692969871,0.19626639757820383,0.8367779544250132,0.2904068682344158,0.4573204532909576,0.042978577444060015,0.03251372672153097,0.5776602565645126,1579,308,1593,389,3869
039d1f2087c05529,full_minus_wav2vec2,svm_rbf,S_R,0,3072,0.5475893080189858,0.5432259755823534,0.6205882352941177,0.21367088607594936,0.8727810650887574,0.3178907721280603,0.48972467965401334,0.11509930408116031,0.08719907478816635,0.5901767657853344,1770,258,1553,422,4003
07dc0e6667b71b50,full_minus_wav2vec2,mlp,S_R,0,3072,0.5163627279540345,0.5162911642074252,0.5098534613441131,0.5108860759493671,0.5216962524654832,0.5103692463328275,0.5162902500173516,0.03258153123336593,0.032581466148500327,0.5520105859735849,1058,970,966,1009,4003
08ef45ef76d05485,full_minus_wav2vec2,random_forest,R_S,3,3072,0.5282115869017632,0.526958289267875,0.5693333333333334,0.2159838138593829,0.8379327646763672,0.31316464979831315,0.47693528864364154,0.06886851860403409,0.054051234688048955,0.6172883544606427,1670,323,1550,427,3970
09dec2acbfd02fb5,full_minus_data2vec_audio,random_forest,R_S,4,3072,0.5037477384337038,0.5140405140701929,0.5987261146496815,0.09485368314833502,0.9332273449920508,0.16376306620209058,0.4054757999147167,0.05140035912116785,0.0274984918560226,0.5399932193129795,1761,126,1794,188,3869
0a6b0706ce980a05,full_minus_data2vec_audio,mlp,R_S,2,3072,0.5131114473020676,0.5140798757339388,0.5268249780123131,0.30070281124497994,0.7274569402228976,0.3828699264940876,0.49041476753602986,0.031135106287438326,0.028104752832747493,0.5480879953451089,1436,538,1393,599,3966
0be6ead41d728b16,full_minus_wav2vec2,svm_rbf,S_R,2,3072,0.5264750378214826,0.5282230746694987,0.625,0.1430722891566265,0.9133738601823708,0.23284313725490197,0.44519618569528463,0.0884741873131846,0.05624840345947524,0.5520857492787767,1803,171,1707,285,3966
0c6d8f7944d61f9c,full_minus_data2vec,svm_rbf,R_S,4,2304,0.5324373223055053,0.5399596634683,0.6148738379814077,0.2336024217961655,0.8463169051404346,0.3385740402193784,0.48849549502474016,0.10090051438598308,0.07869105282563504,0.5809063500492242,1597,290,1519,463,3869
0fbe7d59201c17d2,full_minus_data2vec_audio,xgboost,R_S,3,3072,0.5385390428211587,0.5370168883961848,0.6494845360824743,0.15933232169954475,0.9147014550928249,0.255889520714866,0.46073044856480794,0.11303543988375725,0.07425873008801676,0.6113693069902473,1823,170,1662,315,3970
11b041c110876726,full_minus_data2vec,svm_rbf,R_S,0,2304,0.510866849862603,0.5047470851122263,0.5562913907284768,0.042531645569620254,0.9669625246548323,0.07902163687676388,0.3730142197989262,0.024913969389398147,0.009610145556037453,0.6136963523331584,1961,67,1891,84,4003
13dbfdd712d8a2f9,full_minus_data2vec,svm_rbf,S_R,4,2304,0.5549237529077281,0.5584272763295735,0.5936599423631124,0.4157416750756811,0.7011128775834659,0.4890207715133531,0.5473950011412919,0.12177981140710674,0.11597959688969606,0.603735687964334,1323,564,1158,824,3869
156d465274395457,full_minus_hubert,svm_rbf,R_S,4,3072,0.5166709744119927,0.5260698164776042,0.6228070175438597,0.1432896064581231,0.9088500264970854,0.23297785069729288,0.44007383100902375,0.08082676169600231,0.05114833526075546,0.556069008998314,1715,172,1698,284,3869
17a1610a592e929a,full_minus_data2vec,svm_rbf,S_R,3,2304,0.5634760705289672,0.5626842405678347,0.6013289036544851,0.36621143146181084,0.7591570496738586,0.4552027664256523,0.5455253168123219,0.13636597343186768,0.1255655536369431,0.6284192447973572,1513,480,1253,724,3970
1bf1d696213f89ec,full_minus_wav2vec2,mlp,R_S,4,3072,0.5040062031532696,0.5111811817753529,0.5391304347826087,0.218970736629667,0.8033916269210387,0.3114459992823825,0.461923767162904,0.027536780206040192,0.022033005513915405,0.5303566759018767,1516,371,1548,434,3869
fe59997d402935e3,full_minus_hubert,svm_rbf,S_R,1,3072,0.5706766917293233,0.5710548116514553,0.5830527497194163,0.5171727227476356,0.6249369005552751,0.5481403323661304,0.5696060936120458,0.14292306134272895,0.14199623550749474,0.6129853820352583,1238,743,970,1039,3990
20f8e449116f6301,full_minus_data2vec_audio,xgboost,R_S,1,3072,0.5105263157894737,0.5130930248510678,0.5522388059701493,0.14733698357391736,0.8788490661282181,0.23261296660117878,0.4366376700531193,0.03839358201941744,0.02605106274267588,0.5940071797054597,1741,240,1713,296,3990
24870b991b762894,full_minus_data2vec_audio,random_forest,R_S,1,3072,0.5130325814536341,0.5159160104617561,0.5926966292134831,0.10502737680438029,0.9268046441191318,0.1784355179704017,0.41619905907424803,0.055831456454277874,0.031647993452862844,0.6039937896829235,1836,145,1798,211,3990
25b6d1ab5e0c970c,full_minus_wav2vec2,mlp,R_S,1,3072,0.5253132832080201,0.526457795045968,0.5427509293680297,0.3633648581383773,0.6895507319535588,0.43530113297555156,0.5129380718920127,0.055968268251617666,0.052792279008554543,0.5502761550810348,1366,615,1279,730,3990
283532eaca4fab84,full_minus_wav2vec2,xgboost,R_S,0,3072,0.5370971771171621,0.5318718947394702,0.6452380952380953,0.13721518987341771,0.9265285996055227,0.22630480167014613,0.4480303192096943,0.1039937775484679,0.0644064183668771,0.6728901705240555,1879,149,1704,271,4003
28d73ebaa9645f07,full_minus_data2vec_spectrogram,svm_rbf,R_S,3,3072,0.5866498740554156,0.5855761985360497,0.6814254859611231,0.3191704602933738,0.8519819367787256,0.43472270065449536,0.554466770220041,0.20235416726185362,0.17151840413169384,0.6420968584786256,1698,295,1346,631,3970
2a1fb2626eabf0f7,full_minus_wav2vec2,random_forest,R_S,0,3072,0.534599050711966,0.5298496991486281,0.599290780141844,0.17113924050632912,0.888560157790927,0.26624655376132333,0.46273732480456875,0.08578904619619562,0.060261974286957565,0.6490382742865703,1802,226,1637,338,4003
2af60191ec0fd76e,full_minus_wav2vec2,svm_rbf,S_R,4,3072,0.5177048332902559,0.5241324009353926,0.5627705627705628,0.2623612512613522,0.785903550609433,0.35788024776324845,0.48585237553725336,0.05658348179451385,0.04762486448922487,0.5786174671139354,1483,404,1462,520,3869
2c0f4e16e48310ab,full_minus_data2vec_audio,mlp,R_S,3,3072,0.5697732997481109,0.5693846012891352,0.5840099937539038,0.4729387961557916,0.6658304064224787,0.5226383454443824,0.565537421232049,0.14143988037514757,0.13887522278153785,0.6035807927645597,1327,666,1042,935,3970
2d83e002aee5529c,full_minus_data2vec_spectrogram,svm_rbf,S_R,4,3072,0.5544068234685965,0.5595356887129903,0.6139575971731449,0.35065590312815337,0.7684154742978272,0.4463712267180475,0.5367669282379165,0.13082313151426245,0.11779968781155681,0.6055573291579703,1450,437,1287,695,3869
97daed560c8684d0,full_minus_hubert,svm_rbf,S_R,4,3072,0.5466528818816232,0.5502149178322978,0.5827285921625545,0.40514631685166497,0.6952835188129306,0.4779761904761905,0.5386683145163045,0.10483083731545183,0.09966529785678113,0.5871465339619908,1312,575,1179,803,3869
30f235f34d6eb63f,full_minus_wav2vec2,svm_rbf,R_S,4,3072,0.5109847505815456,0.5203293606421759,0.5969827586206896,0.13975782038345105,0.9009009009009009,0.22649223221586262,0.434485723061824,0.06255671613724424,0.03988967873416993,0.5454140256478952,1700,187,1705,277,3869
316a13266871669f,full_minus_wav2vec2,xgboost,S_R,0,3072,0.539095678241319,0.5341817092352632,0.6264591439688716,0.1630379746835443,0.9053254437869822,0.25873844917637606,0.4621587841314181,0.1021666732946454,0.06903069102163106,0.5678991586148354,1836,192,1653,322,4003
31b1e5ab7fb3c9b2,full_minus_wav2vec2,svm_rbf,S_R,1,3072,0.5503759398496241,0.5512578555510802,0.5719063545150501,0.42558486809357887,0.6769308430085815,0.488013698630137,0.5436047045429505,0.10589288079644543,0.10233068515998767,0.5913428692539302,1341,640,1154,855,3990
3350877f6e96196d,full_minus_wavlm,svm_rbf,S_R,4,3072,0.5223571982424399,0.5297401039669692,0.58656330749354,0.22906155398587286,0.8304186539480657,0.32946298984034833,0.47926381125899387,0.07432064091751606,0.05858144516241848,0.5669499261236662,1567,320,1528,454,3869
342a334b96b9a524,full_minus_wav2vec2,xgboost,R_S,3,3072,0.5423173803526449,0.54097091464029,0.621580547112462,0.20687910976226606,0.875062719518314,0.31043643263757115,0.48396468191727754,0.11018044653138953,0.08216186394117064,0.638589133794279,1744,249,1568,409,3970
34662aaed5f6d7a9,full_minus_wav2vec2,xgboost,R_S,4,3072,0.5040062031532696,0.512298818673841,0.5500794912559619,0.17457114026236126,0.8500264970853206,0.2650325545767905,0.44536979786573094,0.03332217505517802,0.024182100183174127,0.5589890359285504,1604,283,1636,346,3869
ea2577869d24bbe6,full_minus_hubert,svm_rbf,R_S,2,3072,0.5151285930408472,0.5167058812758634,0.5570247933884298,0.16917670682730923,0.8642350557244174,0.25953022718521374,0.4495401838831411,0.046462832707984354,0.033306030814580834,0.5627723660599846,1706,268,1655,337,3966
3482d6a9a931ecd1,full_minus_hubert,svm_rbf,S_R,0,3072,0.518611041718711,0.5153409232766584,0.5237154150197628,0.2683544303797468,0.76232741617357,0.35487110813525274,0.4854650420134323,0.03529397357108309,0.030878587399480795,0.5698224852071005,1546,482,1445,530,4003
349ed0db8935988e,full_minus_data2vec_audio,random_forest,S_R,4,3072,0.5347635047815973,0.5410108571205503,0.5953878406708596,0.2865792129162462,0.7954425013248543,0.3869209809264305,0.5060385829246896,0.09512028656440598,0.08096463742166504,0.602563639795788,1501,386,1414,568,3869
35a4f31316c33b3f,full_minus_data2vec_spectrogram,svm_rbf,S_R,0,3072,0.548088933300025,0.545432676703368,0.5693979933110368,0.3448101265822785,0.7460552268244576,0.4295175023651845,0.5276853282249914,0.09924966492320796,0.09133610387746094,0.594193818190897,1513,515,1294,681,4003
3a520e203724162e,full_minus_wav2vec2,xgboost,S_R,2,3072,0.5239536056480081,0.5255116209518926,0.5836012861736335,0.1822289156626506,0.8687943262411347,0.2777352716143841,0.4613572935732695,0.07015489254146853,0.05086375134426391,0.5777425812673185,1715,259,1629,363,3966
3dd25b446208b9b8,full_minus_data2vec_spectrogram,svm_rbf,R_S,2,3072,0.5211800302571861,0.5230343867872707,0.628099173553719,0.1144578313253012,0.9316109422492401,0.19363057324840766,0.4265624625252259,0.07988025607136312,0.04589764697029464,0.5739735792206313,1839,135,1764,228,3966
3ffc69dffd180056,full_minus_data2vec_audio,svm_rbf,R_S,4,3072,0.5184802274489532,0.5267815747129572,0.5945945945945946,0.18869828456104945,0.8648648648648649,0.28648027575641516,0.46155494185714263,0.07256146663391562,0.05265828694176833,0.5499105088349464,1632,255,1608,374,3869
41a40101216ab701,full_minus_data2vec_audio,random_forest,R_S,3,3072,0.5357682619647355,0.5341232249139058,0.6840659340659341,0.125948406676783,0.9422980431510286,0.21272960273387442,0.44178184012385807,0.11824247057127368,0.06847069086642399,0.6500925977390264,1878,115,1728,249,3970
42aeb6b86773b3d3,full_minus_data2vec_audio,random_forest,S_R,0,3072,0.5560829377966525,0.5522173120615185,0.619277108433735,0.260253164556962,0.8441814595660749,0.3664884135472371,0.5124116745682734,0.12879172233113506,0.10523181694395478,0.5793763263675631,1712,316,1461,514,4003
443b45ed7dafb90d,full_minus_wav2vec2,random_forest,S_R,4,3072,0.5314034634272422,0.5386711725080574,0.6065573770491803,0.24268415741675076,0.834658187599364,0.3466666666666667,0.49068171133051247,0.0957690879919363,0.07619178817185202,0.6091483392931722,1575,312,1501,481,3869
46da9e12002faae1,full_minus_wav2vec2,random_forest,S_R,0,3072,0.5266050462153385,0.5225026839437745,0.5526315789473685,0.21265822784810126,0.8323471400394478,0.3071297989031079,0.47380773762267897,0.057372208882857885,0.04537008546847199,0.5790156792250268,1688,340,1555,420,4003
4934566ccc8a8a9e,full_minus_data2vec_audio,mlp,S_R,0,3072,0.5453409942543093,0.5451355703692607,0.5400103252452245,0.529620253164557,0.5606508875739645,0.5347648261758691,0.5451059108895955,0.09031013405707128,0.09029384213392977,0.5797226175317705,1137,891,929,1046,4003
4d94c0aa784343ee,full_minus_data2vec_audio,mlp,R_S,1,3072,0.5092731829573934,0.5104696709330978,0.5193916349809886,0.3399701343952215,0.6809692074709742,0.4109506618531889,0.4952090079025395,0.022272576742659634,0.020888346916753786,0.5480810858959015,1349,632,1326,683,3990
4f528208d0e82736,full_minus_wav2vec2,svm_rbf,R_S,1,3072,0.49949874686716794,0.5017764582347634,0.5085714285714286,0.17720258835241415,0.8263503281171126,0.262827611664821,0.44198106062277287,0.004670573752185234,0.0035366312711738734,0.5807647765770841,1637,344,1653,356,3990
51a0f9b7c3baeb6d,full_minus_data2vec_audio,svm_rbf,R_S,1,3072,0.5145363408521303,0.5167514734929566,0.5489130434782609,0.20109507217521155,0.8324078748107017,0.2943533697632058,0.46217190933241475,0.043188441742450207,0.03335358689390355,0.5943693811970313,1649,332,1605,404,3990
51cb1abcc4e41204,full_minus_data2vec_audio,random_forest,S_R,3,3072,0.5244332493702771,0.5229677162938265,0.5822550831792976,0.15933232169954475,0.8866031108881084,0.25019857029388404,0.45099378902005155,0.06694565876569568,0.04606975434198768,0.5916381335686536,1767,226,1662,315,3970
52f4b317682690f4,full_minus_data2vec_audio,random_forest,R_S,2,3072,0.5315179021684316,0.5332889307991846,0.6536697247706422,0.1430722891566265,0.9235055724417427,0.23476112026359144,0.4485942229224934,0.1064185864448826,0.06634159543379836,0.6138000583895867,1823,151,1707,285,3966
5354ad3e7202135f,full_minus_data2vec_audio,svm_rbf,S_R,3,3072,0.554911838790932,0.5538660729853424,0.610062893081761,0.2943854324734446,0.8133467134972403,0.3971340839303992,0.5221845304858623,0.1260701991613635,0.10795637919550383,0.6180827382434373,1621,372,1395,582,3970
5549d2ad1f7586d5,full_minus_wav2vec2,mlp,S_R,3,3072,0.5440806045340051,0.5430092831232023,0.589881593110872,0.27718765806777945,0.8088309081786252,0.37715072264280797,0.5087978484092069,0.10158582604544135,0.08620198958384451,0.6093403289865567,1612,381,1429,548,3970
5cc620a71af02292,full_minus_wav2vec2,xgboost,R_S,2,3072,0.5121028744326778,0.513856337202915,0.5631929046563193,0.12751004016064257,0.9002026342451874,0.2079410560785919,0.42770891390193033,0.04364613030360134,0.027615274613242424,0.5951300134682601,1777,197,1738,254,3966
5ee51c6e6564cfc0,full_minus_data2vec_audio,random_forest,R_S,0,3072,0.5263552335748188,0.5207674830849125,0.6270096463022508,0.09873417721518987,0.9428007889546351,0.17060367454068243,0.4195675715360755,0.07757474303947547,0.04199733212427337,0.646580281127506,1912,116,1780,195,4003
61e932b1a0d8400e,full_minus_data2vec,svm_rbf,S_R,0,2304,0.5515863102672995,0.549936334356977,0.56,0.4253164556962025,0.6745562130177515,0.48345323741007196,0.5436467246419152,0.10315448753736303,0.10018752915467866,0.575057548747909,1368,660,1135,840,4003
9c2d64483874f020,full_minus_wavlm,svm_rbf,R_S,0,3072,0.5021234074444166,0.4963891593638429,0.4664179104477612,0.06329113924050633,0.9294871794871795,0.11145786892554614,0.38281552130990126,-0.014445851370974717,-0.007304173959792992,0.5737517788929669,1885,143,1850,125,4003
6b6f806e4f4fdf50,full_minus_wav2vec2,random_forest,S_R,1,3072,0.5423558897243108,0.5432022330607672,0.5603960396039604,0.4225983076157292,0.6638061585058052,0.481838819523269,0.5360271296898212,0.08901731265062912,0.08625457610155662,0.5902680743318369,1315,666,1160,849,3990
6c6108a390076d17,full_minus_data2vec_spectrogram,svm_rbf,S_R,1,3072,0.5533834586466165,0.5549022332366542,0.6001765225066196,0.3384768541562967,0.7713276123170116,0.4328453214513049,0.5322556495640154,0.1217536913547645,0.10946713916734918,0.6011535922774571,1528,453,1329,680,3990
6e4e84545314da8c,full_minus_data2vec_audio,svm_rbf,R_S,2,3072,0.5148764498234998,0.5165922046850014,0.5702479338842975,0.13855421686746988,0.894630192502533,0.22294022617124395,0.43515046499178034,0.05068918042031086,0.03307026747563213,0.5382322094863752,1766,208,1716,276,3966
6f1551ca52d9512e,full_minus_wav2vec2,svm_rbf,R_S,3,3072,0.5670025188916876,0.5659610102226788,0.6346555323590815,0.3075366717248356,0.8243853487205218,0.4143100511073254,0.535426753825391,0.15415728032722562,0.13219552651074795,0.6404900713448004,1643,350,1369,608,3970
6f79cc051ecfb341,full_minus_data2vec,svm_rbf,R_S,1,2304,0.5190476190476191,0.5213755415119594,0.5669642857142857,0.18964659034345446,0.8531044926804644,0.28422230511003355,0.4610392521964586,0.05711583102294291,0.04255095663499764,0.5911122060771957,1690,291,1628,381,3990
6f9d36cf59f84521,full_minus_wav2vec2,svm_rbf,S_R,3,3072,0.5324937027707809,0.5312983403470061,0.5749690210656754,0.23469903894790087,0.8278976417461114,0.3333333333333333,0.486682182570468,0.077771759631481,0.06274573553838003,0.6100380162130431,1650,343,1513,464,3970
6ff3a7d7310cdc19,full_minus_data2vec,svm_rbf,R_S,3,2304,0.5604534005037783,0.5595437597600708,0.6066176470588235,0.3338391502276176,0.7852483692925238,0.43066884176182707,0.5363600619065545,0.13349401570438374,0.11930286146956226,0.6033488225481142,1565,428,1317,660,3970
70ef750821bbd9d1,full_minus_data2vec_audio,svm_rbf,S_R,2,3072,0.5544629349470499,0.5559449042370088,0.6632801161103048,0.22941767068273092,0.8824721377912867,0.34091756807161505,0.5022051180674205,0.14765934581822912,0.11155711237634491,0.6037171736591758,1742,232,1535,457,3966
7551285b7324e888,full_minus_data2vec_audio,mlp,S_R,3,3072,0.5712846347607052,0.5706015566368988,0.6048817696414951,0.4011127971674254,0.7400903161063723,0.48236009732360097,0.5582479764348014,0.1501207556187448,0.14139431076236275,0.626148525402896,1475,518,1184,793,3970
fa7dc6e92f413280,full_minus_hubert,svm_rbf,R_S,0,3072,0.5211091681239071,0.5158149202306943,0.5725,0.11594936708860759,0.915680473372781,0.1928421052631579,0.4262026189608278,0.052729347837065024,0.03196291215289282,0.6049606771028387,1857,171,1746,229,4003
787dfc13cf41a7fd,full_minus_data2vec_audio,mlp,S_R,4,3072,0.552597570431636,0.5528293325675648,0.5659485023646873,0.5433905146316852,0.5622681505034446,0.5544401544401545,0.5525899189018837,0.10564081520245384,0.10555276055405405,0.5834678240892996,1061,826,905,1077,3869
78a5deaa14f6a721,full_minus_wavlm,svm_rbf,S_R,1,3072,0.53734335839599,0.5389457687754926,0.5751152073732719,0.31060228969636633,0.7672892478546188,0.40336134453781514,0.5127735908116828,0.08752548892068729,0.07763917986658364,0.603020381026421,1520,461,1385,624,3990
792ee562bae54303,full_minus_hubert,svm_rbf,S_R,3,3072,0.5554156171284634,0.5543597076363124,0.6122881355932204,0.29236216489630756,0.8163572503763171,0.39575487846627866,0.522045600221384,0.12768610315852172,0.1089479200497876,0.6255325607253105,1627,366,1399,578,3970
7f69871061303f37,full_minus_wav2vec2,svm_rbf,R_S,2,3072,0.5148764498234998,0.5163152610441767,0.546831955922865,0.1992971887550201,0.8333333333333334,0.29212656364974243,0.46156002137224367,0.042189215351786075,0.0325362447833224,0.543695297908961,1645,329,1595,397,3966
edf640844c6aaef7,full_minus_wavlm,svm_rbf,R_S,1,3072,0.49473684210526314,0.4971954825194751,0.49413735343383586,0.14683922349427575,0.8475517415446744,0.2264006139677667,0.42563052655961836,-0.007862148775627126,-0.005581312317215925,0.5748440448069503,1679,302,1714,295,3990
839175e8cd4b48a9,full_minus_data2vec_audio,xgboost,S_R,0,3072,0.553834624031976,0.5496477167752728,0.6289222373806276,0.23341772151898735,0.8658777120315582,0.34047267355982275,0.501682165394483,0.12835740785847163,0.10011814055377777,0.593586997228672,1756,272,1514,461,4003
87daa42cc83c81e2,full_minus_data2vec_spectrogram,svm_rbf,S_R,3,3072,0.5433249370277078,0.5420393988976593,0.6142061281337048,0.22306525037936267,0.8610135474159558,0.32727272727272727,0.4908050957621978,0.10922095930894132,0.08429427425180436,0.6295825221355168,1716,277,1536,441,3970
8ae640313c05abc1,full_minus_wav2vec2,mlp,R_S,0,3072,0.5838121408943292,0.5827202706414001,0.5926814637072585,0.500253164556962,0.6651873767258383,0.542559033498078,0.5803995900762617,0.16778581759507333,0.16577836441974236,0.6314016428232592,1349,679,987,988,4003
8c0ef21a4e08d782,full_minus_data2vec_spectrogram,svm_rbf,R_S,4,3072,0.5052985267510984,0.5146651073225538,0.5739130434782609,0.13319878910191726,0.8961314255431903,0.21621621621621623,0.42740569118967914,0.04529607800839568,0.02877401189666473,0.583534534712786,1691,196,1718,264,3869
8e707811e3f6104a,full_minus_data2vec_audio,svm_rbf,S_R,4,3072,0.5582837942620832,0.5622021083230794,0.6031746031746031,0.4026236125126135,0.7217806041335453,0.48290468986384266,0.5486934908827447,0.13108824653922937,0.12337164822073021,0.5984321265528603,1362,525,1184,798,3869
8eb7d729c3501981,full_minus_wavlm,svm_rbf,R_S,3,3072,0.6060453400503778,0.6053445531794259,0.6597061098221191,0.43146181082448154,0.7792272955343703,0.5217125382262997,0.5934044489846702,0.22478929075126972,0.21098211319878146,0.6241541906536306,1553,440,1124,853,3970
8f1b1a495ee9ab66,full_minus_wavlm,svm_rbf,R_S,2,3072,0.5176500252143217,0.5193830031371687,0.5842217484008528,0.13755020080321284,0.9012158054711246,0.22267370987403495,0.43650592823257583,0.06002540035982983,0.0386313440608832,0.5409689670536248,1779,195,1718,274,3966
9238a4a02466ac5f,full_minus_wav2vec2,svm_rbf,R_S,0,3072,0.5081189108168873,0.5036427982922628,0.5046296296296297,0.16556962025316455,0.841715976331361,0.24933282500953108,0.44177583104461315,0.009888920377352525,0.007350128818053969,0.5542257758470027,1707,321,1648,327,4003
93a34a814cecc574,full_minus_data2vec_audio,xgboost,S_R,1,3072,0.5616541353383459,0.5621830736948749,0.5766509433962265,0.48680935788949725,0.6375567895002524,0.5279352226720648,0.5594062078272605,0.12578381317919166,0.12422936435846388,0.6020560179846923,1263,718,1031,978,3990
93e6e1d430617461,full_minus_wavlm,svm_rbf,S_R,3,3072,0.5440806045340051,0.5426763018059415,0.6389351081530782,0.19423368740515934,0.8911189162067236,0.2979053529868115,0.48017237063738183,0.11906552080797746,0.08559172931163528,0.6053308481556972,1776,217,1593,384,3970
94403ba90bc37ba1,full_minus_data2vec_audio,mlp,S_R,2,3072,0.5108421583459405,0.5121756021044664,0.5317848410757946,0.2183734939759036,0.8059777102330293,0.3096085409252669,0.46542512169262173,0.03009155773427704,0.02428594689931496,0.4996727029699345,1591,383,1557,435,3966
945fd4c7dfba2de8,full_minus_data2vec_audio,svm_rbf,R_S,3,3072,0.5209068010075567,0.5200929606683585,0.5316990701606086,0.31815882650480526,0.7220270948319117,0.3981012658227848,0.5000966580159949,0.04393089559925435,0.04025081034691835,0.5476882797428836,1439,554,1348,629,3970
992e0a4c59fb9732,full_minus_data2vec_spectrogram,svm_rbf,R_S,1,3072,0.5080200501253133,0.510586635757466,0.542910447761194,0.1448481831757093,0.8763250883392226,0.2286836935166994,0.43375307030940763,0.031043923989101774,0.021064125019904067,0.5800118547806954,1736,245,1718,291,3990
f953a5292e655090,full_minus_hubert,svm_rbf,R_S,3,3072,0.5589420654911839,0.5582557413263062,0.5863914373088684,0.38796155791603437,0.728549924736578,0.4669710806697108,0.5454082041372185,0.12394180462441291,0.11666995780481348,0.5876695140122447,1452,541,1210,767,3970
ac1c0fa610547f62,full_minus_wav2vec2,xgboost,S_R,1,3072,0.5609022556390978,0.5614223626190975,0.5755437977660199,0.4873071179691389,0.6355376072690561,0.5277628032345013,0.5587291767928947,0.12419773231804589,0.12271177149603896,0.605851407183575,1259,722,1030,979,3990
ac9b0baa32c0e9f8,full_minus_data2vec,svm_rbf,R_S,2,2304,0.5131114473020676,0.5150434565007751,0.6033898305084746,0.0893574297188755,0.9407294832826748,0.15566243987756886,0.4067949046154895,0.05733141638023225,0.02997050524119038,0.5867843206666585,1857,117,1814,178,3966
b0d67a8bbc554bc2,full_minus_wav2vec2,random_forest,R_S,2,3072,0.5239536056480081,0.5254978882093725,0.582018927444795,0.1852409638554217,0.8657548125633232,0.28103579588728106,0.4626060999790721,0.06957533791068178,0.050837763631247146,0.6043755823700069,1709,265,1623,369,3966
e936d31a2c130ffb,full_minus_hubert,svm_rbf,R_S,1,3072,0.5340852130325815,0.535928428080704,0.5791139240506329,0.2732702837232454,0.7985865724381626,0.37132228610077783,0.5006123674182965,0.08441442079061234,0.07158966055629445,0.5949810908961164,1582,399,1460,549,3990
b42a85b4a645a685,full_minus_data2vec_audio,xgboost,S_R,3,3072,0.5307304785894207,0.5293269742023232,0.5946843853820598,0.18108244815376834,0.877571500250878,0.27762698720434276,0.46505859712763303,0.08176547231547011,0.05881815481727515,0.5993722083945301,1749,244,1619,358,3970
b494844590292910,full_minus_data2vec_audio,svm_rbf,S_R,1,3072,0.5538847117794486,0.5552522482749886,0.593929450369155,0.36037829766052765,0.7501261988894498,0.4485749690210657,0.5369979222209705,0.11994773202948422,0.11019825407321526,0.6130373943202082,1486,495,1285,724,3990
b52c5d8caacc1a19,full_minus_data2vec_audio,xgboost,R_S,4,3072,0.5120186094598087,0.5203732105109204,0.5758064516129032,0.18012108980827446,0.8606253312135665,0.2744043043812452,0.4534015291376631,0.055520905828486206,0.040053575432047905,0.5542310577925227,1624,263,1625,357,3869
b676f85a64c85126,full_minus_wav2vec2,mlp,S_R,4,3072,0.5554406823468596,0.5568997501092237,0.5766081871345029,0.49747729566094856,0.6163222045574986,0.5341278439869989,0.5545083115140135,0.1145390966365269,0.11340773161621487,0.5759477052882407,1163,724,996,986,3869
bb6e47a37276b883,full_minus_wavlm,svm_rbf,R_S,4,3072,0.4887567846988886,0.4992056221948784,0.5069444444444444,0.07366296670030273,0.9247482776894541,0.12863436123348018,0.38344666123122434,-0.003025495197712435,-0.0015552942168026718,0.5452671018498763,1745,142,1836,146,3869
bc7546d28b3b28b0,full_minus_wav2vec2,xgboost,S_R,4,3072,0.5138278624967691,0.5207801586830494,0.5600475624256838,0.23763874873864782,0.803921568627451,0.3336875664187035,0.47549078219205776,0.05036637528580483,0.04096666215543254,0.5710605839412155,1517,370,1511,471,3869
bde1146f9574356d,full_minus_wav2vec2,mlp,R_S,3,3072,0.5765743073047859,0.5761116106676859,0.5968586387434555,0.4613050075872534,0.6909182137481185,0.5203994293865906,0.5706844948511307,0.15642399928836886,0.15236212041501118,0.6031322070341796,1377,616,1065,912,3970
c056f247186e005b,full_minus_wav2vec2,random_forest,S_R,3,3072,0.5148614609571789,0.5132922233380819,0.5580865603644647,0.12392513909964593,0.9026593075765178,0.20281456953642385,0.42707708925771226,0.042384151227020196,0.026667722373803326,0.6005221614040646,1799,194,1732,245,3970
c1aa3f0854b55a3c,full_minus_data2vec_audio,mlp,R_S,4,3072,0.5665546652881882,0.5711510911398132,0.6253081347576006,0.3839556004036327,0.7583465818759937,0.4757736792747734,0.5531545197431369,0.1531853687844424,0.14093290344977982,0.573733286916643,1431,456,1221,761,3869
c26f25dbb9a73eda,full_minus_data2vec_audio,random_forest,S_R,2,3072,0.5199193141704488,0.5213879835451227,0.5628571428571428,0.19779116465863453,0.8449848024316109,0.29271916790490343,0.46468019463947463,0.05609975543531245,0.042649846494631105,0.5340170204628036,1668,306,1598,394,3966
dda6cedb20523a4c,full_minus_hubert,svm_rbf,S_R,2,3072,0.5305093292990418,0.531488415668754,0.5576241134751773,0.3157630522088353,0.7472137791286727,0.4032051282051282,0.5081279173860221,0.06979724830208535,0.06285253950269842,0.5743964968282451,1475,499,1363,629,3966
c47760412bd2f0ca,full_minus_wav2vec2,mlp,S_R,1,3072,0.5902255639097744,0.5899749712864548,0.5873831775700935,0.6256844201095072,0.5542655224634023,0.6059291395516992,0.589573810183054,0.18042269583432244,0.18003290602426592,0.6176133446939555,1098,883,752,1257,3990
c57392d4d02c0063,full_minus_data2vec,svm_rbf,S_R,2,2304,0.5610186585980838,0.5621345564629338,0.624380574826561,0.31626506024096385,0.8080040526849037,0.4198600466511163,0.5333938237717151,0.1426626194938792,0.12399014984566314,0.6222481109849733,1595,379,1362,630,3966
cb0bcd874e1f6e71,full_minus_data2vec_spectrogram,svm_rbf,R_S,0,3072,0.49887584311766175,0.49335605322947096,0.45345345345345345,0.07645569620253165,0.9102564102564102,0.13084922010398614,0.389397934025317,-0.02405572866045906,-0.013433836801423071,0.5493377524779667,1846,182,1824,151,4003
d16a3e1a574d8378,full_minus_wav2vec2,mlp,R_S,2,3072,0.5,0.5003204306588054,0.5026423957721667,0.42971887550200805,0.5709219858156028,0.4633288227334235,0.4976544986926499,0.0006473403802873364,0.0006404376934179279,0.5029677982446503,1127,847,1136,856,3966
d5ac51001d1a73c2,full_minus_wav2vec2,xgboost,R_S,1,3072,0.5210526315789473,0.5234158301776283,0.5751533742331288,0.1866600298656048,0.8601716304896517,0.2818489289740699,0.46128543459419796,0.06332931601879564,0.046609168138556756,0.600317752345641,1704,277,1634,375,3990
d5be536cc5176b6d,full_minus_data2vec_audio,xgboost,R_S,0,3072,0.5206095428428679,0.5144021671285547,0.7258064516129032,0.04556962025316456,0.9832347140039448,0.0857551214864221,0.38044316087864355,0.08311982782265494,0.029161464453003938,0.6805332933862632,1994,34,1885,90,4003
d6c4f7ce5bab33cb,full_minus_data2vec_audio,svm_rbf,S_R,0,3072,0.5560829377966525,0.5526738321723716,0.6022727272727273,0.2951898734177215,0.8101577909270217,0.3961943594971118,0.522608339140221,0.123005749134152,0.10605425582197014,0.5934778917933737,1643,385,1392,583,4003
d8fc044d3a937f92,full_minus_wav2vec2,mlp,S_R,2,3072,0.48234997478567826,0.4838831007922267,0.4525660964230171,0.1460843373493976,0.8216818642350557,0.22087286527514233,0.41664749550334423,-0.04372794516008328,-0.032134580383226696,0.48372911605896735,1622,352,1701,291,3966
e44be821c0605307,full_minus_data2vec_audio,svm_rbf,R_S,0,3072,0.5026230327254559,0.4963794222654982,0.4298245614035088,0.02481012658227848,0.967948717948718,0.04691239827668741,0.35521215654919375,-0.021764765887640168,-0.007331425927332713,0.6395321199410782,1963,65,1926,49,4003
e92423d43d850c1d,full_minus_data2vec_audio,random_forest,S_R,1,3072,0.5463659147869674,0.5471596895243489,0.5644012944983818,0.4340467894474863,0.6602725896012115,0.4907146876758582,0.5408837785419508,0.09681206092857421,0.09416567891478989,0.5972383486828203,1308,673,1137,872,3990
e9c659d7f576f196,full_minus_data2vec_audio,mlp,S_R,1,3072,0.5794486215538847,0.5785238511503886,0.5655965120887831,0.7103036336485814,0.44674406865219585,0.6297440423654016,0.5715425548253923,0.16285088039432535,0.1573321774248967,0.6070999532894503,885,1096,582,1427,3990
eb83f5f108ac0b9b,full_minus_data2vec,svm_rbf,S_R,1,2304,0.5416040100250626,0.5431978358869187,0.5825688073394495,0.3160776505724241,0.7703180212014135,0.40980961600516297,0.5175456602869495,0.09694199301824769,0.08611727166738248,0.604995340252056,1526,455,1374,635,3990
ebf2ff3009deab6c,full_minus_wavlm,svm_rbf,S_R,2,3072,0.5549672213817448,0.5564148692032568,0.6578581363004172,0.23744979919678716,0.8753799392097265,0.34894872740686095,0.5054454420409137,0.14643208053072618,0.11250194932886026,0.63089210947132,1728,246,1519,473,3966
ec4ebc45fbf42913,full_minus_data2vec_spectrogram,svm_rbf,S_R,2,3072,0.5479072112960162,0.5492677396516156,0.6251572327044025,0.24949799196787148,0.8490374873353597,0.3566559024040187,0.5040811096082289,0.123063479257525,0.09826626098375835,0.6111326003100548,1676,298,1495,497,3966
ed4c67d50bf0059b,full_minus_wav2vec2,xgboost,S_R,3,3072,0.5302267002518891,0.5286952741271232,0.6176470588235294,0.14871016691957512,0.9086803813346713,0.23970648185894822,0.44990609312557395,0.08833492220967229,0.05756598584627426,0.6081378400527289,1811,182,1683,294,3970
f3f704f1d5e4705f,full_minus_data2vec_audio,mlp,R_S,0,3072,0.510866849862603,0.50531608119242,0.5263157894736842,0.08607594936708861,0.9245562130177515,0.14795474325500435,0.4024637065959675,0.019517040160021724,0.010749656318960188,0.5668554165730407,1875,153,1805,170,4003
f4bd7773456980c4,full_minus_wav2vec2,random_forest,R_S,1,3072,0.5165413533834586,0.5189113652873025,0.5617283950617284,0.18118466898954705,0.8566380615850581,0.2739932254422281,0.4558017977671407,0.05127366475953873,0.037642511671384105,0.6087696230164663,1697,284,1645,364,3990
f53875910df42059,full_minus_data2vec_audio,xgboost,R_S,2,3072,0.516641452344932,0.5184590947376131,0.5949367088607594,0.1179718875502008,0.9189463019250254,0.19689987431922915,0.4255915061406786,0.06164035946512071,0.03678373761998033,0.5857268994926006,1814,160,1757,235,3966
fb89ce834695c62a,full_minus_wavlm,svm_rbf,S_R,0,3072,0.5448413689732701,0.5408712206326617,0.5957446808510638,0.2410126582278481,0.8407297830374754,0.3431867339581831,0.4974725718720579,0.1022458020119416,0.08238344133165054,0.6121009662197588,1705,323,1499,476,4003
fba7456e69c4a149,full_minus_data2vec_audio,xgboost,S_R,2,3072,0.5234493192133132,0.5249913025964039,0.5801886792452831,0.1852409638554217,0.8647416413373861,0.2808219178082192,0.46224353808963,0.06810616956132327,0.04982795914828375,0.5913491860044027,1707,267,1623,369,3966
fc58a50272720aac,full_minus_data2vec_audio,xgboost,S_R,4,3072,0.5388989402946498,0.5413767628850433,0.563953488372093,0.44046417759838546,0.6422893481717011,0.49461756373937676,0.5353315955579013,0.08443086389883035,0.08229989025830386,0.5699699521448202,1212,675,1109,873,3869
fe4a27409c432fd1,full_minus_wav2vec2,random_forest,R_S,4,3072,0.4998707676402171,0.5094055294684486,0.5542725173210161,0.12108980827447023,0.8977212506624271,0.19875776397515527,0.417620475074183,0.029825002827591086,0.018448129810810454,0.5475089263894393,1694,193,1742,240,3869
fe651ccadc17d65b,full_minus_wav2vec2,random_forest,S_R,2,3072,0.5199193141704488,0.5216191513775467,0.5883534136546185,0.14708835341365462,0.8961499493414387,0.2353413654618474,0.44273499732114785,0.06524281086866557,0.04309095526369022,0.5510140867421052,1769,205,1699,293,3966
