subject_id,device,source_file,original_sr,channels,format,duration_sec,processed_sr,alignment_status
01,S,/scratch/pkdas/IEEE_healthcomm_workshop/dataset/V5/Data/01/01_phone.wav,8000,1,PCM16 mono WAV,22257.92,16000,read_ok
01,R,/scratch/pkdas/IEEE_healthcomm_workshop/dataset/V5/Data/01/01_recorder_1.wav,8000,1,PCM16 mono WAV,11781.568,16000,read_ok
01,R,/scratch/pkdas/IEEE_healthcomm_workshop/dataset/V5/Data/01/01_recorder_2.wav,8000,1,PCM16 mono WAV,15844.16,16000,read_ok
02,S,/scratch/pkdas/IEEE_healthcomm_workshop/dataset/V5/Data/02/02_phone.wav,8000,1,PCM16 mono WAV,21299.16,16000,read_ok
02,R,/scratch/pkdas/IEEE_healthcomm_workshop/dataset/V5/Data/02/02_recorder_1.wav,8000,1,PCM16 mono WAV,33552.896,16000,read_ok
02,R,/scratch/pkdas/IEEE_healthcomm_workshop/dataset/V5/Data/02/02_recorder_2.wav,8000,1,PCM16 mono WAV,4667.84,16000,read_ok
03,S,/scratch/pkdas/IEEE_healthcomm_workshop/dataset/V5/Data/03/03_phone.wav,8000,1,PCM16 mono WAV,22257.92,16000,read_ok
04,S,/scratch/pkdas/IEEE_healthcomm_workshop/dataset/V5/Data/04/04_phone.wav,8000,1,PCM16 mono WAV,21299.16,16000,read_ok
04,R,/scratch/pkdas/IEEE_healthcomm_workshop/dataset/V5/Data/04/04_recorder_1.wav,8000,1,PCM16 mono WAV,33552.896,16000,read_ok
04,R,/scratch/pkdas/IEEE_healthcomm_workshop/dataset/V5/Data/04/04_recorder_2.wav,8000,1,PCM16 mono WAV,4916.544,16000,read_ok
05,S,/scratch/pkdas/IEEE_healthcomm_workshop/dataset/V5/Data/05/05_phone.wav,8000,1,PCM16 mono WAV,22257.92,16000,read_ok
05,R,/scratch/pkdas/IEEE_healthcomm_workshop/dataset/V5/Data/05/05_recorder_1.wav,8000,1,PCM16 mono WAV,33552.96,16000,read_ok
05,R,/scratch/pkdas/IEEE_healthcomm_workshop/dataset/V5/Data/05/05_recorder_2.wav,8000,1,PCM16 mono WAV,7856.64,16000,read_ok
06,S,/scratch/pkdas/IEEE_healthcomm_workshop/dataset/V5/Data/06/06_phone.wav,8000,1,PCM16 mono WAV,22257.92,16000,read_ok
06,R,/scratch/pkdas/IEEE_healthcomm_workshop/dataset/V5/Data/06/06_recorder_1.wav,8000,1,PCM16 mono WAV,33552.896,16000,read_ok
06,R,/scratch/pkdas/IEEE_healthcomm_workshop/dataset/V5/Data/06/06_recorder_2.wav,8000,1,PCM16 mono WAV,4301.44,16000,read_ok
07,S,/scratch/pkdas/IEEE_healthcomm_workshop/dataset/V5/Data/07/07_phone.wav,8000,1,PCM16 mono WAV,37749.44,16000,read_ok
07,R,/scratch/pkdas/IEEE_healthcomm_workshop/dataset/V5/Data/07/07_recorder_1.wav,8000,1,PCM16 mono WAV,33552.896,16000,read_ok
07,R,/scratch/pkdas/IEEE_healthcomm_workshop/dataset/V5/Data/07/07_recorder_2.wav,8000,1,PCM16 mono WAV,4179.904,16000,read_ok
08,S,/scratch/pkdas/IEEE_healthcomm_workshop/dataset/V5/Data/08/08_phone.wav,8000,1,PCM16 mono WAV,41410.88,16000,read_ok
08,R,/scratch/pkdas/IEEE_healthcomm_workshop/dataset/V5/Data/08/08_recorder_1.wav,8000,1,PCM16 mono WAV,33552.896,16000,read_ok
08,R,/scratch/pkdas/IEEE_healthcomm_workshop/dataset/V5/Data/08/08_recorder_2.wav,8000,1,PCM16 mono WAV,7839.68,16000,read_ok
09,S,/scratch/pkdas/IEEE_healthcomm_workshop/dataset/V5/Data/09/09_phone.wav,8000,1,PCM16 mono WAV,39078.72,16000,read_ok
09,R,/scratch/pkdas/IEEE_healthcomm_workshop/dataset/V5/Data/09/09_recorder_1.wav,8000,1,PCM16 mono WAV,33552.896,16000,read_ok
09,R,/scratch/pkdas/IEEE_healthcomm_workshop/dataset/V5/Data/09/09_recorder_2.wav,8000,1,PCM16 mono WAV,5509.568,16000,read_ok
10,S,/scratch/pkdas/IEEE_healthcomm_workshop/dataset/V5/Data/10/10_phone.wav,8000,1,PCM16 mono WAV,40780.8,16000,read_ok
10,R,/scratch/pkdas/IEEE_healthcomm_workshop/dataset/V5/Data/10/10_recorder_1.wav,8000,1,PCM16 mono WAV,33552.96,16000,read_ok
10,R,/scratch/pkdas/IEEE_healthcomm_workshop/dataset/V5/Data/10/10_recorder_2.wav,8000,1,PCM16 mono WAV,7183.808,16000,read_ok
11,R,/scratch/pkdas/IEEE_healthcomm_workshop/dataset/V5/Data/11/11_recorder_1.wav,8000,1,PCM16 mono WAV,33552.832,16000,read_ok
11,R,/scratch/pkdas/IEEE_healthcomm_workshop/dataset/V5/Data/11/11_recorder_2.wav,8000,1,PCM16 mono WAV,3222.848,16000,read_ok
12,S,/scratch/pkdas/IEEE_healthcomm_workshop/dataset/V5/Data/12/12_phone.wav,8000,1,PCM16 mono WAV,37573.392,16000,read_ok
13,S,/scratch/pkdas/IEEE_healthcomm_workshop/dataset/V5/Data/13/13_phone.wav,8000,1,PCM16 mono WAV,37143.384,16000,read_ok
13,R,/scratch/pkdas/IEEE_healthcomm_workshop/dataset/V5/Data/13/13_recorder_1.wav,8000,1,PCM16 mono WAV,33552.96,16000,read_ok
13,R,/scratch/pkdas/IEEE_healthcomm_workshop/dataset/V5/Data/13/13_recorder_2.wav,8000,1,PCM16 mono WAV,3572.352,16000,read_ok
14,S,/scratch/pkdas/IEEE_healthcomm_workshop/dataset/V5/Data/14/14_phone.wav,8000,1,PCM16 mono WAV,40429.28,16000,read_ok
14,R,/scratch/pkdas/IEEE_healthcomm_workshop/dataset/V5/Data/14/14_recorder_1.wav,8000,1,PCM16 mono WAV,33552.832,16000,read_ok
14,R,/scratch/pkdas/IEEE_healthcomm_workshop/dataset/V5/Data/14/14_recorder_2.wav,8000,1,PCM16 mono WAV,6845.12,16000,read_ok
15,S,/scratch/pkdas/IEEE_healthcomm_workshop/dataset/V5/Data/15/15_phone.wav,8000,1,PCM16 mono WAV,40905.6,16000,read_ok
15,R,/scratch/pkdas/IEEE_healthcomm_workshop/dataset/V5/Data/15/15_recorder_1.wav,8000,1,PCM16 mono WAV,33552.896,16000,read_ok
15,R,/scratch/pkdas/IEEE_healthcomm_workshop/dataset/V5/Data/15/15_recorder_2.wav,8000,1,PCM16 mono WAV,7323.136,16000,read_ok
16,S,/scratch/pkdas/IEEE_healthcomm_workshop/dataset/V5/Data/16/16_phone.wav,8000,1,PCM16 mono WAV,37925.472,16000,read_ok
16,R,/scratch/pkdas/IEEE_healthcomm_workshop/dataset/V5/Data/16/16_recorder_1.wav,8000,1,PCM16 mono WAV,33552.96,16000,read_ok
16,R,/scratch/pkdas/IEEE_healthcomm_workshop/dataset/V5/Data/16/16_recorder_2.wav,8000,1,PCM16 mono WAV,4304.576,16000,read_ok
17,R,/scratch/pkdas/IEEE_healthcomm_workshop/dataset/V5/Data/17/17_recorder_1.wav,8000,1,PCM16 mono WAV,33552.96,16000,read_ok
17,R,/scratch/pkdas/IEEE_healthcomm_workshop/dataset/V5/Data/17/17_recorder_2.wav,8000,1,PCM16 mono WAV,9006.08,16000,read_ok
18,S,/scratch/pkdas/IEEE_healthcomm_workshop/dataset/V5/Data/18/18_phone.wav,8000,1,PCM16 mono WAV,62744.16,16000,read_ok
18,R,/scratch/pkdas/IEEE_healthcomm_workshop/dataset/V5/Data/18/18_recorder_1.wav,8000,1,PCM16 mono WAV,33552.832,16000,read_ok
18,R,/scratch/pkdas/IEEE_healthcomm_workshop/dataset/V5/Data/18/18_recorder_2.wav,8000,1,PCM16 mono WAV,8472.256,16000,read_ok
19,S,/scratch/pkdas/IEEE_healthcomm_workshop/dataset/V5/Data/19/19_phone.wav,8000,1,PCM16 mono WAV,38182.72,16000,read_ok
19,R,/scratch/pkdas/IEEE_healthcomm_workshop/dataset/V5/Data/19/19_recorder_1.wav,8000,1,PCM16 mono WAV,0.128,16000,read_ok
19,R,/scratch/pkdas/IEEE_healthcomm_workshop/dataset/V5/Data/19/19_recorder_2.wav,8000,1,PCM16 mono WAV,33552.96,16000,read_ok
19,R,/scratch/pkdas/IEEE_healthcomm_workshop/dataset/V5/Data/19/19_recorder_3.wav,8000,1,PCM16 mono WAV,4610.496,16000,read_ok
20,S,/scratch/pkdas/IEEE_healthcomm_workshop/dataset/V5/Data/20/20_phone.wav,8000,1,PCM16 mono WAV,37229.496,16000,read_ok
20,R,/scratch/pkdas/IEEE_healthcomm_workshop/dataset/V5/Data/20/20_recorder_1.wav,8000,1,PCM16 mono WAV,33552.96,16000,read_ok
20,R,/scratch/pkdas/IEEE_healthcomm_workshop/dataset/V5/Data/20/20_recorder_2.wav,8000,1,PCM16 mono WAV,3660.352,16000,read_ok
21,S,/scratch/pkdas/IEEE_healthcomm_workshop/dataset/V5/Data/21/21_phone.wav,8000,1,PCM16 mono WAV,22257.92,16000,read_ok
21,R,/scratch/pkdas/IEEE_healthcomm_workshop/dataset/V5/Data/21/21_recorder_1.wav,8000,1,PCM16 mono WAV,33552.896,16000,read_ok
21,R,/scratch/pkdas/IEEE_healthcomm_workshop/dataset/V5/Data/21/21_recorder_2.wav,8000,1,PCM16 mono WAV,23789.184,16000,read_ok
22,S,/scratch/pkdas/IEEE_healthcomm_workshop/dataset/V5/Data/22/22_phone.wav,8000,1,PCM16 mono WAV,22257.92,16000,read_ok
23,S,/scratch/pkdas/IEEE_healthcomm_workshop/dataset/V5/Data/23/23_phone.wav,8000,1,PCM16 mono WAV,22257.92,16000,read_ok
24,S,/scratch/pkdas/IEEE_healthcomm_workshop/dataset/V5/Data/24/24_phone.wav,8000,1,PCM16 mono WAV,22257.92,16000,read_ok
25,S,/scratch/pkdas/IEEE_healthcomm_workshop/dataset/V5/Data/25/25_phone.wav,8000,1,PCM16 mono WAV,22257.92,16000,read_ok
26,S,/scratch/pkdas/IEEE_healthcomm_workshop/dataset/V5/Data/26/26_phone.wav,8000,1,PCM16 mono WAV,41635.2,16000,read_ok
26,R,/scratch/pkdas/IEEE_healthcomm_workshop/dataset/V5/Data/26/26_recorder_1.wav,8000,1,PCM16 mono WAV,33552.96,16000,read_ok
26,R,/scratch/pkdas/IEEE_healthcomm_workshop/dataset/V5/Data/26/26_recorder_2.wav,8000,1,PCM16 mono WAV,8074.752,16000,read_ok
27,S,/scratch/pkdas/IEEE_healthcomm_workshop/dataset/V5/Data/27/27_phone.wav,8000,1,PCM16 mono WAV,37633.28,16000,read_ok
27,R,/scratch/pkdas/IEEE_healthcomm_workshop/dataset/V5/Data/27/27_recorder_1.wav,8000,1,PCM16 mono WAV,33552.896,16000,read_ok
27,R,/scratch/pkdas/IEEE_healthcomm_workshop/dataset/V5/Data/27/27_recorder_2.wav,8000,1,PCM16 mono WAV,4050.432,16000,read_ok
28,S,/scratch/pkdas/IEEE_healthcomm_workshop/dataset/V5/Data/28/28_phone.wav,8000,1,PCM16 mono WAV,36834.432,16000,read_ok
28,R,/scratch/pkdas/IEEE_healthcomm_workshop/dataset/V5/Data/28/28_recorder_1.wav,8000,1,PCM16 mono WAV,33552.896,16000,read_ok
28,R,/scratch/pkdas/IEEE_healthcomm_workshop/dataset/V5/Data/28/28_recorder_2.wav,8000,1,PCM16 mono WAV,3264.32,16000,read_ok
29,S,/scratch/pkdas/IEEE_healthcomm_workshop/dataset/V5/Data/29/29_phone.wav,8000,1,PCM16 mono WAV,36395.2,16000,read_ok
29,R,/scratch/pkdas/IEEE_healthcomm_workshop/dataset/V5/Data/29/29_recorder_1.wav,8000,1,PCM16 mono WAV,33552.896,16000,read_ok
29,R,/scratch/pkdas/IEEE_healthcomm_workshop/dataset/V5/Data/29/29_recorder_2.wav,8000,1,PCM16 mono WAV,2817.92,16000,read_ok
30,S,/scratch/pkdas/IEEE_healthcomm_workshop/dataset/V5/Data/30/30_phone.wav,8000,1,PCM16 mono WAV,48537.92,16000,read_ok
30,R,/scratch/pkdas/IEEE_healthcomm_workshop/dataset/V5/Data/30/30_recorder_1.wav,8000,1,PCM16 mono WAV,33552.896,16000,read_ok
30,R,/scratch/pkdas/IEEE_healthcomm_workshop/dataset/V5/Data/30/30_recorder_2.wav,8000,1,PCM16 mono WAV,14955.648,16000,read_ok
31,S,/scratch/pkdas/IEEE_healthcomm_workshop/dataset/V5/Data/31/31_phone.wav,8000,1,PCM16 mono WAV,45975.984,16000,read_ok
31,R,/scratch/pkdas/IEEE_healthcomm_workshop/dataset/V5/Data/31/31_recorder_1.wav,8000,1,PCM16 mono WAV,33552.96,16000,read_ok
31,R,/scratch/pkdas/IEEE_healthcomm_workshop/dataset/V5/Data/31/31_recorder_2.wav,8000,1,PCM16 mono WAV,12408.512,16000,read_ok
32,S,/scratch/pkdas/IEEE_healthcomm_workshop/dataset/V5/Data/32/32_phone.wav,8000,1,PCM16 mono WAV,35147.976,16000,read_ok
32,R,/scratch/pkdas/IEEE_healthcomm_workshop/dataset/V5/Data/32/32_recorder_1.wav,8000,1,PCM16 mono WAV,33552.896,16000,read_ok
32,R,/scratch/pkdas/IEEE_healthcomm_workshop/dataset/V5/Data/32/32_recorder_2.wav,8000,1,PCM16 mono WAV,1578.752,16000,read_ok
33,S,/scratch/pkdas/IEEE_healthcomm_workshop/dataset/V5/Data/33/33_phone.wav,8000,1,PCM16 mono WAV,39170.24,16000,read_ok
33,R,/scratch/pkdas/IEEE_healthcomm_workshop/dataset/V5/Data/33/33_recorder_1.wav,8000,1,PCM16 mono WAV,33552.896,16000,read_ok
33,R,/scratch/pkdas/IEEE_healthcomm_workshop/dataset/V5/Data/33/33_recorder_2.wav,8000,1,PCM16 mono WAV,5572.864,16000,read_ok
34,S,/scratch/pkdas/IEEE_healthcomm_workshop/dataset/V5/Data/34/34_phone.wav,8000,1,PCM16 mono WAV,38429.6,16000,read_ok
34,R,/scratch/pkdas/IEEE_healthcomm_workshop/dataset/V5/Data/34/34_recorder_1.wav,8000,1,PCM16 mono WAV,33552.96,16000,read_ok
34,R,/scratch/pkdas/IEEE_healthcomm_workshop/dataset/V5/Data/34/34_recorder_2.wav,8000,1,PCM16 mono WAV,7020.992,16000,read_ok
35,S,/scratch/pkdas/IEEE_healthcomm_workshop/dataset/V5/Data/35/35_phone.wav,8000,1,PCM16 mono WAV,40592.496,16000,read_ok
35,R,/scratch/pkdas/IEEE_healthcomm_workshop/dataset/V5/Data/35/35_recorder_1.wav,8000,1,PCM16 mono WAV,33552.896,16000,read_ok
35,R,/scratch/pkdas/IEEE_healthcomm_workshop/dataset/V5/Data/35/35_recorder_2.wav,8000,1,PCM16 mono WAV,4826.624,16000,read_ok
36,S,/scratch/pkdas/IEEE_healthcomm_workshop/dataset/V5/Data/36/36_phone.wav,8000,1,PCM16 mono WAV,38705.664,16000,read_ok
36,R,/scratch/pkdas/IEEE_healthcomm_workshop/dataset/V5/Data/36/36_recorder_1.wav,8000,1,PCM16 mono WAV,33552.832,16000,read_ok
36,R,/scratch/pkdas/IEEE_healthcomm_workshop/dataset/V5/Data/36/36_recorder_2.wav,8000,1,PCM16 mono WAV,5138.24,16000,read_ok
37,S,/scratch/pkdas/IEEE_healthcomm_workshop/dataset/V5/Data/37/37_phone.wav,8000,1,PCM16 mono WAV,42185.28,16000,read_ok
37,R,/scratch/pkdas/IEEE_healthcomm_workshop/dataset/V5/Data/37/37_recorder_1.wav,8000,1,PCM16 mono WAV,33552.896,16000,read_ok
37,R,/scratch/pkdas/IEEE_healthcomm_workshop/dataset/V5/Data/37/37_recorder_2.wav,8000,1,PCM16 mono WAV,8634.24,16000,read_ok
38,S,/scratch/pkdas/IEEE_healthcomm_workshop/dataset/V5/Data/38/38_phone.wav,8000,1,PCM16 mono WAV,55542.56,16000,read_ok
38,R,/scratch/pkdas/IEEE_healthcomm_workshop/dataset/V5/Data/38/38_recorder_1.wav,8000,1,PCM16 mono WAV,33552.896,16000,read_ok
38,R,/scratch/pkdas/IEEE_healthcomm_workshop/dataset/V5/Data/38/38_recorder_2.wav,8000,1,PCM16 mono WAV,21971.968,16000,read_ok
39,S,/scratch/pkdas/IEEE_healthcomm_workshop/dataset/V5/Data/39/39_phone.wav,8000,1,PCM16 mono WAV,40490.24,16000,read_ok
39,R,/scratch/pkdas/IEEE_healthcomm_workshop/dataset/V5/Data/39/39_recorder_1.wav,8000,1,PCM16 mono WAV,33552.96,16000,read_ok
39,R,/scratch/pkdas/IEEE_healthcomm_workshop/dataset/V5/Data/39/39_recorder_2.wav,8000,1,PCM16 mono WAV,6871.936,16000,read_ok
40,S,/scratch/pkdas/IEEE_healthcomm_workshop/dataset/V5/Data/40/40_phone.wav,8000,1,PCM16 mono WAV,37965.384,16000,read_ok
40,R,/scratch/pkdas/IEEE_healthcomm_workshop/dataset/V5/Data/40/40_recorder_1.wav,8000,1,PCM16 mono WAV,33552.832,16000,read_ok
40,R,/scratch/pkdas/IEEE_healthcomm_workshop/dataset/V5/Data/40/40_recorder_2.wav,8000,1,PCM16 mono WAV,4396.608,16000,read_ok
41,S,/scratch/pkdas/IEEE_healthcomm_workshop/dataset/V5/Data/41/41_phone.wav,8000,1,PCM16 mono WAV,35648.064,16000,read_ok
41,R,/scratch/pkdas/IEEE_healthcomm_workshop/dataset/V5/Data/41/41_recorder_1.wav,8000,1,PCM16 mono WAV,33552.896,16000,read_ok
41,R,/scratch/pkdas/IEEE_healthcomm_workshop/dataset/V5/Data/41/41_recorder_2.wav,8000,1,PCM16 mono WAV,2077.248,16000,read_ok
42,S,/scratch/pkdas/IEEE_healthcomm_workshop/dataset/V5/Data/42/42_phone.wav,8000,1,PCM16 mono WAV,51172.64,16000,read_ok
42,R,/scratch/pkdas/IEEE_healthcomm_workshop/dataset/V5/Data/42/42_recorder_1.wav,8000,1,PCM16 mono WAV,33552.896,16000,read_ok
42,R,/scratch/pkdas/IEEE_healthcomm_workshop/dataset/V5/Data/42/42_recorder_2.wav,8000,1,PCM16 mono WAV,17610.24,16000,read_ok
43,S,/scratch/pkdas/IEEE_healthcomm_workshop/dataset/V5/Data/43/43_phone.wav,8000,1,PCM16 mono WAV,38058.936,16000,read_ok
43,R,/scratch/pkdas/IEEE_healthcomm_workshop/dataset/V5/Data/43/43_recorder_1.wav,8000,1,PCM16 mono WAV,33552.896,16000,read_ok
43,R,/scratch/pkdas/IEEE_healthcomm_workshop/dataset/V5/Data/43/43_recorder_2.wav,8000,1,PCM16 mono WAV,4476.48,16000,read_ok
44,S,/scratch/pkdas/IEEE_healthcomm_workshop/dataset/V5/Data/44/44_phone.wav,8000,1,PCM16 mono WAV,38846.24,16000,read_ok
44,R,/scratch/pkdas/IEEE_healthcomm_workshop/dataset/V5/Data/44/44_recorder_1.wav,8000,1,PCM16 mono WAV,33552.896,16000,read_ok
44,R,/scratch/pkdas/IEEE_healthcomm_workshop/dataset/V5/Data/44/44_recorder_2.wav,8000,1,PCM16 mono WAV,5228.288,16000,read_ok
45,S,/scratch/pkdas/IEEE_healthcomm_workshop/dataset/V5/Data/45/45_phone.wav,8000,1,PCM16 mono WAV,40373.232,16000,read_ok
45,R,/scratch/pkdas/IEEE_healthcomm_workshop/dataset/V5/Data/45/45_recorder_1.wav,8000,1,PCM16 mono WAV,33552.832,16000,read_ok
45,R,/scratch/pkdas/IEEE_healthcomm_workshop/dataset/V5/Data/45/45_recorder_2.wav,8000,1,PCM16 mono WAV,6767.808,16000,read_ok
46,S,/scratch/pkdas/IEEE_healthcomm_workshop/dataset/V5/Data/46/46_phone.wav,8000,1,PCM16 mono WAV,40113.936,16000,read_ok
46,R,/scratch/pkdas/IEEE_healthcomm_workshop/dataset/V5/Data/46/46_recorder_1.wav,8000,1,PCM16 mono WAV,33552.896,16000,read_ok
46,R,/scratch/pkdas/IEEE_healthcomm_workshop/dataset/V5/Data/46/46_recorder_2.wav,8000,1,PCM16 mono WAV,6548.864,16000,read_ok
47,S,/scratch/pkdas/IEEE_healthcomm_workshop/dataset/V5/Data/47/47_phone.wav,8000,1,PCM16 mono WAV,36375.2,16000,read_ok
47,R,/scratch/pkdas/IEEE_healthcomm_workshop/dataset/V5/Data/47/47_recorder_1.wav,8000,1,PCM16 mono WAV,33552.896,16000,read_ok
47,R,/scratch/pkdas/IEEE_healthcomm_workshop/dataset/V5/Data/47/47_recorder_2.wav,8000,1,PCM16 mono WAV,2761.024,16000,read_ok
48,S,/scratch/pkdas/IEEE_healthcomm_workshop/dataset/V5/Data/48/48_phone.wav,8000,1,PCM16 mono WAV,35550.792,16000,read_ok
48,R,/scratch/pkdas/IEEE_healthcomm_workshop/dataset/V5/Data/48/48_recorder_1.wav,8000,1,PCM16 mono WAV,33552.896,16000,read_ok
48,R,/scratch/pkdas/IEEE_healthcomm_workshop/dataset/V5/Data/48/48_recorder_2.wav,8000,1,PCM16 mono WAV,1980.288,16000,read_ok
49,S,/scratch/pkdas/IEEE_healthcomm_workshop/dataset/V5/Data/49/49_phone.wav,8000,1,PCM16 mono WAV,37871.36,16000,read_ok
49,R,/scratch/pkdas/IEEE_healthcomm_workshop/dataset/V5/Data/49/49_recorder_1.wav,8000,1,PCM16 mono WAV,7200.128,16000,read_ok
49,R,/scratch/pkdas/IEEE_healthcomm_workshop/dataset/V5/Data/49/49_recorder_2.wav,8000,1,PCM16 mono WAV,7200.0,16000,read_ok
49,R,/scratch/pkdas/IEEE_healthcomm_workshop/dataset/V5/Data/49/49_recorder_3.wav,8000,1,PCM16 mono WAV,7200.0,16000,read_ok
49,R,/scratch/pkdas/IEEE_healthcomm_workshop/dataset/V5/Data/49/49_recorder_4.wav,8000,1,PCM16 mono WAV,7200.128,16000,read_ok
49,R,/scratch/pkdas/IEEE_healthcomm_workshop/dataset/V5/Data/49/49_recorder_5.wav,8000,1,PCM16 mono WAV,7200.0,16000,read_ok
49,R,/scratch/pkdas/IEEE_healthcomm_workshop/dataset/V5/Data/49/49_recorder_6.wav,8000,1,PCM16 mono WAV,1831.744,16000,read_ok
50,S,/scratch/pkdas/IEEE_healthcomm_workshop/dataset/V5/Data/50/50_phone.wav,8000,1,PCM16 mono WAV,39112.8,16000,read_ok
50,R,/scratch/pkdas/IEEE_healthcomm_workshop/dataset/V5/Data/50/50_recorder_1.wav,8000,1,PCM16 mono WAV,7200.128,16000,read_ok
50,R,/scratch/pkdas/IEEE_healthcomm_workshop/dataset/V5/Data/50/50_recorder_2.wav,8000,1,PCM16 mono WAV,7200.0,16000,read_ok
50,R,/scratch/pkdas/IEEE_healthcomm_workshop/dataset/V5/Data/50/50_recorder_3.wav,8000,1,PCM16 mono WAV,7200.128,16000,read_ok
50,R,/scratch/pkdas/IEEE_healthcomm_workshop/dataset/V5/Data/50/50_recorder_4.wav,8000,1,PCM16 mono WAV,7200.128,16000,read_ok
50,R,/scratch/pkdas/IEEE_healthcomm_workshop/dataset/V5/Data/50/50_recorder_5.wav,8000,1,PCM16 mono WAV,7200.064,16000,read_ok
50,R,/scratch/pkdas/IEEE_healthcomm_workshop/dataset/V5/Data/50/50_recorder_6.wav,8000,1,PCM16 mono WAV,3048.896,16000,read_ok
