representation,classifier,protocol,metric,point_estimate,bootstrap_mean,bootstrap_std,ci95_low,ci95_high,bootstrap_iterations,unit
classical,svm_rbf,R_R,f1,0.4762512271243935,0.4756165674019399,0.03267839177067967,0.4104266588347129,0.5373733996055448,2000,subject
classical,svm_rbf,R_R,balanced_accuracy,0.5474320877103979,0.5472886088698605,0.011773062689328692,0.5250175776149999,0.5702688194483306,2000,subject
classical,svm_rbf,R_R,roc_auc,0.583674525403816,0.583596218031812,0.016531218574574225,0.5515289036854425,0.6160548043439243,2000,subject
classical,svm_rbf,R_R,mcc,0.10763362812935265,0.10759288415401669,0.027030974527250742,0.05515121173292629,0.1607682867759095,2000,subject
classical,svm_rbf,S_S,f1,0.47191845294099194,0.47203236963588857,0.03517558280283692,0.40203463153556257,0.5390768644240539,2000,subject
classical,svm_rbf,S_S,balanced_accuracy,0.5553094630065385,0.5550793346928201,0.01237118093539942,0.5310773816931126,0.5783569510616627,2000,subject
classical,svm_rbf,S_S,roc_auc,0.5795136628735146,0.5788802707126541,0.018358129975657205,0.5428462437427696,0.6140157969503335,2000,subject
classical,svm_rbf,S_S,mcc,0.11130408272921309,0.11079888590240733,0.027705738219397653,0.05686417534418152,0.16402983653559522,2000,subject
classical,svm_rbf,R_S,f1,0.00415655566904673,0.004149462571264342,0.0034494747184260783,0.0,0.011875770977401083,2000,subject
classical,svm_rbf,R_S,balanced_accuracy,0.5005155598449375,0.500511650754224,0.000662008896121364,0.4996467270394408,0.5020435551603445,2000,subject
classical,svm_rbf,R_S,roc_auc,0.4863990303680291,0.48661720919627405,0.015093457741713431,0.4580906130683661,0.5168844091641425,2000,subject
classical,svm_rbf,R_S,mcc,0.0004942238714987136,0.0004093471529250215,0.004015102467747923,-0.006762912518668167,0.009059927693173375,2000,subject
classical,svm_rbf,S_R,f1,0.04650356337303805,0.04598500410230455,0.01644560032869491,0.01747708965877843,0.08093509689389178,2000,subject
classical,svm_rbf,S_R,balanced_accuracy,0.4920321398647838,0.4920647370216103,0.00369825357635773,0.48398831892523736,0.4986203195105125,2000,subject
classical,svm_rbf,S_R,roc_auc,0.46445830062362586,0.46393580125117523,0.01587839513014444,0.4325127233373653,0.49438478720404616,2000,subject
classical,svm_rbf,S_R,mcc,-0.02401830910056792,-0.024017187715822997,0.009818628835718811,-0.04446552456761691,-0.006571819753104035,2000,subject
wavlm_large,svm_rbf,R_R,f1,0.6360502385888469,0.6360410794187231,0.016923087898540263,0.6004337832729063,0.6672853705762956,2000,subject
wavlm_large,svm_rbf,R_R,balanced_accuracy,0.6113224779589406,0.6115385999935485,0.013847071387352737,0.5846751739076127,0.6366427833669412,2000,subject
wavlm_large,svm_rbf,R_R,roc_auc,0.6580362881477936,0.658292975047284,0.017363973546874828,0.625212720484469,0.6914138185012798,2000,subject
wavlm_large,svm_rbf,R_R,mcc,0.23532883748230915,0.23581415186092033,0.029559601494667024,0.17883603647163507,0.2895032859236407,2000,subject
wavlm_large,svm_rbf,S_S,f1,0.6193225196231504,0.6193311062851401,0.01693491109160156,0.5847437916879895,0.651596682361796,2000,subject
wavlm_large,svm_rbf,S_S,balanced_accuracy,0.6122503515874426,0.6121792758518497,0.013392752377486253,0.586720245861156,0.6386618781649895,2000,subject
wavlm_large,svm_rbf,S_S,roc_auc,0.6651653541371477,0.6651049531001011,0.017468533403670203,0.6312057487397474,0.7001769499411968,2000,subject
wavlm_large,svm_rbf,S_S,mcc,0.23666659601904247,0.23646973996585188,0.027474513828263488,0.18512517303177267,0.2899786970183759,2000,subject
wavlm_large,svm_rbf,R_S,f1,0.25463259555865136,0.25364156324097725,0.02469729389043769,0.20554305652430643,0.3024714230112768,2000,subject
wavlm_large,svm_rbf,R_S,balanced_accuracy,0.5335985187552246,0.5332929004669106,0.006493978805389956,0.5216819864754066,0.5466612157372034,2000,subject
wavlm_large,svm_rbf,R_S,roc_auc,0.5696501418283488,0.5689130754746119,0.018065438014088137,0.5328397724101211,0.6040487026838232,2000,subject
wavlm_large,svm_rbf,R_S,mcc,0.09388760990321104,0.09300624871041296,0.016459835567284805,0.06139522402766285,0.12614508586942083,2000,subject
wavlm_large,svm_rbf,S_R,f1,0.29860633908338086,0.2981930314701644,0.034086143414880914,0.232973357575505,0.36730051645730977,2000,subject
wavlm_large,svm_rbf,S_R,balanced_accuracy,0.5320464431242529,0.5318181706997333,0.008848218246177429,0.5146548964745903,0.5499826565382897,2000,subject
wavlm_large,svm_rbf,S_R,roc_auc,0.55683544945544,0.5566883594754285,0.014764230100493035,0.5279188730713577,0.5853826622788804,2000,subject
wavlm_large,svm_rbf,S_R,mcc,0.06518079464518566,0.06468877110699231,0.021057805557648628,0.023486250134359454,0.10676940769420826,2000,subject
data2vec_fusion,svm_rbf,R_R,f1,0.5546831301194395,0.5555009897612301,0.02693274229781234,0.5014508788774313,0.6079942079237136,2000,subject
data2vec_fusion,svm_rbf,R_R,balanced_accuracy,0.5748607960607585,0.5752203735060257,0.013947841326838486,0.5471553091672807,0.6015918101856127,2000,subject
data2vec_fusion,svm_rbf,R_R,roc_auc,0.6067997759578514,0.6074822914626783,0.018391859486313222,0.5707716831846934,0.6422753784220855,2000,subject
data2vec_fusion,svm_rbf,R_R,mcc,0.15993893188827651,0.16079782444245747,0.03030106768583017,0.10052647656267517,0.21873917642930887,2000,subject
data2vec_fusion,svm_rbf,S_S,f1,0.5828322311714494,0.5826716106307827,0.019943838247267254,0.5431192117332942,0.6196078990282969,2000,subject
data2vec_fusion,svm_rbf,S_S,balanced_accuracy,0.5999753983231839,0.5999632016708449,0.013553951315232704,0.5743506078347584,0.6272174857163476,2000,subject
data2vec_fusion,svm_rbf,S_S,roc_auc,0.6381065027303929,0.6383949945148089,0.01775074813303498,0.6039093632354463,0.6741351565573173,2000,subject
data2vec_fusion,svm_rbf,S_S,mcc,0.20913136254913356,0.209132249980756,0.02793893316455369,0.1563282035825211,0.2654073612280108,2000,subject
data2vec_fusion,svm_rbf,R_S,f1,0.29450476924866353,0.29526854235090155,0.030937219363904457,0.23778833171695535,0.3566425499867289,2000,subject
data2vec_fusion,svm_rbf,R_S,balanced_accuracy,0.5325023614129349,0.532673826355051,0.0091448859497602,0.5160029895140564,0.551411368461096,2000,subject
data2vec_fusion,svm_rbf,R_S,roc_auc,0.5788216351049846,0.5786009425350999,0.01580599586408853,0.5492021452798627,0.6110176172511264,2000,subject
data2vec_fusion,svm_rbf,R_S,mcc,0.07706533323615034,0.07749209612431292,0.020976223182555792,0.03771510783633046,0.11900907613724826,2000,subject
data2vec_fusion,svm_rbf,S_R,f1,0.3239317335722,0.32265374804335006,0.034079442594418766,0.25932121871211,0.39248693828517306,2000,subject
data2vec_fusion,svm_rbf,S_R,balanced_accuracy,0.524887287332427,0.5245383858849223,0.008072006029151,0.5089009421733226,0.540460990550261,2000,subject
data2vec_fusion,svm_rbf,S_R,roc_auc,0.5744540835121624,0.5742727639031091,0.014027488016643401,0.5475363669285896,0.6025110058576746,2000,subject
data2vec_fusion,svm_rbf,S_R,mcc,0.05772850729620464,0.056866784231579336,0.019312844538360227,0.018208143347774132,0.09486944878585055,2000,subject
full_fusion,svm_rbf,R_R,f1,0.5547313729905512,0.5541960954160626,0.022818198153497386,0.5084810067258619,0.5978733469094674,2000,subject
full_fusion,svm_rbf,R_R,balanced_accuracy,0.5782914321370939,0.5781391285754094,0.012801287975447167,0.5538093937537579,0.6026907936911376,2000,subject
full_fusion,svm_rbf,R_R,roc_auc,0.626438246494307,0.6259403466124864,0.016974693878589325,0.593373928511927,0.6587351608168655,2000,subject
full_fusion,svm_rbf,R_R,mcc,0.16704888705207727,0.16665361608299306,0.027037214001372774,0.1145851331632947,0.21858876485780412,2000,subject
full_fusion,svm_rbf,S_S,f1,0.5688250341824791,0.5690288192619671,0.01965436745456325,0.5297834073113034,0.6069267226795636,2000,subject
full_fusion,svm_rbf,S_S,balanced_accuracy,0.5951806066270218,0.5950978125323915,0.013302598024722579,0.5679682906579734,0.6206712591659836,2000,subject
full_fusion,svm_rbf,S_S,roc_auc,0.6426883504015177,0.6425162192875041,0.016839637292656667,0.6083004779771956,0.6746498931405468,2000,subject
full_fusion,svm_rbf,S_S,mcc,0.2006036182420121,0.20042511708892508,0.02732711316980173,0.14433418889206345,0.25244909560948,2000,subject
full_fusion,svm_rbf,R_S,f1,0.21178096425358872,0.2122606674500323,0.0317218716649746,0.15310221882232325,0.2762556132143403,2000,subject
full_fusion,svm_rbf,R_S,balanced_accuracy,0.5194993168120328,0.519675079445214,0.009560273725682222,0.5028703147862048,0.5396904093315887,2000,subject
full_fusion,svm_rbf,R_S,roc_auc,0.5821216957775239,0.5821298605598497,0.0165093993659585,0.5510698257116835,0.6147600642756067,2000,subject
full_fusion,svm_rbf,R_S,mcc,0.032854395348030016,0.03322797305013623,0.02251018355163192,-0.008792706654556165,0.0817813259371332,2000,subject
full_fusion,svm_rbf,S_R,f1,0.3002776476626214,0.30038416473102586,0.03275044453752236,0.23801874596504424,0.3653438137228208,2000,subject
full_fusion,svm_rbf,S_R,balanced_accuracy,0.535630326808969,0.5355795994835442,0.00899979197717403,0.5187547842062277,0.5539781524735057,2000,subject
full_fusion,svm_rbf,S_R,roc_auc,0.5845537286986863,0.5842081084143167,0.01484587666000886,0.5548607704751439,0.6134328512147649,2000,subject
full_fusion,svm_rbf,S_R,mcc,0.07042261008092886,0.0701793365019698,0.021370331797592904,0.028953498661055208,0.11338793455621257,2000,subject
full_fusion_plus_hear,svm_rbf,R_R,f1,0.5461059766500973,0.5463235953501141,0.023331484561701542,0.4983457420074118,0.5897640642919103,2000,subject
full_fusion_plus_hear,svm_rbf,R_R,balanced_accuracy,0.5775296484971361,0.5777609243227662,0.012963846211659264,0.5520682941767713,0.6029521739099908,2000,subject
full_fusion_plus_hear,svm_rbf,R_R,roc_auc,0.6242524171304167,0.624666046758843,0.016717197464648375,0.5930387809810069,0.657986106830434,2000,subject
full_fusion_plus_hear,svm_rbf,R_R,mcc,0.16441163602296818,0.16493073722449025,0.02734943368360901,0.10987052069676753,0.21836615037343723,2000,subject
full_fusion_plus_hear,svm_rbf,S_S,f1,0.5777378238084964,0.5769552629868276,0.020276915999397186,0.535887321410002,0.6161307970236184,2000,subject
full_fusion_plus_hear,svm_rbf,S_S,balanced_accuracy,0.5999846018653547,0.599356479814066,0.014126820009346432,0.5727161562712593,0.6278095921125156,2000,subject
full_fusion_plus_hear,svm_rbf,S_S,roc_auc,0.6466388897648665,0.645723714687949,0.018102932552986947,0.6119782605850541,0.6815319514152688,2000,subject
full_fusion_plus_hear,svm_rbf,S_S,mcc,0.21010244654818988,0.2088317839925097,0.02885313594122843,0.1539473580215921,0.26572390622460795,2000,subject
full_fusion_plus_hear,svm_rbf,R_S,f1,0.0992571024518598,0.09906632171604642,0.022570514609121906,0.05904713538609948,0.14517563023419475,2000,subject
full_fusion_plus_hear,svm_rbf,R_S,balanced_accuracy,0.5096440241171025,0.5096677848184362,0.004873895009653093,0.5016090727975466,0.5205165785242417,2000,subject
full_fusion_plus_hear,svm_rbf,R_S,roc_auc,0.5709935731668594,0.5711559095361876,0.014283873364871618,0.541781001643456,0.5988395892194371,2000,subject
full_fusion_plus_hear,svm_rbf,R_S,mcc,0.025896477267115487,0.02611740266352532,0.013047455465187168,0.0025966276431383896,0.053644695468675015,2000,subject
full_fusion_plus_hear,svm_rbf,S_R,f1,0.28785402479096706,0.2873373568658393,0.03211071328476703,0.22337121759058454,0.3489647088853653,2000,subject
full_fusion_plus_hear,svm_rbf,S_R,balanced_accuracy,0.5347208029698811,0.534457049481211,0.008705691276877921,0.5173579084579408,0.5525391047969289,2000,subject
full_fusion_plus_hear,svm_rbf,S_R,roc_auc,0.5833204290788045,0.5829567923800978,0.0134994653786488,0.5548034336633572,0.6085566577387648,2000,subject
full_fusion_plus_hear,svm_rbf,S_R,mcc,0.07161591883978892,0.07095093446008187,0.020901066638382117,0.030129590258098648,0.11516324475845309,2000,subject
